{
"type": "FeatureCollection",
"name": "bhopal_wards",
"features": [
{ "type": "Feature", "properties": { "objectid": 1, "townname": "Bhopal", "towncensuscode2011": 802312, "town_lgd_code": 250946, "ward_lgd_code": 32961, "ward_lgd_name": "Ravindra Nath Tagore", "sourcewardcode": 34, "state": "Madhya Pradesh" }, "geometry": { "type": "Polygon", "coordinates": [ [ [ 77.4123542, 23.2536677, 0.0 ], [ 77.4119095, 23.2539888, 0.0 ], [ 77.4117164, 23.2540989, 0.0 ], [ 77.4088315, 23.2548602, 0.0 ], [ 77.408752, 23.2544228, 0.0 ], [ 77.4088726, 23.2542941, 0.0 ], [ 77.4087366, 23.2536682, 0.0 ], [ 77.4086617, 23.2535775, 0.0 ], [ 77.4086192, 23.2535119, 0.0 ], [ 77.4083207, 23.2533926, 0.0 ], [ 77.4082132, 23.2533154, 0.0 ], [ 77.4080313, 23.2530159, 0.0 ], [ 77.4080279, 23.2527442, 0.0 ], [ 77.4080272, 23.2527085, 0.0 ], [ 77.4080016, 23.2527119, 0.0 ], [ 77.4079039, 23.2527298, 0.0 ], [ 77.4076284, 23.2525378, 0.0 ], [ 77.4074749, 23.2524097, 0.0 ], [ 77.4073008, 23.2522252, 0.0 ], [ 77.4072921, 23.252216, 0.0 ], [ 77.4071987, 23.2520943, 0.0 ], [ 77.4071511, 23.2520333, 0.0 ], [ 77.4070966, 23.2519864, 0.0 ], [ 77.407049, 23.2519583, 0.0 ], [ 77.4069775, 23.2519176, 0.0 ], [ 77.4066989, 23.2517091, 0.0 ], [ 77.4066377, 23.251648, 0.0 ], [ 77.4062523, 23.251499, 0.0 ], [ 77.4055512, 23.2511686, 0.0 ], [ 77.4055816, 23.2509854, 0.0 ], [ 77.4056781, 23.2504025, 0.0 ], [ 77.4052077, 23.2502169, 0.0 ], [ 77.4041877, 23.2498786, 0.0 ], [ 77.4038217, 23.2497384, 0.0 ], [ 77.4030035, 23.2497685, 0.0 ], [ 77.4029933, 23.2498263, 0.0 ], [ 77.4022489, 23.2498502, 0.0 ], [ 77.4018756, 23.2498622, 0.0 ], [ 77.4018569, 23.2499398, 0.0 ], [ 77.4018484, 23.2499748, 0.0 ], [ 77.4016897, 23.2499754, 0.0 ], [ 77.4014265, 23.2499763, 0.0 ], [ 77.4011135, 23.2499529, 0.0 ], [ 77.4010012, 23.2499529, 0.0 ], [ 77.4008873, 23.2499529, 0.0 ], [ 77.4007001, 23.249981, 0.0 ], [ 77.4004024, 23.2500545, 0.0 ], [ 77.4003327, 23.2500717, 0.0 ], [ 77.4002323, 23.2500764, 0.0 ], [ 77.4001779, 23.2500733, 0.0 ], [ 77.4001183, 23.2500717, 0.0 ], [ 77.4000775, 23.2500764, 0.0 ], [ 77.4000486, 23.2500858, 0.0 ], [ 77.4000094, 23.2501092, 0.0 ], [ 77.3999822, 23.2501327, 0.0 ], [ 77.3999686, 23.2501498, 0.0 ], [ 77.3999142, 23.2502061, 0.0 ], [ 77.3998801, 23.2502342, 0.0 ], [ 77.3998308, 23.2502577, 0.0 ], [ 77.399477, 23.250353, 0.0 ], [ 77.3992626, 23.2503968, 0.0 ], [ 77.3988471, 23.2506336, 0.0 ], [ 77.3985668, 23.250761, 0.0 ], [ 77.3982273, 23.2509778, 0.0 ], [ 77.3981195, 23.2509189, 0.0 ], [ 77.3979943, 23.2508162, 0.0 ], [ 77.3978645, 23.2506831, 0.0 ], [ 77.3978578, 23.2506662, 0.0 ], [ 77.3978607, 23.2506565, 0.0 ], [ 77.397861, 23.2506495, 0.0 ], [ 77.3978569, 23.2506407, 0.0 ], [ 77.3978237, 23.2505997, 0.0 ], [ 77.3977105, 23.2505211, 0.0 ], [ 77.3975966, 23.2504513, 0.0 ], [ 77.3974429, 23.2502822, 0.0 ], [ 77.3973651, 23.2501653, 0.0 ], [ 77.3973556, 23.250113, 0.0 ], [ 77.397348, 23.2500694, 0.0 ], [ 77.3973651, 23.2499979, 0.0 ], [ 77.3973935, 23.2499334, 0.0 ], [ 77.3974638, 23.2498409, 0.0 ], [ 77.3975131, 23.2497903, 0.0 ], [ 77.3975435, 23.2497642, 0.0 ], [ 77.3976232, 23.2497433, 0.0 ], [ 77.3976574, 23.2497154, 0.0 ], [ 77.3977238, 23.2496229, 0.0 ], [ 77.3978206, 23.2495706, 0.0 ], [ 77.3979269, 23.2495427, 0.0 ], [ 77.3980185, 23.2495534, 0.0 ], [ 77.3980661, 23.2495374, 0.0 ], [ 77.3982767, 23.2493962, 0.0 ], [ 77.4045629, 23.2466277, 0.0 ], [ 77.4047141, 23.2463744, 0.0 ], [ 77.4046785, 23.2460394, 0.0 ], [ 77.4044028, 23.2458024, 0.0 ], [ 77.4039581, 23.2455083, 0.0 ], [ 77.4036202, 23.2452631, 0.0 ], [ 77.4033, 23.2450261, 0.0 ], [ 77.4029265, 23.2448464, 0.0 ], [ 77.4026953, 23.2446666, 0.0 ], [ 77.4025263, 23.2445277, 0.0 ], [ 77.4022773, 23.2441927, 0.0 ], [ 77.4020105, 23.2440148, 0.0 ], [ 77.4017999, 23.2438893, 0.0 ], [ 77.4016064, 23.2436017, 0.0 ], [ 77.401521, 23.2433977, 0.0 ], [ 77.401447, 23.2432408, 0.0 ], [ 77.4013502, 23.2430421, 0.0 ], [ 77.4012592, 23.2429375, 0.0 ], [ 77.4011802, 23.2427923, 0.0 ], [ 77.4011768, 23.2427306, 0.0 ], [ 77.4012171, 23.2426658, 0.0 ], [ 77.4013951, 23.2425331, 0.0 ], [ 77.4017444, 23.2422646, 0.0 ], [ 77.4009617, 23.2417872, 0.0 ], [ 77.4028539, 23.2388146, 0.0 ], [ 77.4018627, 23.238074, 0.0 ], [ 77.4025779, 23.2371912, 0.0 ], [ 77.4027141, 23.2370546, 0.0 ], [ 77.402834, 23.2369664, 0.0 ], [ 77.403682, 23.2376557, 0.0 ], [ 77.4041518, 23.2379412, 0.0 ], [ 77.4041656, 23.2379495, 0.0 ], [ 77.4041902, 23.2379645, 0.0 ], [ 77.4043648, 23.2381006, 0.0 ], [ 77.4045188, 23.2382055, 0.0 ], [ 77.4046267, 23.2382627, 0.0 ], [ 77.4048273, 23.2383355, 0.0 ], [ 77.4053164, 23.2384732, 0.0 ], [ 77.4058401, 23.238623, 0.0 ], [ 77.4060903, 23.2387567, 0.0 ], [ 77.4074616, 23.2393974, 0.0 ], [ 77.407759, 23.2395241, 0.0 ], [ 77.4092267, 23.2400127, 0.0 ], [ 77.4093915, 23.2400885, 0.0 ], [ 77.4100906, 23.2404793, 0.0 ], [ 77.4102155, 23.2405647, 0.0 ], [ 77.4103006, 23.2406307, 0.0 ], [ 77.410375, 23.2407015, 0.0 ], [ 77.4115429, 23.2419468, 0.0 ], [ 77.4129667, 23.2425187, 0.0 ], [ 77.4130116, 23.2426022, 0.0 ], [ 77.4133466, 23.2431864, 0.0 ], [ 77.4140166, 23.2429375, 0.0 ], [ 77.416792, 23.2421045, 0.0 ], [ 77.4170436, 23.2420379, 0.0 ], [ 77.4172264, 23.2420207, 0.0 ], [ 77.4181102, 23.2420947, 0.0 ], [ 77.4189675, 23.242181, 0.0 ], [ 77.4193795, 23.2421708, 0.0 ], [ 77.4198798, 23.2421211, 0.0 ], [ 77.4203507, 23.2420412, 0.0 ], [ 77.4206453, 23.2419864, 0.0 ], [ 77.4208001, 23.2419455, 0.0 ], [ 77.4208739, 23.2419204, 0.0 ], [ 77.4209958, 23.241866, 0.0 ], [ 77.4213283, 23.2416875, 0.0 ], [ 77.4215104, 23.2415082, 0.0 ], [ 77.4216092, 23.2417585, 0.0 ], [ 77.4216161, 23.2417973, 0.0 ], [ 77.4216181, 23.2418079, 0.0 ], [ 77.4216189, 23.2418175, 0.0 ], [ 77.4216192, 23.2418265, 0.0 ], [ 77.4216153, 23.241867, 0.0 ], [ 77.4215817, 23.2420445, 0.0 ], [ 77.4215365, 23.2422334, 0.0 ], [ 77.421462, 23.242368, 0.0 ], [ 77.4213993, 23.2424445, 0.0 ], [ 77.4212929, 23.2425286, 0.0 ], [ 77.4210788, 23.242612, 0.0 ], [ 77.4204172, 23.2428139, 0.0 ], [ 77.4198014, 23.2430281, 0.0 ], [ 77.4195538, 23.243135, 0.0 ], [ 77.419148, 23.2433814, 0.0 ], [ 77.4188236, 23.2436703, 0.0 ], [ 77.4185164, 23.2439146, 0.0 ], [ 77.4183254, 23.2440801, 0.0 ], [ 77.4182038, 23.2442258, 0.0 ], [ 77.418031, 23.2445217, 0.0 ], [ 77.4182113, 23.2447463, 0.0 ], [ 77.418711, 23.2448766, 0.0 ], [ 77.4195204, 23.2449734, 0.0 ], [ 77.4196467, 23.2450889, 0.0 ], [ 77.4199257, 23.2451692, 0.0 ], [ 77.4200227, 23.2451983, 0.0 ], [ 77.4210441, 23.2460314, 0.0 ], [ 77.421131, 23.2461021, 0.0 ], [ 77.4209918, 23.2461478, 0.0 ], [ 77.4212794, 23.2475127, 0.0 ], [ 77.4209922, 23.2475697, 0.0 ], [ 77.4212499, 23.2484397, 0.0 ], [ 77.4215479, 23.2483753, 0.0 ], [ 77.4215678, 23.2484363, 0.0 ], [ 77.4217902, 23.2491053, 0.0 ], [ 77.4220408, 23.2499311, 0.0 ], [ 77.4220864, 23.2500695, 0.0 ], [ 77.4219928, 23.2501977, 0.0 ], [ 77.4209987, 23.2495372, 0.0 ], [ 77.4206006, 23.2492731, 0.0 ], [ 77.4202623, 23.2491338, 0.0 ], [ 77.4197874, 23.248997, 0.0 ], [ 77.4193572, 23.248839, 0.0 ], [ 77.4190859, 23.2486957, 0.0 ], [ 77.4188615, 23.2485382, 0.0 ], [ 77.418684, 23.2484224, 0.0 ], [ 77.418369, 23.2483326, 0.0 ], [ 77.4180904, 23.2482911, 0.0 ], [ 77.41744, 23.2482517, 0.0 ], [ 77.4167434, 23.248186, 0.0 ], [ 77.4158236, 23.2481182, 0.0 ], [ 77.4155885, 23.2481066, 0.0 ], [ 77.4153651, 23.2480993, 0.0 ], [ 77.4154028, 23.2487543, 0.0 ], [ 77.4153704, 23.2492708, 0.0 ], [ 77.4153781, 23.2498869, 0.0 ], [ 77.415402, 23.250661, 0.0 ], [ 77.4153479, 23.2513078, 0.0 ], [ 77.4153878, 23.2518237, 0.0 ], [ 77.4154376, 23.2521659, 0.0 ], [ 77.4150697, 23.2522723, 0.0 ], [ 77.414774, 23.2523251, 0.0 ], [ 77.4144487, 23.2523416, 0.0 ], [ 77.4141713, 23.2523843, 0.0 ], [ 77.4140707, 23.2524235, 0.0 ], [ 77.4123542, 23.2536677, 0.0 ] ] ] } },
{ "type": "Feature", "properties": { "objectid": 2, "townname": "Bhopal", "towncensuscode2011": 802312, "town_lgd_code": 250946, "ward_lgd_code": 32962, "ward_lgd_name": "Jahangirabad Ward", "sourcewardcode": 35, "state": "Madhya Pradesh" }, "geometry": { "type": "Polygon", "coordinates": [ [ [ 77.4189231, 23.2539845, 0.0 ], [ 77.4190298, 23.2540875, 0.0 ], [ 77.4190612, 23.2541309, 0.0 ], [ 77.4191896, 23.2543852, 0.0 ], [ 77.4190142, 23.2545113, 0.0 ], [ 77.4189141, 23.2545511, 0.0 ], [ 77.4191146, 23.2549647, 0.0 ], [ 77.4192553, 23.2551534, 0.0 ], [ 77.4192777, 23.2551824, 0.0 ], [ 77.4174864, 23.2564696, 0.0 ], [ 77.4160121, 23.2574763, 0.0 ], [ 77.4155932, 23.2576913, 0.0 ], [ 77.4154329, 23.2577475, 0.0 ], [ 77.4145659, 23.2579832, 0.0 ], [ 77.4145018, 23.2579967, 0.0 ], [ 77.4143978, 23.2580187, 0.0 ], [ 77.4137947, 23.2581459, 0.0 ], [ 77.4135265, 23.2582419, 0.0 ], [ 77.4130056, 23.2585291, 0.0 ], [ 77.4123352, 23.2589424, 0.0 ], [ 77.4121012, 23.2590435, 0.0 ], [ 77.4119122, 23.259092, 0.0 ], [ 77.4105716, 23.259013, 0.0 ], [ 77.4105207, 23.258574, 0.0 ], [ 77.4104935, 23.2583395, 0.0 ], [ 77.4104725, 23.2577554, 0.0 ], [ 77.4104601, 23.2574072, 0.0 ], [ 77.4104552, 23.2572709, 0.0 ], [ 77.4104453, 23.2571318, 0.0 ], [ 77.4104395, 23.2570489, 0.0 ], [ 77.4104378, 23.2570114, 0.0 ], [ 77.4104242, 23.256952, 0.0 ], [ 77.4103952, 23.2568801, 0.0 ], [ 77.4103352, 23.256779, 0.0 ], [ 77.4090252, 23.2550873, 0.0 ], [ 77.4088315, 23.2548602, 0.0 ], [ 77.4117164, 23.2540989, 0.0 ], [ 77.4119095, 23.2539888, 0.0 ], [ 77.4123542, 23.2536677, 0.0 ], [ 77.4140707, 23.2524235, 0.0 ], [ 77.4141713, 23.2523843, 0.0 ], [ 77.4144487, 23.2523416, 0.0 ], [ 77.414774, 23.2523251, 0.0 ], [ 77.4150697, 23.2522723, 0.0 ], [ 77.4154376, 23.2521659, 0.0 ], [ 77.4160343, 23.2519658, 0.0 ], [ 77.4162087, 23.2519276, 0.0 ], [ 77.4166111, 23.2518565, 0.0 ], [ 77.4171786, 23.2517448, 0.0 ], [ 77.4178258, 23.2515909, 0.0 ], [ 77.417885, 23.2517173, 0.0 ], [ 77.4179152, 23.2518015, 0.0 ], [ 77.4179479, 23.2519258, 0.0 ], [ 77.4179643, 23.25199, 0.0 ], [ 77.417957, 23.252201, 0.0 ], [ 77.4179728, 23.2523489, 0.0 ], [ 77.4180097, 23.2524828, 0.0 ], [ 77.4180424, 23.2527286, 0.0 ], [ 77.4181367, 23.2529845, 0.0 ], [ 77.4181894, 23.2531364, 0.0 ], [ 77.4181931, 23.2532505, 0.0 ], [ 77.4181605, 23.2534773, 0.0 ], [ 77.4181232, 23.2537109, 0.0 ], [ 77.4181315, 23.2538406, 0.0 ], [ 77.4181513, 23.2539086, 0.0 ], [ 77.4182853, 23.2539, 0.0 ], [ 77.4185157, 23.2538892, 0.0 ], [ 77.4186136, 23.2539161, 0.0 ], [ 77.4187288, 23.2539797, 0.0 ], [ 77.4188509, 23.2539747, 0.0 ], [ 77.4189231, 23.2539845, 0.0 ] ] ] } },
{ "type": "Feature", "properties": { "objectid": 3, "townname": "Bhopal", "towncensuscode2011": 802312, "town_lgd_code": 250946, "ward_lgd_code": 34366, "ward_lgd_name": "Maharani Laxmibai Ward", "sourcewardcode": 42, "state": "Madhya Pradesh" }, "geometry": { "type": "Polygon", "coordinates": [ [ [ 77.4207756, 23.2541225, 0.0 ], [ 77.4205311, 23.2542924, 0.0 ], [ 77.4202632, 23.2544785, 0.0 ], [ 77.4192777, 23.2551824, 0.0 ], [ 77.4192553, 23.2551534, 0.0 ], [ 77.4191146, 23.2549647, 0.0 ], [ 77.4189141, 23.2545511, 0.0 ], [ 77.4190142, 23.2545113, 0.0 ], [ 77.4191896, 23.2543852, 0.0 ], [ 77.4190612, 23.2541309, 0.0 ], [ 77.4190298, 23.2540875, 0.0 ], [ 77.4189231, 23.2539845, 0.0 ], [ 77.4188509, 23.2539747, 0.0 ], [ 77.4187288, 23.2539797, 0.0 ], [ 77.4186136, 23.2539161, 0.0 ], [ 77.4185157, 23.2538892, 0.0 ], [ 77.4182853, 23.2539, 0.0 ], [ 77.4181513, 23.2539086, 0.0 ], [ 77.4181315, 23.2538406, 0.0 ], [ 77.4181232, 23.2537109, 0.0 ], [ 77.4181605, 23.2534773, 0.0 ], [ 77.4181931, 23.2532505, 0.0 ], [ 77.4181894, 23.2531364, 0.0 ], [ 77.4181367, 23.2529845, 0.0 ], [ 77.4180424, 23.2527286, 0.0 ], [ 77.4180097, 23.2524828, 0.0 ], [ 77.4179728, 23.2523489, 0.0 ], [ 77.417957, 23.252201, 0.0 ], [ 77.4179643, 23.25199, 0.0 ], [ 77.4179479, 23.2519258, 0.0 ], [ 77.4179152, 23.2518015, 0.0 ], [ 77.417885, 23.2517173, 0.0 ], [ 77.4178258, 23.2515909, 0.0 ], [ 77.4171786, 23.2517448, 0.0 ], [ 77.4166111, 23.2518565, 0.0 ], [ 77.4162087, 23.2519276, 0.0 ], [ 77.4160343, 23.2519658, 0.0 ], [ 77.4154376, 23.2521659, 0.0 ], [ 77.4153878, 23.2518237, 0.0 ], [ 77.4153479, 23.2513078, 0.0 ], [ 77.415402, 23.250661, 0.0 ], [ 77.4153781, 23.2498869, 0.0 ], [ 77.4153704, 23.2492708, 0.0 ], [ 77.4154028, 23.2487543, 0.0 ], [ 77.4153651, 23.2480993, 0.0 ], [ 77.4155885, 23.2481066, 0.0 ], [ 77.4158236, 23.2481182, 0.0 ], [ 77.4167434, 23.248186, 0.0 ], [ 77.41744, 23.2482517, 0.0 ], [ 77.4180904, 23.2482911, 0.0 ], [ 77.418369, 23.2483326, 0.0 ], [ 77.418684, 23.2484224, 0.0 ], [ 77.4188615, 23.2485382, 0.0 ], [ 77.4190859, 23.2486957, 0.0 ], [ 77.4193572, 23.248839, 0.0 ], [ 77.4197874, 23.248997, 0.0 ], [ 77.4202623, 23.2491338, 0.0 ], [ 77.4206006, 23.2492731, 0.0 ], [ 77.4209987, 23.2495372, 0.0 ], [ 77.4219928, 23.2501977, 0.0 ], [ 77.4220864, 23.2500695, 0.0 ], [ 77.4220408, 23.2499311, 0.0 ], [ 77.4217902, 23.2491053, 0.0 ], [ 77.4215678, 23.2484363, 0.0 ], [ 77.4215479, 23.2483753, 0.0 ], [ 77.4212499, 23.2484397, 0.0 ], [ 77.4209922, 23.2475697, 0.0 ], [ 77.4212794, 23.2475127, 0.0 ], [ 77.4209918, 23.2461478, 0.0 ], [ 77.421131, 23.2461021, 0.0 ], [ 77.421346, 23.2462888, 0.0 ], [ 77.4217998, 23.2467034, 0.0 ], [ 77.4225137, 23.2473417, 0.0 ], [ 77.4226298, 23.247429, 0.0 ], [ 77.4226118, 23.2477192, 0.0 ], [ 77.4237163, 23.2476798, 0.0 ], [ 77.4237724, 23.2477763, 0.0 ], [ 77.4234829, 23.2481802, 0.0 ], [ 77.4233394, 23.2483858, 0.0 ], [ 77.4231185, 23.2486884, 0.0 ], [ 77.4226505, 23.2493912, 0.0 ], [ 77.4224017, 23.2497916, 0.0 ], [ 77.4222577, 23.2500147, 0.0 ], [ 77.4223053, 23.2502043, 0.0 ], [ 77.4223146, 23.2502413, 0.0 ], [ 77.4226549, 23.2502098, 0.0 ], [ 77.4231967, 23.2501538, 0.0 ], [ 77.4238102, 23.2500793, 0.0 ], [ 77.4245447, 23.2513338, 0.0 ], [ 77.4245539, 23.2515384, 0.0 ], [ 77.4207756, 23.2541225, 0.0 ] ] ] } },
{ "type": "Feature", "properties": { "objectid": 4, "townname": "Bhopal", "towncensuscode2011": 802312, "town_lgd_code": 250946, "ward_lgd_code": 32960, "ward_lgd_name": "Pt. Madanmohan Malviya", "sourcewardcode": 33, "state": "Madhya Pradesh" }, "geometry": { "type": "Polygon", "coordinates": [ [ [ 77.4170436, 23.2420379, 0.0 ], [ 77.416792, 23.2421045, 0.0 ], [ 77.4140166, 23.2429375, 0.0 ], [ 77.4133466, 23.2431864, 0.0 ], [ 77.4130116, 23.2426022, 0.0 ], [ 77.4129667, 23.2425187, 0.0 ], [ 77.4115429, 23.2419468, 0.0 ], [ 77.410375, 23.2407015, 0.0 ], [ 77.4103006, 23.2406307, 0.0 ], [ 77.4102155, 23.2405647, 0.0 ], [ 77.4100906, 23.2404793, 0.0 ], [ 77.4093915, 23.2400885, 0.0 ], [ 77.4092267, 23.2400127, 0.0 ], [ 77.407759, 23.2395241, 0.0 ], [ 77.4074616, 23.2393974, 0.0 ], [ 77.4060903, 23.2387567, 0.0 ], [ 77.4058401, 23.238623, 0.0 ], [ 77.4053164, 23.2384732, 0.0 ], [ 77.4048273, 23.2383355, 0.0 ], [ 77.4046267, 23.2382627, 0.0 ], [ 77.4045188, 23.2382055, 0.0 ], [ 77.4043648, 23.2381006, 0.0 ], [ 77.4041902, 23.2379645, 0.0 ], [ 77.4041656, 23.2379495, 0.0 ], [ 77.4041518, 23.2379412, 0.0 ], [ 77.404416, 23.2378458, 0.0 ], [ 77.4050829, 23.2377418, 0.0 ], [ 77.4058385, 23.2376328, 0.0 ], [ 77.406628, 23.2375754, 0.0 ], [ 77.4076311, 23.2375925, 0.0 ], [ 77.409053, 23.2376779, 0.0 ], [ 77.4097266, 23.2378069, 0.0 ], [ 77.4105312, 23.2381496, 0.0 ], [ 77.4107878, 23.2378052, 0.0 ], [ 77.4118934, 23.2377424, 0.0 ], [ 77.4121106, 23.2374787, 0.0 ], [ 77.4119892, 23.2371166, 0.0 ], [ 77.4123515, 23.2366518, 0.0 ], [ 77.412158, 23.236284, 0.0 ], [ 77.4124002, 23.2362166, 0.0 ], [ 77.4122611, 23.2354977, 0.0 ], [ 77.4124935, 23.2339704, 0.0 ], [ 77.4128274, 23.2337147, 0.0 ], [ 77.4134551, 23.2329689, 0.0 ], [ 77.4142288, 23.2327559, 0.0 ], [ 77.4157738, 23.2323819, 0.0 ], [ 77.416617, 23.2321567, 0.0 ], [ 77.4165351, 23.2315098, 0.0 ], [ 77.4186334, 23.2313054, 0.0 ], [ 77.4186869, 23.2316268, 0.0 ], [ 77.4186971, 23.2316791, 0.0 ], [ 77.4187214, 23.231735, 0.0 ], [ 77.4187539, 23.2317966, 0.0 ], [ 77.4187884, 23.2318376, 0.0 ], [ 77.4188209, 23.2318656, 0.0 ], [ 77.4188737, 23.2318917, 0.0 ], [ 77.4190604, 23.2319364, 0.0 ], [ 77.4202071, 23.232088, 0.0 ], [ 77.4204826, 23.232132, 0.0 ], [ 77.4213802, 23.2322255, 0.0 ], [ 77.4216319, 23.2322311, 0.0 ], [ 77.4218125, 23.232233, 0.0 ], [ 77.4221555, 23.2322218, 0.0 ], [ 77.4233997, 23.2321491, 0.0 ], [ 77.4235478, 23.2321472, 0.0 ], [ 77.4236676, 23.2321472, 0.0 ], [ 77.4238645, 23.2321565, 0.0 ], [ 77.4240065, 23.2321696, 0.0 ], [ 77.424315, 23.2322069, 0.0 ], [ 77.4247169, 23.2322759, 0.0 ], [ 77.4250213, 23.2323412, 0.0 ], [ 77.4253806, 23.2324456, 0.0 ], [ 77.4256891, 23.2325482, 0.0 ], [ 77.4259712, 23.2326936, 0.0 ], [ 77.4260581, 23.2327422, 0.0 ], [ 77.4261415, 23.2327947, 0.0 ], [ 77.4261779, 23.2328176, 0.0 ], [ 77.4263582, 23.2329805, 0.0 ], [ 77.4266109, 23.2332502, 0.0 ], [ 77.4266585, 23.2333245, 0.0 ], [ 77.4267215, 23.2334228, 0.0 ], [ 77.4267571, 23.2334987, 0.0 ], [ 77.4267842, 23.2335965, 0.0 ], [ 77.426812, 23.2338025, 0.0 ], [ 77.4268312, 23.2344419, 0.0 ], [ 77.4268326, 23.2348395, 0.0 ], [ 77.4268398, 23.2351188, 0.0 ], [ 77.4263994, 23.2351737, 0.0 ], [ 77.4257214, 23.2352608, 0.0 ], [ 77.4256045, 23.2352823, 0.0 ], [ 77.4254712, 23.2353061, 0.0 ], [ 77.4249631, 23.2354183, 0.0 ], [ 77.4248531, 23.2354427, 0.0 ], [ 77.4247382, 23.2354737, 0.0 ], [ 77.4240242, 23.2356976, 0.0 ], [ 77.4238688, 23.2357463, 0.0 ], [ 77.4236809, 23.2358115, 0.0 ], [ 77.4236595, 23.2358221, 0.0 ], [ 77.4236458, 23.2358299, 0.0 ], [ 77.4236349, 23.2358381, 0.0 ], [ 77.4236274, 23.2358468, 0.0 ], [ 77.4235566, 23.2359307, 0.0 ], [ 77.4235333, 23.2359651, 0.0 ], [ 77.4235209, 23.2359934, 0.0 ], [ 77.4235092, 23.2360277, 0.0 ], [ 77.4235001, 23.2360636, 0.0 ], [ 77.4234536, 23.2362574, 0.0 ], [ 77.4234399, 23.2363145, 0.0 ], [ 77.4234211, 23.2363816, 0.0 ], [ 77.4233953, 23.2364739, 0.0 ], [ 77.4233903, 23.236496, 0.0 ], [ 77.4233804, 23.2365227, 0.0 ], [ 77.4233554, 23.2365564, 0.0 ], [ 77.423171, 23.2367405, 0.0 ], [ 77.4235281, 23.237778, 0.0 ], [ 77.4236786, 23.2382213, 0.0 ], [ 77.4237952, 23.2384639, 0.0 ], [ 77.4238393, 23.238536, 0.0 ], [ 77.4238648, 23.2385684, 0.0 ], [ 77.4241419, 23.2388737, 0.0 ], [ 77.4242718, 23.2390158, 0.0 ], [ 77.4242409, 23.2390457, 0.0 ], [ 77.4238326, 23.239442, 0.0 ], [ 77.4230994, 23.2401144, 0.0 ], [ 77.422436, 23.2407386, 0.0 ], [ 77.4224214, 23.240752, 0.0 ], [ 77.4222925, 23.2408575, 0.0 ], [ 77.4221968, 23.2409358, 0.0 ], [ 77.4221736, 23.2409552, 0.0 ], [ 77.4219917, 23.2410968, 0.0 ], [ 77.4217986, 23.2412539, 0.0 ], [ 77.4217744, 23.2412776, 0.0 ], [ 77.4215104, 23.2415082, 0.0 ], [ 77.4213283, 23.2416875, 0.0 ], [ 77.4209958, 23.241866, 0.0 ], [ 77.4208739, 23.2419204, 0.0 ], [ 77.4208001, 23.2419455, 0.0 ], [ 77.4206453, 23.2419864, 0.0 ], [ 77.4203507, 23.2420412, 0.0 ], [ 77.4198798, 23.2421211, 0.0 ], [ 77.4193795, 23.2421708, 0.0 ], [ 77.4189675, 23.242181, 0.0 ], [ 77.4181102, 23.2420947, 0.0 ], [ 77.4172264, 23.2420207, 0.0 ], [ 77.4170436, 23.2420379, 0.0 ] ] ] } },
{ "type": "Feature", "properties": { "objectid": 5, "townname": "Bhopal", "towncensuscode2011": 802312, "town_lgd_code": 250946, "ward_lgd_code": 34369, "ward_lgd_name": "Indira Gandhi Ward", "sourcewardcode": 45, "state": "Madhya Pradesh" }, "geometry": { "type": "Polygon", "coordinates": [ [ [ 77.4383465, 23.2280565, 0.0 ], [ 77.4367959, 23.2338244, 0.0 ], [ 77.4358924, 23.2336281, 0.0 ], [ 77.4352468, 23.2334938, 0.0 ], [ 77.4351561, 23.2334732, 0.0 ], [ 77.4349949, 23.2334086, 0.0 ], [ 77.4348768, 23.2333604, 0.0 ], [ 77.434718, 23.2332846, 0.0 ], [ 77.4346648, 23.2332571, 0.0 ], [ 77.4346332, 23.2332357, 0.0 ], [ 77.4344521, 23.2330876, 0.0 ], [ 77.4344207, 23.2330576, 0.0 ], [ 77.4341682, 23.232808, 0.0 ], [ 77.4340255, 23.2326684, 0.0 ], [ 77.4326298, 23.2312751, 0.0 ], [ 77.4331052, 23.2307444, 0.0 ], [ 77.4337118, 23.2300598, 0.0 ], [ 77.4338879, 23.2298262, 0.0 ], [ 77.4340396, 23.2295957, 0.0 ], [ 77.4342835, 23.229175, 0.0 ], [ 77.4347048, 23.2282533, 0.0 ], [ 77.4351426, 23.2273541, 0.0 ], [ 77.4351854, 23.2272644, 0.0 ], [ 77.4355208, 23.2265605, 0.0 ], [ 77.4354848, 23.2265487, 0.0 ], [ 77.4347029, 23.2262922, 0.0 ], [ 77.4343312, 23.2261578, 0.0 ], [ 77.4342777, 23.2262561, 0.0 ], [ 77.4341352, 23.2265793, 0.0 ], [ 77.4336878, 23.2276239, 0.0 ], [ 77.4334799, 23.2280764, 0.0 ], [ 77.4333418, 23.2283201, 0.0 ], [ 77.4331106, 23.2286716, 0.0 ], [ 77.4329383, 23.2285388, 0.0 ], [ 77.4328008, 23.2284183, 0.0 ], [ 77.4327201, 23.2283319, 0.0 ], [ 77.4325772, 23.2281584, 0.0 ], [ 77.432507, 23.2280543, 0.0 ], [ 77.4324008, 23.2278687, 0.0 ], [ 77.4322722, 23.2276057, 0.0 ], [ 77.4319464, 23.2277884, 0.0 ], [ 77.4318227, 23.2278588, 0.0 ], [ 77.431517, 23.2280437, 0.0 ], [ 77.4314042, 23.2281231, 0.0 ], [ 77.4312071, 23.2282856, 0.0 ], [ 77.4311271, 23.2283628, 0.0 ], [ 77.4309787, 23.2285339, 0.0 ], [ 77.4308309, 23.228723, 0.0 ], [ 77.4307359, 23.2288613, 0.0 ], [ 77.4305527, 23.2291893, 0.0 ], [ 77.4305267, 23.2292427, 0.0 ], [ 77.4284783, 23.2283872, 0.0 ], [ 77.4285022, 23.2283286, 0.0 ], [ 77.4285509, 23.2282124, 0.0 ], [ 77.4288492, 23.2274484, 0.0 ], [ 77.4289347, 23.227144, 0.0 ], [ 77.4290323, 23.2266747, 0.0 ], [ 77.4290739, 23.2262304, 0.0 ], [ 77.4290621, 23.2258104, 0.0 ], [ 77.4290318, 23.2255931, 0.0 ], [ 77.4289664, 23.2252209, 0.0 ], [ 77.4287509, 23.2248532, 0.0 ], [ 77.4286805, 23.2247274, 0.0 ], [ 77.4285652, 23.2245579, 0.0 ], [ 77.4282587, 23.2240694, 0.0 ], [ 77.4288592, 23.2237564, 0.0 ], [ 77.4295842, 23.2233912, 0.0 ], [ 77.4302914, 23.2230485, 0.0 ], [ 77.4311284, 23.2226493, 0.0 ], [ 77.4312754, 23.2225792, 0.0 ], [ 77.4307239, 23.2214791, 0.0 ], [ 77.4305155, 23.2210818, 0.0 ], [ 77.4300999, 23.2202647, 0.0 ], [ 77.4298528, 23.2197857, 0.0 ], [ 77.4295378, 23.2192691, 0.0 ], [ 77.4292194, 23.2188057, 0.0 ], [ 77.4289311, 23.2184294, 0.0 ], [ 77.4287498, 23.2182099, 0.0 ], [ 77.4286593, 23.2181004, 0.0 ], [ 77.4278315, 23.2171476, 0.0 ], [ 77.4275883, 23.2168499, 0.0 ], [ 77.4272385, 23.2164021, 0.0 ], [ 77.427002, 23.2159872, 0.0 ], [ 77.4268834, 23.2156906, 0.0 ], [ 77.4267023, 23.2152528, 0.0 ], [ 77.4265537, 23.2145844, 0.0 ], [ 77.4263531, 23.21354, 0.0 ], [ 77.4262963, 23.2127577, 0.0 ], [ 77.4262646, 23.2121609, 0.0 ], [ 77.4262587, 23.211847, 0.0 ], [ 77.4262697, 23.2115941, 0.0 ], [ 77.4262704, 23.211517, 0.0 ], [ 77.4270327, 23.211518, 0.0 ], [ 77.4277377, 23.2115271, 0.0 ], [ 77.4285518, 23.211522, 0.0 ], [ 77.4295172, 23.2115362, 0.0 ], [ 77.431102, 23.2115765, 0.0 ], [ 77.4311799, 23.2115769, 0.0 ], [ 77.4313364, 23.2115866, 0.0 ], [ 77.4321578, 23.2116037, 0.0 ], [ 77.4321927, 23.2116039, 0.0 ], [ 77.4336355, 23.2116285, 0.0 ], [ 77.4339543, 23.2116315, 0.0 ], [ 77.4340514, 23.2116376, 0.0 ], [ 77.4345777, 23.2117045, 0.0 ], [ 77.4351182, 23.2117877, 0.0 ], [ 77.4353444, 23.2118242, 0.0 ], [ 77.4358011, 23.2118911, 0.0 ], [ 77.4363075, 23.211958, 0.0 ], [ 77.4368161, 23.2120432, 0.0 ], [ 77.4374725, 23.2121567, 0.0 ], [ 77.4379789, 23.2122551, 0.0 ], [ 77.4380174, 23.2119961, 0.0 ], [ 77.4381235, 23.2114336, 0.0 ], [ 77.4384103, 23.21146, 0.0 ], [ 77.4394471, 23.2115566, 0.0 ], [ 77.4393342, 23.21191, 0.0 ], [ 77.4392825, 23.2120288, 0.0 ], [ 77.4392066, 23.2121318, 0.0 ], [ 77.4390705, 23.2122886, 0.0 ], [ 77.439005, 23.2123821, 0.0 ], [ 77.4395204, 23.2125009, 0.0 ], [ 77.4400485, 23.2126106, 0.0 ], [ 77.4402062, 23.2126447, 0.0 ], [ 77.4402331, 23.2126486, 0.0 ], [ 77.4403084, 23.2126597, 0.0 ], [ 77.4403427, 23.2126647, 0.0 ], [ 77.4403881, 23.2126634, 0.0 ], [ 77.4404194, 23.2126602, 0.0 ], [ 77.4404605, 23.2126519, 0.0 ], [ 77.4405136, 23.2126412, 0.0 ], [ 77.4405228, 23.2126389, 0.0 ], [ 77.4408616, 23.2125638, 0.0 ], [ 77.4409901, 23.2125326, 0.0 ], [ 77.4410967, 23.2125067, 0.0 ], [ 77.4411949, 23.2124918, 0.0 ], [ 77.441452, 23.2124637, 0.0 ], [ 77.4416062, 23.2124439, 0.0 ], [ 77.4417001, 23.211955, 0.0 ], [ 77.4417144, 23.2119256, 0.0 ], [ 77.4417508, 23.2118901, 0.0 ], [ 77.4417839, 23.2118647, 0.0 ], [ 77.4418214, 23.2118475, 0.0 ], [ 77.4418865, 23.2118272, 0.0 ], [ 77.4419384, 23.2118201, 0.0 ], [ 77.4420641, 23.211809, 0.0 ], [ 77.4424031, 23.2118292, 0.0 ], [ 77.4424188, 23.211831, 0.0 ], [ 77.4414938, 23.2156152, 0.0 ], [ 77.4413974, 23.2160095, 0.0 ], [ 77.4394668, 23.2236586, 0.0 ], [ 77.4383465, 23.2280565, 0.0 ] ] ] } },
{ "type": "Feature", "properties": { "objectid": 6, "townname": "Bhopal", "towncensuscode2011": 802312, "town_lgd_code": 250946, "ward_lgd_code": 34367, "ward_lgd_name": "Maharana Pratap Ward", "sourcewardcode": 43, "state": "Madhya Pradesh" }, "geometry": { "type": "Polygon", "coordinates": [ [ [ 77.4297049, 23.2509741, 0.0 ], [ 77.4300664, 23.2513237, 0.0 ], [ 77.4301076, 23.2514082, 0.0 ], [ 77.4302987, 23.2523383, 0.0 ], [ 77.4301041, 23.2523943, 0.0 ], [ 77.4294906, 23.252562, 0.0 ], [ 77.4292285, 23.2526326, 0.0 ], [ 77.4288812, 23.2527262, 0.0 ], [ 77.4282661, 23.252866, 0.0 ], [ 77.4276575, 23.2529905, 0.0 ], [ 77.4272675, 23.2530569, 0.0 ], [ 77.427249, 23.2530605, 0.0 ], [ 77.4272292, 23.2530644, 0.0 ], [ 77.4271812, 23.2530714, 0.0 ], [ 77.4269634, 23.2530981, 0.0 ], [ 77.4268012, 23.2531086, 0.0 ], [ 77.4267605, 23.253109, 0.0 ], [ 77.4266302, 23.2531022, 0.0 ], [ 77.4264111, 23.2530907, 0.0 ], [ 77.4262526, 23.2530752, 0.0 ], [ 77.4261901, 23.2530657, 0.0 ], [ 77.4260907, 23.2530453, 0.0 ], [ 77.4257546, 23.2529592, 0.0 ], [ 77.4257174, 23.2529495, 0.0 ], [ 77.4256096, 23.252918, 0.0 ], [ 77.4255459, 23.2528897, 0.0 ], [ 77.4255252, 23.2528789, 0.0 ], [ 77.4254947, 23.2528594, 0.0 ], [ 77.4254609, 23.2528319, 0.0 ], [ 77.4254261, 23.2528037, 0.0 ], [ 77.4254048, 23.2527817, 0.0 ], [ 77.4253015, 23.2526626, 0.0 ], [ 77.4249215, 23.2521919, 0.0 ], [ 77.424564, 23.2517303, 0.0 ], [ 77.4245539, 23.2515384, 0.0 ], [ 77.4245447, 23.2513338, 0.0 ], [ 77.4238102, 23.2500793, 0.0 ], [ 77.4231967, 23.2501538, 0.0 ], [ 77.4226549, 23.2502098, 0.0 ], [ 77.4223146, 23.2502413, 0.0 ], [ 77.4223053, 23.2502043, 0.0 ], [ 77.4222577, 23.2500147, 0.0 ], [ 77.4224017, 23.2497916, 0.0 ], [ 77.4226505, 23.2493912, 0.0 ], [ 77.4231185, 23.2486884, 0.0 ], [ 77.4233394, 23.2483858, 0.0 ], [ 77.4234829, 23.2481802, 0.0 ], [ 77.4237724, 23.2477763, 0.0 ], [ 77.4237163, 23.2476798, 0.0 ], [ 77.4226118, 23.2477192, 0.0 ], [ 77.4226298, 23.247429, 0.0 ], [ 77.4225137, 23.2473417, 0.0 ], [ 77.4217998, 23.2467034, 0.0 ], [ 77.421346, 23.2462888, 0.0 ], [ 77.421131, 23.2461021, 0.0 ], [ 77.4210441, 23.2460314, 0.0 ], [ 77.4200227, 23.2451983, 0.0 ], [ 77.4199257, 23.2451692, 0.0 ], [ 77.4196467, 23.2450889, 0.0 ], [ 77.4195204, 23.2449734, 0.0 ], [ 77.418711, 23.2448766, 0.0 ], [ 77.4182113, 23.2447463, 0.0 ], [ 77.418031, 23.2445217, 0.0 ], [ 77.4182038, 23.2442258, 0.0 ], [ 77.4183254, 23.2440801, 0.0 ], [ 77.4185164, 23.2439146, 0.0 ], [ 77.4188236, 23.2436703, 0.0 ], [ 77.419148, 23.2433814, 0.0 ], [ 77.4195538, 23.243135, 0.0 ], [ 77.4198014, 23.2430281, 0.0 ], [ 77.4204172, 23.2428139, 0.0 ], [ 77.4210788, 23.242612, 0.0 ], [ 77.4212929, 23.2425286, 0.0 ], [ 77.4213993, 23.2424445, 0.0 ], [ 77.421462, 23.242368, 0.0 ], [ 77.4215365, 23.2422334, 0.0 ], [ 77.4215817, 23.2420445, 0.0 ], [ 77.4216153, 23.241867, 0.0 ], [ 77.4216192, 23.2418265, 0.0 ], [ 77.4216189, 23.2418175, 0.0 ], [ 77.4216181, 23.2418079, 0.0 ], [ 77.4216161, 23.2417973, 0.0 ], [ 77.4216092, 23.2417585, 0.0 ], [ 77.4215104, 23.2415082, 0.0 ], [ 77.4217744, 23.2412776, 0.0 ], [ 77.4217986, 23.2412539, 0.0 ], [ 77.4219917, 23.2410968, 0.0 ], [ 77.4221736, 23.2409552, 0.0 ], [ 77.4221968, 23.2409358, 0.0 ], [ 77.4222925, 23.2408575, 0.0 ], [ 77.4224214, 23.240752, 0.0 ], [ 77.422436, 23.2407386, 0.0 ], [ 77.4230994, 23.2401144, 0.0 ], [ 77.4238326, 23.239442, 0.0 ], [ 77.4242409, 23.2390457, 0.0 ], [ 77.4242718, 23.2390158, 0.0 ], [ 77.4241419, 23.2388737, 0.0 ], [ 77.4238648, 23.2385684, 0.0 ], [ 77.4238393, 23.238536, 0.0 ], [ 77.4237952, 23.2384639, 0.0 ], [ 77.4236786, 23.2382213, 0.0 ], [ 77.4235281, 23.237778, 0.0 ], [ 77.423171, 23.2367405, 0.0 ], [ 77.4233554, 23.2365564, 0.0 ], [ 77.4233804, 23.2365227, 0.0 ], [ 77.4233903, 23.236496, 0.0 ], [ 77.4233953, 23.2364739, 0.0 ], [ 77.4234211, 23.2363816, 0.0 ], [ 77.4234399, 23.2363145, 0.0 ], [ 77.4234536, 23.2362574, 0.0 ], [ 77.4235001, 23.2360636, 0.0 ], [ 77.4235092, 23.2360277, 0.0 ], [ 77.4235209, 23.2359934, 0.0 ], [ 77.4235333, 23.2359651, 0.0 ], [ 77.4235566, 23.2359307, 0.0 ], [ 77.4236274, 23.2358468, 0.0 ], [ 77.4236349, 23.2358381, 0.0 ], [ 77.4236458, 23.2358299, 0.0 ], [ 77.4236595, 23.2358221, 0.0 ], [ 77.4236809, 23.2358115, 0.0 ], [ 77.4238688, 23.2357463, 0.0 ], [ 77.4240242, 23.2356976, 0.0 ], [ 77.4247382, 23.2354737, 0.0 ], [ 77.4248531, 23.2354427, 0.0 ], [ 77.4249631, 23.2354183, 0.0 ], [ 77.4254712, 23.2353061, 0.0 ], [ 77.4256045, 23.2352823, 0.0 ], [ 77.4257214, 23.2352608, 0.0 ], [ 77.4263994, 23.2351737, 0.0 ], [ 77.4268398, 23.2351188, 0.0 ], [ 77.4268326, 23.2348395, 0.0 ], [ 77.4268312, 23.2344419, 0.0 ], [ 77.426812, 23.2338025, 0.0 ], [ 77.4267842, 23.2335965, 0.0 ], [ 77.4267571, 23.2334987, 0.0 ], [ 77.4267215, 23.2334228, 0.0 ], [ 77.4266585, 23.2333245, 0.0 ], [ 77.4266109, 23.2332502, 0.0 ], [ 77.4263582, 23.2329805, 0.0 ], [ 77.4261779, 23.2328176, 0.0 ], [ 77.4261415, 23.2327947, 0.0 ], [ 77.4260581, 23.2327422, 0.0 ], [ 77.4259712, 23.2326936, 0.0 ], [ 77.4256891, 23.2325482, 0.0 ], [ 77.4253806, 23.2324456, 0.0 ], [ 77.4250213, 23.2323412, 0.0 ], [ 77.4247169, 23.2322759, 0.0 ], [ 77.424315, 23.2322069, 0.0 ], [ 77.4240065, 23.2321696, 0.0 ], [ 77.4238645, 23.2321565, 0.0 ], [ 77.4236676, 23.2321472, 0.0 ], [ 77.4235478, 23.2321472, 0.0 ], [ 77.4233997, 23.2321491, 0.0 ], [ 77.4221555, 23.2322218, 0.0 ], [ 77.4218125, 23.232233, 0.0 ], [ 77.4216319, 23.2322311, 0.0 ], [ 77.4213802, 23.2322255, 0.0 ], [ 77.4204826, 23.232132, 0.0 ], [ 77.4202071, 23.232088, 0.0 ], [ 77.4190604, 23.2319364, 0.0 ], [ 77.4188737, 23.2318917, 0.0 ], [ 77.4188209, 23.2318656, 0.0 ], [ 77.4187884, 23.2318376, 0.0 ], [ 77.4187539, 23.2317966, 0.0 ], [ 77.4187214, 23.231735, 0.0 ], [ 77.4186971, 23.2316791, 0.0 ], [ 77.4186869, 23.2316268, 0.0 ], [ 77.4186334, 23.2313054, 0.0 ], [ 77.4226928, 23.2310715, 0.0 ], [ 77.4276767, 23.230784, 0.0 ], [ 77.4278018, 23.2303585, 0.0 ], [ 77.4280151, 23.2295515, 0.0 ], [ 77.428323, 23.2287644, 0.0 ], [ 77.4284783, 23.2283872, 0.0 ], [ 77.4305267, 23.2292427, 0.0 ], [ 77.4305527, 23.2291893, 0.0 ], [ 77.4307359, 23.2288613, 0.0 ], [ 77.4308309, 23.228723, 0.0 ], [ 77.4309787, 23.2285339, 0.0 ], [ 77.4311271, 23.2283628, 0.0 ], [ 77.4312071, 23.2282856, 0.0 ], [ 77.4314042, 23.2281231, 0.0 ], [ 77.431517, 23.2280437, 0.0 ], [ 77.4318227, 23.2278588, 0.0 ], [ 77.4319464, 23.2277884, 0.0 ], [ 77.4322722, 23.2276057, 0.0 ], [ 77.4324008, 23.2278687, 0.0 ], [ 77.432507, 23.2280543, 0.0 ], [ 77.4325772, 23.2281584, 0.0 ], [ 77.4327201, 23.2283319, 0.0 ], [ 77.4328008, 23.2284183, 0.0 ], [ 77.4329383, 23.2285388, 0.0 ], [ 77.4331106, 23.2286716, 0.0 ], [ 77.4333418, 23.2283201, 0.0 ], [ 77.4334799, 23.2280764, 0.0 ], [ 77.4336878, 23.2276239, 0.0 ], [ 77.4341352, 23.2265793, 0.0 ], [ 77.4342777, 23.2262561, 0.0 ], [ 77.4343312, 23.2261578, 0.0 ], [ 77.4347029, 23.2262922, 0.0 ], [ 77.4354848, 23.2265487, 0.0 ], [ 77.4355208, 23.2265605, 0.0 ], [ 77.4351854, 23.2272644, 0.0 ], [ 77.4351426, 23.2273541, 0.0 ], [ 77.4347048, 23.2282533, 0.0 ], [ 77.4342835, 23.229175, 0.0 ], [ 77.4340396, 23.2295957, 0.0 ], [ 77.4338879, 23.2298262, 0.0 ], [ 77.4337118, 23.2300598, 0.0 ], [ 77.4331052, 23.2307444, 0.0 ], [ 77.4326298, 23.2312751, 0.0 ], [ 77.4340255, 23.2326684, 0.0 ], [ 77.4341682, 23.232808, 0.0 ], [ 77.4344207, 23.2330576, 0.0 ], [ 77.4344521, 23.2330876, 0.0 ], [ 77.4346332, 23.2332357, 0.0 ], [ 77.4346648, 23.2332571, 0.0 ], [ 77.434718, 23.2332846, 0.0 ], [ 77.4348768, 23.2333604, 0.0 ], [ 77.4349949, 23.2334086, 0.0 ], [ 77.4351561, 23.2334732, 0.0 ], [ 77.4352468, 23.2334938, 0.0 ], [ 77.4358924, 23.2336281, 0.0 ], [ 77.4367959, 23.2338244, 0.0 ], [ 77.4367747, 23.2339076, 0.0 ], [ 77.4358215, 23.2378958, 0.0 ], [ 77.4345486, 23.2426869, 0.0 ], [ 77.4344534, 23.2430449, 0.0 ], [ 77.4342692, 23.2437018, 0.0 ], [ 77.4340617, 23.2442454, 0.0 ], [ 77.4339261, 23.244522, 0.0 ], [ 77.4337087, 23.2448942, 0.0 ], [ 77.4334981, 23.2452001, 0.0 ], [ 77.4333772, 23.2453606, 0.0 ], [ 77.4332889, 23.2454672, 0.0 ], [ 77.4332332, 23.2455311, 0.0 ], [ 77.433018, 23.245778, 0.0 ], [ 77.4325418, 23.2462216, 0.0 ], [ 77.432188, 23.2465015, 0.0 ], [ 77.4316996, 23.2468569, 0.0 ], [ 77.4308275, 23.2474805, 0.0 ], [ 77.4289787, 23.2487655, 0.0 ], [ 77.4278878, 23.2495289, 0.0 ], [ 77.4285125, 23.2500388, 0.0 ], [ 77.4297049, 23.2509741, 0.0 ] ] ] } },
{ "type": "Feature", "properties": { "objectid": 20, "townname": "Bhopal", "towncensuscode2011": 802312, "town_lgd_code": 250946, "ward_lgd_code": 34364, "ward_lgd_name": "Aishbagh Ward", "sourcewardcode": 40, "state": "Madhya Pradesh" }, "geometry": { "type": "Polygon", "coordinates": [ [ [ 77.4158696, 23.2605792, 0.0 ], [ 77.4158122, 23.2604161, 0.0 ], [ 77.4153857, 23.2605116, 0.0 ], [ 77.4151293, 23.2605508, 0.0 ], [ 77.4151034, 23.2603576, 0.0 ], [ 77.4150265, 23.2600187, 0.0 ], [ 77.4149598, 23.259917, 0.0 ], [ 77.4145795, 23.2595696, 0.0 ], [ 77.4141126, 23.2590621, 0.0 ], [ 77.4145584, 23.2587332, 0.0 ], [ 77.4145018, 23.2579967, 0.0 ], [ 77.4145659, 23.2579832, 0.0 ], [ 77.4154329, 23.2577475, 0.0 ], [ 77.4155932, 23.2576913, 0.0 ], [ 77.4160121, 23.2574763, 0.0 ], [ 77.4174864, 23.2564696, 0.0 ], [ 77.4192777, 23.2551824, 0.0 ], [ 77.4202632, 23.2544785, 0.0 ], [ 77.4205311, 23.2542924, 0.0 ], [ 77.4208398, 23.2547727, 0.0 ], [ 77.4211206, 23.2546073, 0.0 ], [ 77.4211823, 23.254571, 0.0 ], [ 77.4214136, 23.2545098, 0.0 ], [ 77.4220806, 23.2543933, 0.0 ], [ 77.4222086, 23.2543692, 0.0 ], [ 77.4222674, 23.2546324, 0.0 ], [ 77.4219139, 23.2546861, 0.0 ], [ 77.4220495, 23.2553357, 0.0 ], [ 77.422621, 23.2553162, 0.0 ], [ 77.422605, 23.2552063, 0.0 ], [ 77.4236709, 23.2550158, 0.0 ], [ 77.4236762, 23.2550573, 0.0 ], [ 77.4241575, 23.2550018, 0.0 ], [ 77.4242104, 23.2557331, 0.0 ], [ 77.4242133, 23.2559321, 0.0 ], [ 77.4243304, 23.2573292, 0.0 ], [ 77.4232275, 23.2575198, 0.0 ], [ 77.4233487, 23.2582646, 0.0 ], [ 77.4223253, 23.258388, 0.0 ], [ 77.422577, 23.2593582, 0.0 ], [ 77.4217912, 23.259528, 0.0 ], [ 77.4217083, 23.2590182, 0.0 ], [ 77.4216588, 23.258766, 0.0 ], [ 77.4215987, 23.2587538, 0.0 ], [ 77.4215847, 23.2586283, 0.0 ], [ 77.4215987, 23.2579875, 0.0 ], [ 77.4217681, 23.2567997, 0.0 ], [ 77.4215359, 23.256797, 0.0 ], [ 77.4212719, 23.2567789, 0.0 ], [ 77.4189106, 23.2566966, 0.0 ], [ 77.4188545, 23.2566971, 0.0 ], [ 77.4186516, 23.2563855, 0.0 ], [ 77.4179931, 23.2567667, 0.0 ], [ 77.417635, 23.2570041, 0.0 ], [ 77.4175726, 23.2570447, 0.0 ], [ 77.4173291, 23.2573252, 0.0 ], [ 77.4174108, 23.2576321, 0.0 ], [ 77.417635, 23.2575877, 0.0 ], [ 77.4176983, 23.2578054, 0.0 ], [ 77.418309, 23.2576557, 0.0 ], [ 77.4183558, 23.2577446, 0.0 ], [ 77.4184362, 23.2579509, 0.0 ], [ 77.4184769, 23.2581554, 0.0 ], [ 77.4185156, 23.2584026, 0.0 ], [ 77.418522, 23.2586165, 0.0 ], [ 77.4185344, 23.2587486, 0.0 ], [ 77.4185815, 23.2588555, 0.0 ], [ 77.4187896, 23.2587907, 0.0 ], [ 77.4189625, 23.2592697, 0.0 ], [ 77.419029, 23.2595253, 0.0 ], [ 77.4191167, 23.2598977, 0.0 ], [ 77.4191772, 23.2601838, 0.0 ], [ 77.4182306, 23.2603617, 0.0 ], [ 77.4180854, 23.2597643, 0.0 ], [ 77.4179039, 23.2592725, 0.0 ], [ 77.4177248, 23.2588356, 0.0 ], [ 77.4170843, 23.2589557, 0.0 ], [ 77.4172416, 23.2596559, 0.0 ], [ 77.4172114, 23.2597865, 0.0 ], [ 77.4172669, 23.2600119, 0.0 ], [ 77.4166482, 23.2601476, 0.0 ], [ 77.4166671, 23.2602247, 0.0 ], [ 77.4167116, 23.2604067, 0.0 ], [ 77.4158696, 23.2605792, 0.0 ] ] ] } },
{ "type": "Feature", "properties": { "objectid": 7, "townname": "Bhopal", "towncensuscode2011": 802312, "town_lgd_code": 250946, "ward_lgd_code": 34370, "ward_lgd_name": "Pt. Ravishankar Shukl", "sourcewardcode": 46, "state": "Madhya Pradesh" }, "geometry": { "type": "Polygon", "coordinates": [ [ [ 77.4239513, 23.2171908, 0.0 ], [ 77.4241897, 23.2171075, 0.0 ], [ 77.4244602, 23.2169835, 0.0 ], [ 77.4248263, 23.2167913, 0.0 ], [ 77.4257621, 23.2162547, 0.0 ], [ 77.4265615, 23.2158377, 0.0 ], [ 77.4268834, 23.2156906, 0.0 ], [ 77.427002, 23.2159872, 0.0 ], [ 77.4272385, 23.2164021, 0.0 ], [ 77.4275883, 23.2168499, 0.0 ], [ 77.4278315, 23.2171476, 0.0 ], [ 77.4286593, 23.2181004, 0.0 ], [ 77.4287498, 23.2182099, 0.0 ], [ 77.4289311, 23.2184294, 0.0 ], [ 77.4292194, 23.2188057, 0.0 ], [ 77.4295378, 23.2192691, 0.0 ], [ 77.4298528, 23.2197857, 0.0 ], [ 77.4300999, 23.2202647, 0.0 ], [ 77.4305155, 23.2210818, 0.0 ], [ 77.4307239, 23.2214791, 0.0 ], [ 77.4312754, 23.2225792, 0.0 ], [ 77.4311284, 23.2226493, 0.0 ], [ 77.4302914, 23.2230485, 0.0 ], [ 77.4295842, 23.2233912, 0.0 ], [ 77.4288592, 23.2237564, 0.0 ], [ 77.4282587, 23.2240694, 0.0 ], [ 77.4285652, 23.2245579, 0.0 ], [ 77.4286805, 23.2247274, 0.0 ], [ 77.4287509, 23.2248532, 0.0 ], [ 77.4289664, 23.2252209, 0.0 ], [ 77.4290318, 23.2255931, 0.0 ], [ 77.4290621, 23.2258104, 0.0 ], [ 77.4290739, 23.2262304, 0.0 ], [ 77.4290323, 23.2266747, 0.0 ], [ 77.4289347, 23.227144, 0.0 ], [ 77.4288492, 23.2274484, 0.0 ], [ 77.4285509, 23.2282124, 0.0 ], [ 77.4285022, 23.2283286, 0.0 ], [ 77.4284783, 23.2283872, 0.0 ], [ 77.428323, 23.2287644, 0.0 ], [ 77.4280151, 23.2295515, 0.0 ], [ 77.4278018, 23.2303585, 0.0 ], [ 77.4276767, 23.230784, 0.0 ], [ 77.4226928, 23.2310715, 0.0 ], [ 77.422025, 23.2311099, 0.0 ], [ 77.4220223, 23.2310946, 0.0 ], [ 77.4219401, 23.2308146, 0.0 ], [ 77.4219272, 23.2307585, 0.0 ], [ 77.4219233, 23.2306427, 0.0 ], [ 77.421922, 23.2304696, 0.0 ], [ 77.4219137, 23.2297365, 0.0 ], [ 77.4205001, 23.2296463, 0.0 ], [ 77.4202788, 23.2296225, 0.0 ], [ 77.4201745, 23.2296084, 0.0 ], [ 77.4200995, 23.2295983, 0.0 ], [ 77.4200606, 23.2295875, 0.0 ], [ 77.4199917, 23.2295553, 0.0 ], [ 77.4197943, 23.2294335, 0.0 ], [ 77.4196111, 23.2292772, 0.0 ], [ 77.4195306, 23.22919, 0.0 ], [ 77.419306, 23.2288087, 0.0 ], [ 77.4192471, 23.2287118, 0.0 ], [ 77.4192167, 23.2286204, 0.0 ], [ 77.4191923, 23.2283108, 0.0 ], [ 77.4182546, 23.2283276, 0.0 ], [ 77.4181897, 23.227824, 0.0 ], [ 77.4181531, 23.2274995, 0.0 ], [ 77.4181511, 23.2273111, 0.0 ], [ 77.4181491, 23.2271787, 0.0 ], [ 77.4181653, 23.2270518, 0.0 ], [ 77.4182079, 23.2268728, 0.0 ], [ 77.4182424, 23.2267758, 0.0 ], [ 77.4191955, 23.2270331, 0.0 ], [ 77.4191214, 23.2273005, 0.0 ], [ 77.4196785, 23.2274531, 0.0 ], [ 77.4203476, 23.2274497, 0.0 ], [ 77.4212179, 23.2274676, 0.0 ], [ 77.4216907, 23.2274473, 0.0 ], [ 77.4217323, 23.2274389, 0.0 ], [ 77.4217609, 23.227427, 0.0 ], [ 77.4217739, 23.2274175, 0.0 ], [ 77.4218089, 23.22739, 0.0 ], [ 77.4218297, 23.2273709, 0.0 ], [ 77.4218453, 23.2273554, 0.0 ], [ 77.4219648, 23.2272086, 0.0 ], [ 77.421983, 23.227174, 0.0 ], [ 77.4219882, 23.2271596, 0.0 ], [ 77.4219947, 23.227131, 0.0 ], [ 77.421996, 23.2270988, 0.0 ], [ 77.4218288, 23.2261491, 0.0 ], [ 77.4207125, 23.2263878, 0.0 ], [ 77.4206021, 23.2264092, 0.0 ], [ 77.4205214, 23.2264237, 0.0 ], [ 77.420479, 23.2264283, 0.0 ], [ 77.4204059, 23.2264291, 0.0 ], [ 77.4201706, 23.2263863, 0.0 ], [ 77.4196976, 23.2262831, 0.0 ], [ 77.4189303, 23.2261128, 0.0 ], [ 77.4180563, 23.2259266, 0.0 ], [ 77.4164872, 23.2255775, 0.0 ], [ 77.4159999, 23.2254691, 0.0 ], [ 77.4151405, 23.2252808, 0.0 ], [ 77.4143361, 23.2251005, 0.0 ], [ 77.4140309, 23.2250456, 0.0 ], [ 77.4137594, 23.2250134, 0.0 ], [ 77.4134853, 23.2249859, 0.0 ], [ 77.4133075, 23.2249728, 0.0 ], [ 77.4131292, 23.2249596, 0.0 ], [ 77.412929, 23.224945, 0.0 ], [ 77.4122908, 23.2249115, 0.0 ], [ 77.4122942, 23.2248342, 0.0 ], [ 77.4123057, 23.2246642, 0.0 ], [ 77.4123627, 23.2238196, 0.0 ], [ 77.4123628, 23.2233946, 0.0 ], [ 77.4123661, 23.2233755, 0.0 ], [ 77.4123703, 23.2233518, 0.0 ], [ 77.4123794, 23.2233113, 0.0 ], [ 77.412667, 23.2227635, 0.0 ], [ 77.4126841, 23.2227435, 0.0 ], [ 77.4127192, 23.2227073, 0.0 ], [ 77.4127506, 23.2226848, 0.0 ], [ 77.4130813, 23.2224088, 0.0 ], [ 77.4134092, 23.2221455, 0.0 ], [ 77.4138581, 23.2217282, 0.0 ], [ 77.4143591, 23.2212105, 0.0 ], [ 77.4144463, 23.2211043, 0.0 ], [ 77.4146402, 23.2208502, 0.0 ], [ 77.4147854, 23.2206376, 0.0 ], [ 77.4148772, 23.2205139, 0.0 ], [ 77.415023, 23.2203173, 0.0 ], [ 77.4150505, 23.2202921, 0.0 ], [ 77.4150729, 23.220273, 0.0 ], [ 77.4151078, 23.2202539, 0.0 ], [ 77.415127, 23.220247, 0.0 ], [ 77.4153556, 23.2201571, 0.0 ], [ 77.4155742, 23.2200711, 0.0 ], [ 77.4162832, 23.2198019, 0.0 ], [ 77.4163853, 23.2195862, 0.0 ], [ 77.4169048, 23.2181763, 0.0 ], [ 77.4178979, 23.2177853, 0.0 ], [ 77.4182483, 23.217641, 0.0 ], [ 77.4184945, 23.2175351, 0.0 ], [ 77.4188388, 23.2175974, 0.0 ], [ 77.4191206, 23.2176341, 0.0 ], [ 77.4193977, 23.217645, 0.0 ], [ 77.4197601, 23.2176362, 0.0 ], [ 77.4202187, 23.2176135, 0.0 ], [ 77.420666, 23.2175914, 0.0 ], [ 77.4221278, 23.2174705, 0.0 ], [ 77.4232014, 23.2173158, 0.0 ], [ 77.4235744, 23.2172626, 0.0 ], [ 77.4238, 23.2172242, 0.0 ], [ 77.4239513, 23.2171908, 0.0 ] ] ] } },
{ "type": "Feature", "properties": { "objectid": 9, "townname": "Bhopal", "towncensuscode2011": 802312, "town_lgd_code": 250946, "ward_lgd_code": 32958, "ward_lgd_name": "Chhtrapati Shivaji Ward", "sourcewardcode": 31, "state": "Madhya Pradesh" }, "geometry": { "type": "Polygon", "coordinates": [ [ [ 77.4118934, 23.2377424, 0.0 ], [ 77.4107878, 23.2378052, 0.0 ], [ 77.4105312, 23.2381496, 0.0 ], [ 77.4097266, 23.2378069, 0.0 ], [ 77.409053, 23.2376779, 0.0 ], [ 77.4076311, 23.2375925, 0.0 ], [ 77.406628, 23.2375754, 0.0 ], [ 77.4058385, 23.2376328, 0.0 ], [ 77.4050829, 23.2377418, 0.0 ], [ 77.404416, 23.2378458, 0.0 ], [ 77.4041518, 23.2379412, 0.0 ], [ 77.403682, 23.2376557, 0.0 ], [ 77.402834, 23.2369664, 0.0 ], [ 77.4027141, 23.2370546, 0.0 ], [ 77.4025779, 23.2371912, 0.0 ], [ 77.4018627, 23.238074, 0.0 ], [ 77.4011466, 23.2375388, 0.0 ], [ 77.4023165, 23.2246048, 0.0 ], [ 77.4025624, 23.2246358, 0.0 ], [ 77.4037445, 23.2247276, 0.0 ], [ 77.4041441, 23.2247813, 0.0 ], [ 77.4046303, 23.2248602, 0.0 ], [ 77.405213, 23.2250262, 0.0 ], [ 77.4058072, 23.2251994, 0.0 ], [ 77.4059808, 23.2252443, 0.0 ], [ 77.4061383, 23.2252689, 0.0 ], [ 77.406261, 23.2252836, 0.0 ], [ 77.4072082, 23.2252846, 0.0 ], [ 77.4078151, 23.2252852, 0.0 ], [ 77.4083727, 23.2252576, 0.0 ], [ 77.4095955, 23.2250343, 0.0 ], [ 77.4105777, 23.2249459, 0.0 ], [ 77.4122908, 23.2249115, 0.0 ], [ 77.412929, 23.224945, 0.0 ], [ 77.4131292, 23.2249596, 0.0 ], [ 77.4133075, 23.2249728, 0.0 ], [ 77.4134853, 23.2249859, 0.0 ], [ 77.4137594, 23.2250134, 0.0 ], [ 77.4140309, 23.2250456, 0.0 ], [ 77.4143361, 23.2251005, 0.0 ], [ 77.4151405, 23.2252808, 0.0 ], [ 77.4159999, 23.2254691, 0.0 ], [ 77.4164872, 23.2255775, 0.0 ], [ 77.4180563, 23.2259266, 0.0 ], [ 77.4189303, 23.2261128, 0.0 ], [ 77.4196976, 23.2262831, 0.0 ], [ 77.4201706, 23.2263863, 0.0 ], [ 77.4204059, 23.2264291, 0.0 ], [ 77.420479, 23.2264283, 0.0 ], [ 77.4205214, 23.2264237, 0.0 ], [ 77.4206021, 23.2264092, 0.0 ], [ 77.4207125, 23.2263878, 0.0 ], [ 77.4218288, 23.2261491, 0.0 ], [ 77.421996, 23.2270988, 0.0 ], [ 77.4219947, 23.227131, 0.0 ], [ 77.4219882, 23.2271596, 0.0 ], [ 77.421983, 23.227174, 0.0 ], [ 77.4219648, 23.2272086, 0.0 ], [ 77.4218453, 23.2273554, 0.0 ], [ 77.4218297, 23.2273709, 0.0 ], [ 77.4218089, 23.22739, 0.0 ], [ 77.4217739, 23.2274175, 0.0 ], [ 77.4217609, 23.227427, 0.0 ], [ 77.4217323, 23.2274389, 0.0 ], [ 77.4216907, 23.2274473, 0.0 ], [ 77.4212179, 23.2274676, 0.0 ], [ 77.4203476, 23.2274497, 0.0 ], [ 77.4196785, 23.2274531, 0.0 ], [ 77.4191214, 23.2273005, 0.0 ], [ 77.4191955, 23.2270331, 0.0 ], [ 77.4182424, 23.2267758, 0.0 ], [ 77.4182079, 23.2268728, 0.0 ], [ 77.4181653, 23.2270518, 0.0 ], [ 77.4181491, 23.2271787, 0.0 ], [ 77.4181511, 23.2273111, 0.0 ], [ 77.4181531, 23.2274995, 0.0 ], [ 77.4181897, 23.227824, 0.0 ], [ 77.4182546, 23.2283276, 0.0 ], [ 77.4191923, 23.2283108, 0.0 ], [ 77.4192167, 23.2286204, 0.0 ], [ 77.4192471, 23.2287118, 0.0 ], [ 77.419306, 23.2288087, 0.0 ], [ 77.4195306, 23.22919, 0.0 ], [ 77.4196111, 23.2292772, 0.0 ], [ 77.4197943, 23.2294335, 0.0 ], [ 77.4199917, 23.2295553, 0.0 ], [ 77.4200606, 23.2295875, 0.0 ], [ 77.4200995, 23.2295983, 0.0 ], [ 77.4201745, 23.2296084, 0.0 ], [ 77.4202788, 23.2296225, 0.0 ], [ 77.4205001, 23.2296463, 0.0 ], [ 77.4219137, 23.2297365, 0.0 ], [ 77.421922, 23.2304696, 0.0 ], [ 77.4219233, 23.2306427, 0.0 ], [ 77.4219272, 23.2307585, 0.0 ], [ 77.4219401, 23.2308146, 0.0 ], [ 77.4220223, 23.2310946, 0.0 ], [ 77.422025, 23.2311099, 0.0 ], [ 77.4186334, 23.2313054, 0.0 ], [ 77.4165351, 23.2315098, 0.0 ], [ 77.416617, 23.2321567, 0.0 ], [ 77.4157738, 23.2323819, 0.0 ], [ 77.4142288, 23.2327559, 0.0 ], [ 77.4134551, 23.2329689, 0.0 ], [ 77.4128274, 23.2337147, 0.0 ], [ 77.4124935, 23.2339704, 0.0 ], [ 77.4122611, 23.2354977, 0.0 ], [ 77.4124002, 23.2362166, 0.0 ], [ 77.412158, 23.236284, 0.0 ], [ 77.4123515, 23.2366518, 0.0 ], [ 77.4119892, 23.2371166, 0.0 ], [ 77.4121106, 23.2374787, 0.0 ], [ 77.4118934, 23.2377424, 0.0 ] ] ] } },
{ "type": "Feature", "properties": { "objectid": 8, "townname": "Bhopal", "towncensuscode2011": 802312, "town_lgd_code": 250946, "ward_lgd_code": 34371, "ward_lgd_name": "Dr Rajendra Prasad Ward", "sourcewardcode": 47, "state": "Madhya Pradesh" }, "geometry": { "type": "Polygon", "coordinates": [ [ [ 77.4182483, 23.217641, 0.0 ], [ 77.4178979, 23.2177853, 0.0 ], [ 77.4169048, 23.2181763, 0.0 ], [ 77.4163853, 23.2195862, 0.0 ], [ 77.4162832, 23.2198019, 0.0 ], [ 77.4155742, 23.2200711, 0.0 ], [ 77.4153556, 23.2201571, 0.0 ], [ 77.415127, 23.220247, 0.0 ], [ 77.4151078, 23.2202539, 0.0 ], [ 77.4150729, 23.220273, 0.0 ], [ 77.4150505, 23.2202921, 0.0 ], [ 77.415023, 23.2203173, 0.0 ], [ 77.4148772, 23.2205139, 0.0 ], [ 77.4147854, 23.2206376, 0.0 ], [ 77.4146402, 23.2208502, 0.0 ], [ 77.4144463, 23.2211043, 0.0 ], [ 77.4143591, 23.2212105, 0.0 ], [ 77.4138581, 23.2217282, 0.0 ], [ 77.4134092, 23.2221455, 0.0 ], [ 77.4130813, 23.2224088, 0.0 ], [ 77.4127506, 23.2226848, 0.0 ], [ 77.4127192, 23.2227073, 0.0 ], [ 77.4126841, 23.2227435, 0.0 ], [ 77.412667, 23.2227635, 0.0 ], [ 77.4123794, 23.2233113, 0.0 ], [ 77.4123703, 23.2233518, 0.0 ], [ 77.4123661, 23.2233755, 0.0 ], [ 77.4123628, 23.2233946, 0.0 ], [ 77.4123627, 23.2238196, 0.0 ], [ 77.4123057, 23.2246642, 0.0 ], [ 77.4122942, 23.2248342, 0.0 ], [ 77.4122908, 23.2249115, 0.0 ], [ 77.4105777, 23.2249459, 0.0 ], [ 77.4095955, 23.2250343, 0.0 ], [ 77.4083727, 23.2252576, 0.0 ], [ 77.4078151, 23.2252852, 0.0 ], [ 77.4072082, 23.2252846, 0.0 ], [ 77.4072178, 23.2249125, 0.0 ], [ 77.4072464, 23.2241151, 0.0 ], [ 77.4073905, 23.223249, 0.0 ], [ 77.407561, 23.2223797, 0.0 ], [ 77.4075218, 23.2220214, 0.0 ], [ 77.4074271, 23.2215078, 0.0 ], [ 77.407576, 23.2214728, 0.0 ], [ 77.4083999, 23.2212796, 0.0 ], [ 77.4085278, 23.221243, 0.0 ], [ 77.4106312, 23.2206408, 0.0 ], [ 77.4113539, 23.2203243, 0.0 ], [ 77.4147583, 23.2185498, 0.0 ], [ 77.4167794, 23.2175101, 0.0 ], [ 77.4169841, 23.2174186, 0.0 ], [ 77.4172238, 23.2172891, 0.0 ], [ 77.4172892, 23.2172278, 0.0 ], [ 77.4173279, 23.2171616, 0.0 ], [ 77.4177623, 23.2160517, 0.0 ], [ 77.4179206, 23.2158016, 0.0 ], [ 77.4182995, 23.2153044, 0.0 ], [ 77.4185696, 23.2149439, 0.0 ], [ 77.4188891, 23.2144488, 0.0 ], [ 77.4189439, 23.2143641, 0.0 ], [ 77.4196059, 23.2146796, 0.0 ], [ 77.4198705, 23.2141899, 0.0 ], [ 77.4202502, 23.2129959, 0.0 ], [ 77.4204116, 23.2123424, 0.0 ], [ 77.4203791, 23.2118923, 0.0 ], [ 77.420684, 23.2115008, 0.0 ], [ 77.4209192, 23.2110738, 0.0 ], [ 77.4206285, 23.2098962, 0.0 ], [ 77.4201712, 23.2094833, 0.0 ], [ 77.4199608, 23.2093455, 0.0 ], [ 77.4197296, 23.2088553, 0.0 ], [ 77.4197296, 23.2087689, 0.0 ], [ 77.4197515, 23.2087106, 0.0 ], [ 77.4198175, 23.2086441, 0.0 ], [ 77.4199988, 23.2085423, 0.0 ], [ 77.4202351, 23.2083555, 0.0 ], [ 77.4203191, 23.2082218, 0.0 ], [ 77.4203878, 23.2078298, 0.0 ], [ 77.4219995, 23.2085035, 0.0 ], [ 77.4224105, 23.2087213, 0.0 ], [ 77.4224418, 23.2087413, 0.0 ], [ 77.4226474, 23.2088726, 0.0 ], [ 77.4226827, 23.208904, 0.0 ], [ 77.4227048, 23.2089192, 0.0 ], [ 77.4227401, 23.2089334, 0.0 ], [ 77.4227765, 23.2089334, 0.0 ], [ 77.4227974, 23.2089253, 0.0 ], [ 77.4228096, 23.2089142, 0.0 ], [ 77.4228261, 23.2088919, 0.0 ], [ 77.4228405, 23.2088625, 0.0 ], [ 77.4228537, 23.2088209, 0.0 ], [ 77.4228614, 23.2087773, 0.0 ], [ 77.4228806, 23.2087476, 0.0 ], [ 77.4228833, 23.2087434, 0.0 ], [ 77.4229326, 23.2086673, 0.0 ], [ 77.4229502, 23.2086523, 0.0 ], [ 77.4229701, 23.2086453, 0.0 ], [ 77.423004, 23.2086394, 0.0 ], [ 77.4230202, 23.2086407, 0.0 ], [ 77.4230419, 23.2086495, 0.0 ], [ 77.423051, 23.2086531, 0.0 ], [ 77.4230754, 23.2086656, 0.0 ], [ 77.4230862, 23.2086693, 0.0 ], [ 77.423116, 23.2086693, 0.0 ], [ 77.4231341, 23.2086673, 0.0 ], [ 77.4232218, 23.2086486, 0.0 ], [ 77.4232405, 23.2086496, 0.0 ], [ 77.423253, 23.2086502, 0.0 ], [ 77.4232611, 23.2086556, 0.0 ], [ 77.4232688, 23.2086631, 0.0 ], [ 77.4233854, 23.2088056, 0.0 ], [ 77.4233953, 23.208813, 0.0 ], [ 77.4234089, 23.2088172, 0.0 ], [ 77.4234229, 23.2088176, 0.0 ], [ 77.4234296, 23.2088168, 0.0 ], [ 77.42344, 23.208813, 0.0 ], [ 77.4234468, 23.2088081, 0.0 ], [ 77.4234527, 23.2088027, 0.0 ], [ 77.4234699, 23.2087823, 0.0 ], [ 77.4236527, 23.2085408, 0.0 ], [ 77.4235727, 23.2084609, 0.0 ], [ 77.4235637, 23.2084524, 0.0 ], [ 77.4235602, 23.2084463, 0.0 ], [ 77.4235585, 23.2084391, 0.0 ], [ 77.4235602, 23.2084285, 0.0 ], [ 77.4235751, 23.2083997, 0.0 ], [ 77.423606, 23.2083543, 0.0 ], [ 77.4238502, 23.2079961, 0.0 ], [ 77.4238829, 23.207948, 0.0 ], [ 77.4238921, 23.2079312, 0.0 ], [ 77.4238999, 23.207913, 0.0 ], [ 77.4238984, 23.2078935, 0.0 ], [ 77.4238886, 23.207878, 0.0 ], [ 77.4238737, 23.207863, 0.0 ], [ 77.4238476, 23.207841, 0.0 ], [ 77.4237198, 23.2077333, 0.0 ], [ 77.4237064, 23.2077216, 0.0 ], [ 77.4236852, 23.2076956, 0.0 ], [ 77.4236774, 23.2076768, 0.0 ], [ 77.423676, 23.2076599, 0.0 ], [ 77.4236657, 23.2075433, 0.0 ], [ 77.4236635, 23.2074855, 0.0 ], [ 77.4236734, 23.2074156, 0.0 ], [ 77.4236778, 23.2073811, 0.0 ], [ 77.4237217, 23.2072605, 0.0 ], [ 77.4238331, 23.2070786, 0.0 ], [ 77.4240768, 23.2069693, 0.0 ], [ 77.4243174, 23.2068712, 0.0 ], [ 77.4243523, 23.206857, 0.0 ], [ 77.4252169, 23.2084091, 0.0 ], [ 77.4258202, 23.2096221, 0.0 ], [ 77.4260896, 23.210189, 0.0 ], [ 77.4261932, 23.2104858, 0.0 ], [ 77.4261976, 23.2104969, 0.0 ], [ 77.4262119, 23.2105639, 0.0 ], [ 77.4262163, 23.2105933, 0.0 ], [ 77.426258, 23.211251, 0.0 ], [ 77.4262704, 23.211517, 0.0 ], [ 77.4262697, 23.2115941, 0.0 ], [ 77.4262587, 23.211847, 0.0 ], [ 77.4262646, 23.2121609, 0.0 ], [ 77.4262963, 23.2127577, 0.0 ], [ 77.4263531, 23.21354, 0.0 ], [ 77.4265537, 23.2145844, 0.0 ], [ 77.4267023, 23.2152528, 0.0 ], [ 77.4268834, 23.2156906, 0.0 ], [ 77.4265615, 23.2158377, 0.0 ], [ 77.4257621, 23.2162547, 0.0 ], [ 77.4248263, 23.2167913, 0.0 ], [ 77.4244602, 23.2169835, 0.0 ], [ 77.4241897, 23.2171075, 0.0 ], [ 77.4239513, 23.2171908, 0.0 ], [ 77.4238, 23.2172242, 0.0 ], [ 77.4235744, 23.2172626, 0.0 ], [ 77.4232014, 23.2173158, 0.0 ], [ 77.4221278, 23.2174705, 0.0 ], [ 77.420666, 23.2175914, 0.0 ], [ 77.4202187, 23.2176135, 0.0 ], [ 77.4197601, 23.2176362, 0.0 ], [ 77.4193977, 23.217645, 0.0 ], [ 77.4191206, 23.2176341, 0.0 ], [ 77.4188388, 23.2175974, 0.0 ], [ 77.4184945, 23.2175351, 0.0 ], [ 77.4182483, 23.217641, 0.0 ] ] ] } },
{ "type": "Feature", "properties": { "objectid": 10, "townname": "Bhopal", "towncensuscode2011": 802312, "town_lgd_code": 250946, "ward_lgd_code": 34373, "ward_lgd_name": "Asha Niketan Ward", "sourcewardcode": 49, "state": "Madhya Pradesh" }, "geometry": { "type": "Polygon", "coordinates": [ [ [ 77.4419384, 23.2118201, 0.0 ], [ 77.4418865, 23.2118272, 0.0 ], [ 77.4418214, 23.2118475, 0.0 ], [ 77.4417839, 23.2118647, 0.0 ], [ 77.4417508, 23.2118901, 0.0 ], [ 77.4417144, 23.2119256, 0.0 ], [ 77.4417001, 23.211955, 0.0 ], [ 77.4416062, 23.2124439, 0.0 ], [ 77.441452, 23.2124637, 0.0 ], [ 77.4411949, 23.2124918, 0.0 ], [ 77.4410967, 23.2125067, 0.0 ], [ 77.4409901, 23.2125326, 0.0 ], [ 77.4408616, 23.2125638, 0.0 ], [ 77.4405228, 23.2126389, 0.0 ], [ 77.4405136, 23.2126412, 0.0 ], [ 77.4404605, 23.2126519, 0.0 ], [ 77.4404194, 23.2126602, 0.0 ], [ 77.4403881, 23.2126634, 0.0 ], [ 77.4403427, 23.2126647, 0.0 ], [ 77.4403084, 23.2126597, 0.0 ], [ 77.4402331, 23.2126486, 0.0 ], [ 77.4402062, 23.2126447, 0.0 ], [ 77.4400485, 23.2126106, 0.0 ], [ 77.4395204, 23.2125009, 0.0 ], [ 77.439005, 23.2123821, 0.0 ], [ 77.4390705, 23.2122886, 0.0 ], [ 77.4392066, 23.2121318, 0.0 ], [ 77.4392825, 23.2120288, 0.0 ], [ 77.4393342, 23.21191, 0.0 ], [ 77.4394471, 23.2115566, 0.0 ], [ 77.4384103, 23.21146, 0.0 ], [ 77.4381235, 23.2114336, 0.0 ], [ 77.4380174, 23.2119961, 0.0 ], [ 77.4379789, 23.2122551, 0.0 ], [ 77.4374725, 23.2121567, 0.0 ], [ 77.4368161, 23.2120432, 0.0 ], [ 77.4363075, 23.211958, 0.0 ], [ 77.4358011, 23.2118911, 0.0 ], [ 77.4353444, 23.2118242, 0.0 ], [ 77.4351182, 23.2117877, 0.0 ], [ 77.4345777, 23.2117045, 0.0 ], [ 77.4340514, 23.2116376, 0.0 ], [ 77.4339543, 23.2116315, 0.0 ], [ 77.4336355, 23.2116285, 0.0 ], [ 77.4321927, 23.2116039, 0.0 ], [ 77.4321578, 23.2116037, 0.0 ], [ 77.4313364, 23.2115866, 0.0 ], [ 77.4311799, 23.2115769, 0.0 ], [ 77.4311967, 23.2107954, 0.0 ], [ 77.4312071, 23.2059955, 0.0 ], [ 77.4312996, 23.2059961, 0.0 ], [ 77.4317915, 23.2059991, 0.0 ], [ 77.4319702, 23.2060006, 0.0 ], [ 77.4320788, 23.2058801, 0.0 ], [ 77.4335836, 23.2058326, 0.0 ], [ 77.4335671, 23.2054853, 0.0 ], [ 77.4335593, 23.2053085, 0.0 ], [ 77.4335536, 23.2051884, 0.0 ], [ 77.4335292, 23.2049337, 0.0 ], [ 77.4334705, 23.2046069, 0.0 ], [ 77.4334497, 23.2045128, 0.0 ], [ 77.4333547, 23.2041548, 0.0 ], [ 77.4332823, 23.2039076, 0.0 ], [ 77.4329355, 23.2039267, 0.0 ], [ 77.4324454, 23.2038916, 0.0 ], [ 77.4325773, 23.2032205, 0.0 ], [ 77.4326268, 23.2029684, 0.0 ], [ 77.4326596, 23.2028114, 0.0 ], [ 77.4327816, 23.2022281, 0.0 ], [ 77.4330004, 23.2021855, 0.0 ], [ 77.4330299, 23.2024795, 0.0 ], [ 77.4336948, 23.2023518, 0.0 ], [ 77.4347259, 23.202143, 0.0 ], [ 77.4347427, 23.2025066, 0.0 ], [ 77.4348816, 23.2030288, 0.0 ], [ 77.4359556, 23.2030373, 0.0 ], [ 77.4359394, 23.2037378, 0.0 ], [ 77.4361441, 23.2037279, 0.0 ], [ 77.4364996, 23.2037279, 0.0 ], [ 77.4364781, 23.2042802, 0.0 ], [ 77.4367582, 23.2042825, 0.0 ], [ 77.437258, 23.2042825, 0.0 ], [ 77.4372629, 23.204253, 0.0 ], [ 77.4372829, 23.2040439, 0.0 ], [ 77.4372932, 23.2038174, 0.0 ], [ 77.4373122, 23.202903, 0.0 ], [ 77.4383874, 23.2025062, 0.0 ], [ 77.4384264, 23.2024937, 0.0 ], [ 77.4384829, 23.2024755, 0.0 ], [ 77.4386086, 23.2024502, 0.0 ], [ 77.4386326, 23.2024502, 0.0 ], [ 77.438658, 23.2024528, 0.0 ], [ 77.4387043, 23.2024679, 0.0 ], [ 77.4393082, 23.202665, 0.0 ], [ 77.4389587, 23.203879, 0.0 ], [ 77.4388268, 23.2044681, 0.0 ], [ 77.4391565, 23.2044522, 0.0 ], [ 77.4392101, 23.2044529, 0.0 ], [ 77.4392363, 23.2044574, 0.0 ], [ 77.439249, 23.20446, 0.0 ], [ 77.4392603, 23.2044691, 0.0 ], [ 77.4392631, 23.2044788, 0.0 ], [ 77.4392652, 23.2044925, 0.0 ], [ 77.4392621, 23.2045582, 0.0 ], [ 77.4392601, 23.2046028, 0.0 ], [ 77.4390904, 23.2056051, 0.0 ], [ 77.4399842, 23.2057274, 0.0 ], [ 77.4400172, 23.205732, 0.0 ], [ 77.4400828, 23.2057369, 0.0 ], [ 77.4401637, 23.2057401, 0.0 ], [ 77.440192, 23.2057364, 0.0 ], [ 77.4402071, 23.2057322, 0.0 ], [ 77.4402175, 23.2057269, 0.0 ], [ 77.4402267, 23.2057207, 0.0 ], [ 77.4404591, 23.2055448, 0.0 ], [ 77.4408934, 23.2056776, 0.0 ], [ 77.4409599, 23.2057653, 0.0 ], [ 77.4413613, 23.2056069, 0.0 ], [ 77.441397, 23.2048075, 0.0 ], [ 77.4418065, 23.2048069, 0.0 ], [ 77.4417837, 23.2045935, 0.0 ], [ 77.442247, 23.2045659, 0.0 ], [ 77.4422993, 23.2045694, 0.0 ], [ 77.4423254, 23.2045739, 0.0 ], [ 77.4423363, 23.2045817, 0.0 ], [ 77.4423794, 23.2046122, 0.0 ], [ 77.442523, 23.2047419, 0.0 ], [ 77.442579, 23.2048145, 0.0 ], [ 77.4425902, 23.2048425, 0.0 ], [ 77.4426175, 23.2049659, 0.0 ], [ 77.4431393, 23.2052177, 0.0 ], [ 77.4440233, 23.2053202, 0.0 ], [ 77.4424188, 23.211831, 0.0 ], [ 77.4424031, 23.2118292, 0.0 ], [ 77.4420641, 23.211809, 0.0 ], [ 77.4419384, 23.2118201, 0.0 ] ] ] } },
{ "type": "Feature", "properties": { "objectid": 11, "townname": "Bhopal", "towncensuscode2011": 802312, "town_lgd_code": 250946, "ward_lgd_code": 34374, "ward_lgd_name": "Gulmohar Ward", "sourcewardcode": 50, "state": "Madhya Pradesh" }, "geometry": { "type": "Polygon", "coordinates": [ [ [ 77.4440233, 23.2053202, 0.0 ], [ 77.4431393, 23.2052177, 0.0 ], [ 77.4426175, 23.2049659, 0.0 ], [ 77.4425902, 23.2048425, 0.0 ], [ 77.442579, 23.2048145, 0.0 ], [ 77.442523, 23.2047419, 0.0 ], [ 77.4423794, 23.2046122, 0.0 ], [ 77.4423363, 23.2045817, 0.0 ], [ 77.4423254, 23.2045739, 0.0 ], [ 77.4422993, 23.2045694, 0.0 ], [ 77.442247, 23.2045659, 0.0 ], [ 77.4417837, 23.2045935, 0.0 ], [ 77.4418065, 23.2048069, 0.0 ], [ 77.441397, 23.2048075, 0.0 ], [ 77.4412003, 23.2048102, 0.0 ], [ 77.4410958, 23.2046156, 0.0 ], [ 77.4409681, 23.2042649, 0.0 ], [ 77.4407947, 23.2042777, 0.0 ], [ 77.4407443, 23.2041429, 0.0 ], [ 77.4401485, 23.2039772, 0.0 ], [ 77.4401213, 23.2041046, 0.0 ], [ 77.4397609, 23.2040436, 0.0 ], [ 77.4400021, 23.2030771, 0.0 ], [ 77.4397819, 23.2029805, 0.0 ], [ 77.4396853, 23.2027246, 0.0 ], [ 77.4398069, 23.2021925, 0.0 ], [ 77.4405735, 23.2020416, 0.0 ], [ 77.4405747, 23.2013224, 0.0 ], [ 77.4409569, 23.201333, 0.0 ], [ 77.4409547, 23.2008578, 0.0 ], [ 77.4412787, 23.2007324, 0.0 ], [ 77.4412758, 23.2006993, 0.0 ], [ 77.4411247, 23.1985266, 0.0 ], [ 77.43972, 23.1984561, 0.0 ], [ 77.4392719, 23.1984202, 0.0 ], [ 77.4393962, 23.1968739, 0.0 ], [ 77.4390336, 23.1968439, 0.0 ], [ 77.4386601, 23.196812, 0.0 ], [ 77.4384169, 23.1967641, 0.0 ], [ 77.4378767, 23.1967189, 0.0 ], [ 77.4378447, 23.1970237, 0.0 ], [ 77.4378437, 23.1970375, 0.0 ], [ 77.4378198, 23.1972431, 0.0 ], [ 77.4375766, 23.197269, 0.0 ], [ 77.4375267, 23.1970934, 0.0 ], [ 77.4364931, 23.197281, 0.0 ], [ 77.434837, 23.1976102, 0.0 ], [ 77.4348603, 23.1972231, 0.0 ], [ 77.4349233, 23.196327, 0.0 ], [ 77.4349765, 23.1959816, 0.0 ], [ 77.4351197, 23.1950527, 0.0 ], [ 77.435253, 23.194244, 0.0 ], [ 77.4357553, 23.1915969, 0.0 ], [ 77.4359914, 23.1903264, 0.0 ], [ 77.4364122, 23.1881658, 0.0 ], [ 77.4364918, 23.1877531, 0.0 ], [ 77.4378578, 23.1879028, 0.0 ], [ 77.4384452, 23.1880173, 0.0 ], [ 77.4391098, 23.1883146, 0.0 ], [ 77.4409967, 23.1892827, 0.0 ], [ 77.441148, 23.18934, 0.0 ], [ 77.4412934, 23.1893755, 0.0 ], [ 77.441504, 23.1894164, 0.0 ], [ 77.4423081, 23.1894245, 0.0 ], [ 77.4447142, 23.1896918, 0.0 ], [ 77.448337, 23.1901301, 0.0 ], [ 77.4465798, 23.1958195, 0.0 ], [ 77.4440233, 23.2053202, 0.0 ] ] ] } },
{ "type": "Feature", "properties": { "objectid": 21, "townname": "Bhopal", "towncensuscode2011": 802312, "town_lgd_code": 250946, "ward_lgd_code": 34363, "ward_lgd_name": "Naveen Nagar Ward", "sourcewardcode": 39, "state": "Madhya Pradesh" }, "geometry": { "type": "Polygon", "coordinates": [ [ [ 77.4228141, 23.2630002, 0.0 ], [ 77.4225867, 23.2630798, 0.0 ], [ 77.4223833, 23.2631325, 0.0 ], [ 77.4223246, 23.2631445, 0.0 ], [ 77.4222484, 23.26316, 0.0 ], [ 77.4221875, 23.2631843, 0.0 ], [ 77.4221586, 23.2632076, 0.0 ], [ 77.4221418, 23.2632253, 0.0 ], [ 77.4221357, 23.2632323, 0.0 ], [ 77.4221279, 23.2632496, 0.0 ], [ 77.4221152, 23.2632777, 0.0 ], [ 77.4221071, 23.2632956, 0.0 ], [ 77.4220986, 23.2633171, 0.0 ], [ 77.4220882, 23.2633562, 0.0 ], [ 77.4220772, 23.2635454, 0.0 ], [ 77.4220495, 23.2638653, 0.0 ], [ 77.4220241, 23.2639828, 0.0 ], [ 77.421993, 23.26467, 0.0 ], [ 77.4218061, 23.2645687, 0.0 ], [ 77.4212919, 23.2642876, 0.0 ], [ 77.4210466, 23.2641567, 0.0 ], [ 77.4207456, 23.264019, 0.0 ], [ 77.4205139, 23.263904, 0.0 ], [ 77.4203639, 23.2638361, 0.0 ], [ 77.4199516, 23.2636393, 0.0 ], [ 77.4197749, 23.2635549, 0.0 ], [ 77.4188615, 23.2631369, 0.0 ], [ 77.4187219, 23.2630732, 0.0 ], [ 77.4186966, 23.2630617, 0.0 ], [ 77.4186682, 23.2630519, 0.0 ], [ 77.4186093, 23.2630365, 0.0 ], [ 77.4185088, 23.2630174, 0.0 ], [ 77.4184033, 23.2629992, 0.0 ], [ 77.4183571, 23.2629945, 0.0 ], [ 77.4183333, 23.2629955, 0.0 ], [ 77.4178406, 23.2629976, 0.0 ], [ 77.4175363, 23.2629986, 0.0 ], [ 77.4169637, 23.2630195, 0.0 ], [ 77.4169117, 23.2630186, 0.0 ], [ 77.4168815, 23.2630103, 0.0 ], [ 77.4168569, 23.2629907, 0.0 ], [ 77.4168235, 23.2629287, 0.0 ], [ 77.4167741, 23.2628747, 0.0 ], [ 77.4167481, 23.2628593, 0.0 ], [ 77.4167307, 23.2628525, 0.0 ], [ 77.4167097, 23.2628491, 0.0 ], [ 77.4166799, 23.2628456, 0.0 ], [ 77.4162674, 23.2628775, 0.0 ], [ 77.4160754, 23.2628969, 0.0 ], [ 77.4156889, 23.2629635, 0.0 ], [ 77.4156368, 23.2629725, 0.0 ], [ 77.4155868, 23.2629771, 0.0 ], [ 77.4155567, 23.2629764, 0.0 ], [ 77.4155358, 23.262969, 0.0 ], [ 77.4155042, 23.2629471, 0.0 ], [ 77.4154183, 23.2628389, 0.0 ], [ 77.4152293, 23.262601, 0.0 ], [ 77.4150683, 23.2624075, 0.0 ], [ 77.4150435, 23.2623768, 0.0 ], [ 77.4150262, 23.2623517, 0.0 ], [ 77.4150076, 23.262321, 0.0 ], [ 77.4148538, 23.2619666, 0.0 ], [ 77.4147775, 23.2618005, 0.0 ], [ 77.4146784, 23.2615844, 0.0 ], [ 77.4146716, 23.2615692, 0.0 ], [ 77.4146694, 23.261561, 0.0 ], [ 77.4146693, 23.2615525, 0.0 ], [ 77.4146696, 23.2615459, 0.0 ], [ 77.4146761, 23.2615319, 0.0 ], [ 77.4146875, 23.2615137, 0.0 ], [ 77.4147771, 23.261423, 0.0 ], [ 77.415082, 23.2611265, 0.0 ], [ 77.4151167, 23.2610507, 0.0 ], [ 77.4151274, 23.2609983, 0.0 ], [ 77.4151288, 23.2605659, 0.0 ], [ 77.4151293, 23.2605508, 0.0 ], [ 77.4153857, 23.2605116, 0.0 ], [ 77.4158122, 23.2604161, 0.0 ], [ 77.4158696, 23.2605792, 0.0 ], [ 77.4167116, 23.2604067, 0.0 ], [ 77.4166671, 23.2602247, 0.0 ], [ 77.4166482, 23.2601476, 0.0 ], [ 77.4172669, 23.2600119, 0.0 ], [ 77.4172114, 23.2597865, 0.0 ], [ 77.4172416, 23.2596559, 0.0 ], [ 77.4170843, 23.2589557, 0.0 ], [ 77.4177248, 23.2588356, 0.0 ], [ 77.4179039, 23.2592725, 0.0 ], [ 77.4180854, 23.2597643, 0.0 ], [ 77.4182306, 23.2603617, 0.0 ], [ 77.4191772, 23.2601838, 0.0 ], [ 77.4191167, 23.2598977, 0.0 ], [ 77.419029, 23.2595253, 0.0 ], [ 77.4189625, 23.2592697, 0.0 ], [ 77.4187896, 23.2587907, 0.0 ], [ 77.4185815, 23.2588555, 0.0 ], [ 77.4185344, 23.2587486, 0.0 ], [ 77.418522, 23.2586165, 0.0 ], [ 77.4185156, 23.2584026, 0.0 ], [ 77.4184769, 23.2581554, 0.0 ], [ 77.4184362, 23.2579509, 0.0 ], [ 77.4183558, 23.2577446, 0.0 ], [ 77.418309, 23.2576557, 0.0 ], [ 77.4176983, 23.2578054, 0.0 ], [ 77.417635, 23.2575877, 0.0 ], [ 77.4174108, 23.2576321, 0.0 ], [ 77.4173291, 23.2573252, 0.0 ], [ 77.4175726, 23.2570447, 0.0 ], [ 77.417635, 23.2570041, 0.0 ], [ 77.4179931, 23.2567667, 0.0 ], [ 77.4186516, 23.2563855, 0.0 ], [ 77.4188545, 23.2566971, 0.0 ], [ 77.4189106, 23.2566966, 0.0 ], [ 77.4212719, 23.2567789, 0.0 ], [ 77.4215359, 23.256797, 0.0 ], [ 77.4217681, 23.2567997, 0.0 ], [ 77.4215987, 23.2579875, 0.0 ], [ 77.4215847, 23.2586283, 0.0 ], [ 77.4215987, 23.2587538, 0.0 ], [ 77.4216588, 23.258766, 0.0 ], [ 77.4217083, 23.2590182, 0.0 ], [ 77.4217912, 23.259528, 0.0 ], [ 77.422577, 23.2593582, 0.0 ], [ 77.4237677, 23.2591205, 0.0 ], [ 77.4238618, 23.2605591, 0.0 ], [ 77.4239426, 23.2616076, 0.0 ], [ 77.4239521, 23.2617312, 0.0 ], [ 77.423916, 23.2620084, 0.0 ], [ 77.423888, 23.262128, 0.0 ], [ 77.4238793, 23.2621651, 0.0 ], [ 77.4238706, 23.2621884, 0.0 ], [ 77.4238619, 23.2622023, 0.0 ], [ 77.4238288, 23.2622495, 0.0 ], [ 77.4237456, 23.2623408, 0.0 ], [ 77.4237407, 23.2623461, 0.0 ], [ 77.423727, 23.2623558, 0.0 ], [ 77.42372, 23.2623589, 0.0 ], [ 77.4237, 23.2623635, 0.0 ], [ 77.4235162, 23.2623858, 0.0 ], [ 77.4234211, 23.2623868, 0.0 ], [ 77.4231753, 23.2623895, 0.0 ], [ 77.4231253, 23.2623946, 0.0 ], [ 77.4230928, 23.2624011, 0.0 ], [ 77.4230746, 23.2624055, 0.0 ], [ 77.4230358, 23.2624173, 0.0 ], [ 77.4230147, 23.2624278, 0.0 ], [ 77.4230001, 23.2624388, 0.0 ], [ 77.4229884, 23.2624579, 0.0 ], [ 77.4229819, 23.2624693, 0.0 ], [ 77.4229774, 23.2624788, 0.0 ], [ 77.4229754, 23.2624857, 0.0 ], [ 77.4229683, 23.262548, 0.0 ], [ 77.4229715, 23.2625797, 0.0 ], [ 77.4229881, 23.2627426, 0.0 ], [ 77.4229942, 23.2627974, 0.0 ], [ 77.4229942, 23.2628162, 0.0 ], [ 77.4229942, 23.2628311, 0.0 ], [ 77.4229913, 23.2628452, 0.0 ], [ 77.4229816, 23.2628833, 0.0 ], [ 77.4229715, 23.2629021, 0.0 ], [ 77.42296, 23.2629183, 0.0 ], [ 77.4229523, 23.262929, 0.0 ], [ 77.4229377, 23.2629424, 0.0 ], [ 77.4229208, 23.262952, 0.0 ], [ 77.4228624, 23.2629805, 0.0 ], [ 77.4228141, 23.2630002, 0.0 ] ] ] } },
{ "type": "Feature", "properties": { "objectid": 12, "townname": "Bhopal", "towncensuscode2011": 802312, "town_lgd_code": 250946, "ward_lgd_code": 34375, "ward_lgd_name": "Shahpura Ward", "sourcewardcode": 51, "state": "Madhya Pradesh" }, "geometry": { "type": "Polygon", "coordinates": [ [ [ 77.4305497, 23.1973448, 0.0 ], [ 77.430486, 23.1976697, 0.0 ], [ 77.4304709, 23.1977578, 0.0 ], [ 77.4303367, 23.19859, 0.0 ], [ 77.4302971, 23.1989003, 0.0 ], [ 77.4301526, 23.2003626, 0.0 ], [ 77.4300497, 23.2012415, 0.0 ], [ 77.4300453, 23.2012816, 0.0 ], [ 77.4299943, 23.2017275, 0.0 ], [ 77.4299943, 23.2018153, 0.0 ], [ 77.4299941, 23.2018553, 0.0 ], [ 77.4300135, 23.2019511, 0.0 ], [ 77.4300394, 23.2022055, 0.0 ], [ 77.4300441, 23.2022513, 0.0 ], [ 77.4293743, 23.2021849, 0.0 ], [ 77.4283321, 23.2020865, 0.0 ], [ 77.4274844, 23.2019856, 0.0 ], [ 77.4266911, 23.2019023, 0.0 ], [ 77.4257765, 23.20178, 0.0 ], [ 77.4253879, 23.2017389, 0.0 ], [ 77.4253355, 23.201734, 0.0 ], [ 77.4252928, 23.2017258, 0.0 ], [ 77.4252439, 23.2017135, 0.0 ], [ 77.4239081, 23.2013005, 0.0 ], [ 77.4234239, 23.2011508, 0.0 ], [ 77.4230613, 23.201029, 0.0 ], [ 77.4227095, 23.2008813, 0.0 ], [ 77.4225467, 23.2007935, 0.0 ], [ 77.4223621, 23.2006618, 0.0 ], [ 77.4221906, 23.2005361, 0.0 ], [ 77.4219577, 23.2003328, 0.0 ], [ 77.4213644, 23.1998775, 0.0 ], [ 77.4211118, 23.1996985, 0.0 ], [ 77.4209482, 23.1996053, 0.0 ], [ 77.4208521, 23.1995595, 0.0 ], [ 77.4205101, 23.1994204, 0.0 ], [ 77.4203661, 23.1993517, 0.0 ], [ 77.4202511, 23.1992869, 0.0 ], [ 77.4202384, 23.199279, 0.0 ], [ 77.4199932, 23.1991193, 0.0 ], [ 77.4195869, 23.1988423, 0.0 ], [ 77.4194795, 23.1987589, 0.0 ], [ 77.4193782, 23.1986714, 0.0 ], [ 77.4192371, 23.1985362, 0.0 ], [ 77.4190841, 23.1983712, 0.0 ], [ 77.4189907, 23.198257, 0.0 ], [ 77.4187852, 23.1979557, 0.0 ], [ 77.4187145, 23.1978722, 0.0 ], [ 77.4184238, 23.1975292, 0.0 ], [ 77.4183585, 23.1974615, 0.0 ], [ 77.4183387, 23.1974416, 0.0 ], [ 77.4182973, 23.1974053, 0.0 ], [ 77.4182799, 23.1973942, 0.0 ], [ 77.4182084, 23.1973631, 0.0 ], [ 77.4181549, 23.1973446, 0.0 ], [ 77.4178876, 23.1973005, 0.0 ], [ 77.4177609, 23.1972948, 0.0 ], [ 77.4176058, 23.1973141, 0.0 ], [ 77.4172423, 23.1974046, 0.0 ], [ 77.4170827, 23.197374, 0.0 ], [ 77.4169917, 23.1972953, 0.0 ], [ 77.4169767, 23.1971885, 0.0 ], [ 77.4194147, 23.196573, 0.0 ], [ 77.4194923, 23.196549, 0.0 ], [ 77.4195878, 23.1965141, 0.0 ], [ 77.4196585, 23.1964806, 0.0 ], [ 77.4198891, 23.1963465, 0.0 ], [ 77.4201075, 23.1962126, 0.0 ], [ 77.420257, 23.1960932, 0.0 ], [ 77.4203359, 23.1960107, 0.0 ], [ 77.4203738, 23.1959615, 0.0 ], [ 77.4204657, 23.1958126, 0.0 ], [ 77.4206351, 23.1954815, 0.0 ], [ 77.4214251, 23.1932656, 0.0 ], [ 77.4216811, 23.192605, 0.0 ], [ 77.4217327, 23.1924629, 0.0 ], [ 77.4217846, 23.1923336, 0.0 ], [ 77.4218489, 23.1921737, 0.0 ], [ 77.4219737, 23.1919623, 0.0 ], [ 77.4220212, 23.1919075, 0.0 ], [ 77.422099, 23.1918396, 0.0 ], [ 77.4222434, 23.1917273, 0.0 ], [ 77.4223584, 23.1916705, 0.0 ], [ 77.4224726, 23.1916292, 0.0 ], [ 77.4225808, 23.1915946, 0.0 ], [ 77.4227491, 23.1915657, 0.0 ], [ 77.4227921, 23.1915583, 0.0 ], [ 77.4237384, 23.1914099, 0.0 ], [ 77.424581, 23.1912763, 0.0 ], [ 77.4248747, 23.1912299, 0.0 ], [ 77.4251417, 23.1911563, 0.0 ], [ 77.4256164, 23.1909981, 0.0 ], [ 77.4257114, 23.1909408, 0.0 ], [ 77.4257974, 23.1908808, 0.0 ], [ 77.425922, 23.1907772, 0.0 ], [ 77.426284, 23.1904909, 0.0 ], [ 77.4266548, 23.1901391, 0.0 ], [ 77.426996, 23.1897873, 0.0 ], [ 77.4273313, 23.18937, 0.0 ], [ 77.4278297, 23.1886391, 0.0 ], [ 77.4286189, 23.187431, 0.0 ], [ 77.4289423, 23.1869646, 0.0 ], [ 77.4292865, 23.1866019, 0.0 ], [ 77.4294882, 23.1864328, 0.0 ], [ 77.4296633, 23.1863264, 0.0 ], [ 77.4299807, 23.1861764, 0.0 ], [ 77.430227, 23.1861001, 0.0 ], [ 77.430402, 23.1860619, 0.0 ], [ 77.4305236, 23.186051, 0.0 ], [ 77.4307076, 23.1860728, 0.0 ], [ 77.4310458, 23.1861846, 0.0 ], [ 77.4313455, 23.1863183, 0.0 ], [ 77.4315798, 23.1864437, 0.0 ], [ 77.4319626, 23.1867028, 0.0 ], [ 77.4325322, 23.1871392, 0.0 ], [ 77.4326835, 23.1872319, 0.0 ], [ 77.4328081, 23.1872864, 0.0 ], [ 77.4328882, 23.187311, 0.0 ], [ 77.4330722, 23.1873437, 0.0 ], [ 77.4334994, 23.1874091, 0.0 ], [ 77.4341302, 23.1874719, 0.0 ], [ 77.4354916, 23.1876359, 0.0 ], [ 77.4364535, 23.187747, 0.0 ], [ 77.4364918, 23.1877531, 0.0 ], [ 77.4364122, 23.1881658, 0.0 ], [ 77.4359914, 23.1903264, 0.0 ], [ 77.4357553, 23.1915969, 0.0 ], [ 77.435253, 23.194244, 0.0 ], [ 77.4351197, 23.1950527, 0.0 ], [ 77.4349765, 23.1959816, 0.0 ], [ 77.4349233, 23.196327, 0.0 ], [ 77.4348603, 23.1972231, 0.0 ], [ 77.434837, 23.1976102, 0.0 ], [ 77.4347609, 23.1988746, 0.0 ], [ 77.4317249, 23.1986792, 0.0 ], [ 77.4318735, 23.1972742, 0.0 ], [ 77.4309134, 23.1966838, 0.0 ], [ 77.4308445, 23.1966427, 0.0 ], [ 77.4308386, 23.1966392, 0.0 ], [ 77.430732, 23.1968267, 0.0 ], [ 77.4306213, 23.1970916, 0.0 ], [ 77.4305881, 23.1971944, 0.0 ], [ 77.4305497, 23.1973448, 0.0 ] ] ] } },
{ "type": "Feature", "properties": { "objectid": 13, "townname": "Bhopal", "towncensuscode2011": 802312, "town_lgd_code": 250946, "ward_lgd_code": 32957, "ward_lgd_name": "Kushabhau Thakre Ward", "sourcewardcode": 30, "state": "Madhya Pradesh" }, "geometry": { "type": "Polygon", "coordinates": [ [ [ 77.4075218, 23.2220214, 0.0 ], [ 77.407561, 23.2223797, 0.0 ], [ 77.4073905, 23.223249, 0.0 ], [ 77.4072464, 23.2241151, 0.0 ], [ 77.4072178, 23.2249125, 0.0 ], [ 77.4072082, 23.2252846, 0.0 ], [ 77.406261, 23.2252836, 0.0 ], [ 77.4061383, 23.2252689, 0.0 ], [ 77.4059808, 23.2252443, 0.0 ], [ 77.4058072, 23.2251994, 0.0 ], [ 77.405213, 23.2250262, 0.0 ], [ 77.4046303, 23.2248602, 0.0 ], [ 77.4041441, 23.2247813, 0.0 ], [ 77.4037445, 23.2247276, 0.0 ], [ 77.4025624, 23.2246358, 0.0 ], [ 77.4023165, 23.2246048, 0.0 ], [ 77.4029732, 23.2230606, 0.0 ], [ 77.4038484, 23.2211577, 0.0 ], [ 77.4038739, 23.2211255, 0.0 ], [ 77.4038929, 23.2211064, 0.0 ], [ 77.4039128, 23.2210916, 0.0 ], [ 77.4039336, 23.2210794, 0.0 ], [ 77.4039781, 23.2210742, 0.0 ], [ 77.4040056, 23.2210794, 0.0 ], [ 77.4044724, 23.2213079, 0.0 ], [ 77.4048736, 23.2214724, 0.0 ], [ 77.4049351, 23.221495, 0.0 ], [ 77.4049834, 23.22151, 0.0 ], [ 77.4051084, 23.221534, 0.0 ], [ 77.405152, 23.2215387, 0.0 ], [ 77.4051699, 23.2215401, 0.0 ], [ 77.4052457, 23.2215378, 0.0 ], [ 77.4054034, 23.2215229, 0.0 ], [ 77.4054827, 23.2215111, 0.0 ], [ 77.4062433, 23.2213657, 0.0 ], [ 77.4062608, 23.2213631, 0.0 ], [ 77.4080202, 23.2210532, 0.0 ], [ 77.4084679, 23.2209791, 0.0 ], [ 77.408878, 23.2201416, 0.0 ], [ 77.4088834, 23.2200116, 0.0 ], [ 77.4088873, 23.2199197, 0.0 ], [ 77.4089413, 23.2198772, 0.0 ], [ 77.4089713, 23.2198535, 0.0 ], [ 77.4090359, 23.2196573, 0.0 ], [ 77.4090465, 23.2196328, 0.0 ], [ 77.4090983, 23.2194968, 0.0 ], [ 77.4091555, 23.2195164, 0.0 ], [ 77.4091709, 23.2195196, 0.0 ], [ 77.4091879, 23.2195196, 0.0 ], [ 77.4092127, 23.2195188, 0.0 ], [ 77.4095439, 23.219394, 0.0 ], [ 77.4096276, 23.2193556, 0.0 ], [ 77.4096463, 23.2193407, 0.0 ], [ 77.40966, 23.2193179, 0.0 ], [ 77.4096779, 23.2192701, 0.0 ], [ 77.4097686, 23.2189015, 0.0 ], [ 77.4100786, 23.2189271, 0.0 ], [ 77.4103959, 23.2189532, 0.0 ], [ 77.4105301, 23.2184541, 0.0 ], [ 77.4108018, 23.2182728, 0.0 ], [ 77.4115182, 23.217809, 0.0 ], [ 77.4118178, 23.2177282, 0.0 ], [ 77.4127155, 23.2176126, 0.0 ], [ 77.412805, 23.2170912, 0.0 ], [ 77.4128197, 23.2170054, 0.0 ], [ 77.413091, 23.2169052, 0.0 ], [ 77.4133042, 23.216839, 0.0 ], [ 77.4145933, 23.2164385, 0.0 ], [ 77.4146093, 23.2162938, 0.0 ], [ 77.4146187, 23.2162632, 0.0 ], [ 77.414632, 23.2162472, 0.0 ], [ 77.4146707, 23.2162301, 0.0 ], [ 77.4147094, 23.2162105, 0.0 ], [ 77.4147374, 23.2161958, 0.0 ], [ 77.4147627, 23.21617, 0.0 ], [ 77.4147854, 23.2161259, 0.0 ], [ 77.414798, 23.2160845, 0.0 ], [ 77.4148936, 23.2157696, 0.0 ], [ 77.4151906, 23.2158861, 0.0 ], [ 77.4152436, 23.2159069, 0.0 ], [ 77.4155873, 23.2157164, 0.0 ], [ 77.4162563, 23.2154617, 0.0 ], [ 77.4164971, 23.2151762, 0.0 ], [ 77.416565, 23.2150957, 0.0 ], [ 77.4166103, 23.2151132, 0.0 ], [ 77.4166991, 23.2151475, 0.0 ], [ 77.4170209, 23.2151318, 0.0 ], [ 77.4172241, 23.2150902, 0.0 ], [ 77.4174537, 23.2149263, 0.0 ], [ 77.4176842, 23.2147552, 0.0 ], [ 77.4177277, 23.2147113, 0.0 ], [ 77.417726, 23.2146227, 0.0 ], [ 77.4177157, 23.2145725, 0.0 ], [ 77.4176611, 23.2143457, 0.0 ], [ 77.4177753, 23.2141927, 0.0 ], [ 77.4178626, 23.2140955, 0.0 ], [ 77.4180181, 23.213896, 0.0 ], [ 77.418149, 23.2137326, 0.0 ], [ 77.4181938, 23.2136336, 0.0 ], [ 77.4182707, 23.2134779, 0.0 ], [ 77.4184055, 23.2131289, 0.0 ], [ 77.4183819, 23.2130433, 0.0 ], [ 77.418373, 23.2130112, 0.0 ], [ 77.4182202, 23.2126817, 0.0 ], [ 77.4181144, 23.2125021, 0.0 ], [ 77.4178837, 23.2122489, 0.0 ], [ 77.4178655, 23.2122385, 0.0 ], [ 77.4178056, 23.2122042, 0.0 ], [ 77.4176261, 23.2121396, 0.0 ], [ 77.4172916, 23.2121211, 0.0 ], [ 77.4171876, 23.2121285, 0.0 ], [ 77.4170582, 23.212169, 0.0 ], [ 77.4168888, 23.2122364, 0.0 ], [ 77.4164206, 23.2123161, 0.0 ], [ 77.4163002, 23.2123338, 0.0 ], [ 77.4160125, 23.2123761, 0.0 ], [ 77.415535, 23.2124399, 0.0 ], [ 77.4149494, 23.2122633, 0.0 ], [ 77.414564, 23.2121261, 0.0 ], [ 77.4144266, 23.2119238, 0.0 ], [ 77.4143239, 23.2118135, 0.0 ], [ 77.4140505, 23.2115193, 0.0 ], [ 77.4139971, 23.2114506, 0.0 ], [ 77.4139531, 23.2113427, 0.0 ], [ 77.4139464, 23.2112594, 0.0 ], [ 77.4139678, 23.2111662, 0.0 ], [ 77.4141869, 23.210786, 0.0 ], [ 77.4143512, 23.2105008, 0.0 ], [ 77.4144253, 23.2103375, 0.0 ], [ 77.4144493, 23.210161, 0.0 ], [ 77.4144186, 23.2100384, 0.0 ], [ 77.4143612, 23.2098889, 0.0 ], [ 77.4143421, 23.2098667, 0.0 ], [ 77.4142425, 23.2097516, 0.0 ], [ 77.4141265, 23.2096106, 0.0 ], [ 77.4140158, 23.2093007, 0.0 ], [ 77.4139409, 23.209148, 0.0 ], [ 77.4137781, 23.2089625, 0.0 ], [ 77.4136381, 23.208756, 0.0 ], [ 77.4133622, 23.2080525, 0.0 ], [ 77.4133529, 23.2078785, 0.0 ], [ 77.4134052, 23.2075078, 0.0 ], [ 77.4134196, 23.2074065, 0.0 ], [ 77.4135089, 23.2071307, 0.0 ], [ 77.413829, 23.2071576, 0.0 ], [ 77.4139838, 23.2069456, 0.0 ], [ 77.4138237, 23.2068512, 0.0 ], [ 77.413741, 23.206568, 0.0 ], [ 77.413614, 23.2063034, 0.0 ], [ 77.4136055, 23.2062892, 0.0 ], [ 77.4136004, 23.2062728, 0.0 ], [ 77.413579, 23.2062221, 0.0 ], [ 77.4135709, 23.2062031, 0.0 ], [ 77.4135702, 23.2061976, 0.0 ], [ 77.4135705, 23.2061867, 0.0 ], [ 77.4135747, 23.206177, 0.0 ], [ 77.4136755, 23.2059966, 0.0 ], [ 77.4138061, 23.2057957, 0.0 ], [ 77.4137067, 23.2057575, 0.0 ], [ 77.41317, 23.2055507, 0.0 ], [ 77.4131558, 23.2055432, 0.0 ], [ 77.4131487, 23.2055347, 0.0 ], [ 77.413146, 23.2055251, 0.0 ], [ 77.413146, 23.2055126, 0.0 ], [ 77.4131471, 23.2055035, 0.0 ], [ 77.4131498, 23.205493, 0.0 ], [ 77.4131661, 23.2054475, 0.0 ], [ 77.4132623, 23.2052272, 0.0 ], [ 77.413349, 23.2050285, 0.0 ], [ 77.4131406, 23.2048638, 0.0 ], [ 77.4128826, 23.2044851, 0.0 ], [ 77.412723, 23.2043145, 0.0 ], [ 77.4124267, 23.2038386, 0.0 ], [ 77.412215, 23.2034944, 0.0 ], [ 77.411919, 23.2031465, 0.0 ], [ 77.4119063, 23.20313, 0.0 ], [ 77.4114171, 23.2024981, 0.0 ], [ 77.4111128, 23.2020384, 0.0 ], [ 77.4110274, 23.201822, 0.0 ], [ 77.4108711, 23.2012684, 0.0 ], [ 77.4107085, 23.2004045, 0.0 ], [ 77.4108166, 23.2003764, 0.0 ], [ 77.4115943, 23.2001746, 0.0 ], [ 77.4114789, 23.1989371, 0.0 ], [ 77.4112467, 23.1963591, 0.0 ], [ 77.4109663, 23.1964494, 0.0 ], [ 77.4103443, 23.1970578, 0.0 ], [ 77.4098867, 23.196346, 0.0 ], [ 77.4095379, 23.1957439, 0.0 ], [ 77.4097115, 23.1956803, 0.0 ], [ 77.409733, 23.1956756, 0.0 ], [ 77.4100432, 23.1952414, 0.0 ], [ 77.4102082, 23.1952551, 0.0 ], [ 77.4104272, 23.195116, 0.0 ], [ 77.4105838, 23.1951411, 0.0 ], [ 77.4107868, 23.1952456, 0.0 ], [ 77.4109318, 23.1954347, 0.0 ], [ 77.4111531, 23.1955451, 0.0 ], [ 77.4115417, 23.1956712, 0.0 ], [ 77.4120385, 23.1955089, 0.0 ], [ 77.4141389, 23.1943102, 0.0 ], [ 77.4149004, 23.1937953, 0.0 ], [ 77.4150089, 23.1936994, 0.0 ], [ 77.4150285, 23.193679, 0.0 ], [ 77.4150405, 23.1936649, 0.0 ], [ 77.4150473, 23.1936539, 0.0 ], [ 77.4150541, 23.1936367, 0.0 ], [ 77.4150575, 23.1936249, 0.0 ], [ 77.4150724, 23.1935301, 0.0 ], [ 77.415078, 23.1933956, 0.0 ], [ 77.4150739, 23.1933013, 0.0 ], [ 77.4150729, 23.1932797, 0.0 ], [ 77.4150644, 23.1932624, 0.0 ], [ 77.4150516, 23.1932412, 0.0 ], [ 77.4150362, 23.1932208, 0.0 ], [ 77.414788, 23.1929918, 0.0 ], [ 77.4147574, 23.1929685, 0.0 ], [ 77.4147214, 23.1929428, 0.0 ], [ 77.4146253, 23.192906, 0.0 ], [ 77.4145933, 23.192895, 0.0 ], [ 77.4145533, 23.1928827, 0.0 ], [ 77.414516, 23.192868, 0.0 ], [ 77.4144132, 23.1928104, 0.0 ], [ 77.4143746, 23.1927834, 0.0 ], [ 77.4143506, 23.1927589, 0.0 ], [ 77.4143359, 23.1927368, 0.0 ], [ 77.4143212, 23.1926927, 0.0 ], [ 77.4143225, 23.1926485, 0.0 ], [ 77.4143457, 23.1920275, 0.0 ], [ 77.414344, 23.1920172, 0.0 ], [ 77.4143422, 23.1920056, 0.0 ], [ 77.4143394, 23.1919972, 0.0 ], [ 77.4143342, 23.1919879, 0.0 ], [ 77.4143248, 23.1919751, 0.0 ], [ 77.4143001, 23.1919414, 0.0 ], [ 77.4142718, 23.1919129, 0.0 ], [ 77.4141808, 23.1918081, 0.0 ], [ 77.4141501, 23.1917576, 0.0 ], [ 77.4140827, 23.1916195, 0.0 ], [ 77.4140696, 23.1915896, 0.0 ], [ 77.4140475, 23.1915118, 0.0 ], [ 77.4140454, 23.1914819, 0.0 ], [ 77.4140532, 23.1913829, 0.0 ], [ 77.4140584, 23.1913495, 0.0 ], [ 77.4140799, 23.1912508, 0.0 ], [ 77.4141274, 23.1911246, 0.0 ], [ 77.4143266, 23.1907034, 0.0 ], [ 77.4144576, 23.1904598, 0.0 ], [ 77.4144733, 23.1904307, 0.0 ], [ 77.4144879, 23.1904061, 0.0 ], [ 77.4145039, 23.1903865, 0.0 ], [ 77.4145266, 23.1903657, 0.0 ], [ 77.4145573, 23.1903473, 0.0 ], [ 77.414608, 23.1903363, 0.0 ], [ 77.414652, 23.1903338, 0.0 ], [ 77.4150493, 23.1903612, 0.0 ], [ 77.4151855, 23.1903706, 0.0 ], [ 77.4152802, 23.1903718, 0.0 ], [ 77.4153803, 23.1903583, 0.0 ], [ 77.4154096, 23.190351, 0.0 ], [ 77.415511, 23.1903203, 0.0 ], [ 77.4167422, 23.1897908, 0.0 ], [ 77.4169523, 23.1897133, 0.0 ], [ 77.4171478, 23.1896295, 0.0 ], [ 77.4172386, 23.1900798, 0.0 ], [ 77.4172994, 23.1903513, 0.0 ], [ 77.417337, 23.1905691, 0.0 ], [ 77.4173397, 23.1906508, 0.0 ], [ 77.4173439, 23.1907825, 0.0 ], [ 77.4173456, 23.1908808, 0.0 ], [ 77.4173167, 23.1910292, 0.0 ], [ 77.4172986, 23.1911222, 0.0 ], [ 77.4172195, 23.1914095, 0.0 ], [ 77.4171644, 23.1916521, 0.0 ], [ 77.4171359, 23.1919139, 0.0 ], [ 77.4171188, 23.1922071, 0.0 ], [ 77.4170825, 23.1939842, 0.0 ], [ 77.4170253, 23.19559, 0.0 ], [ 77.4169767, 23.1971885, 0.0 ], [ 77.4169917, 23.1972953, 0.0 ], [ 77.4170827, 23.197374, 0.0 ], [ 77.4172423, 23.1974046, 0.0 ], [ 77.4176058, 23.1973141, 0.0 ], [ 77.4177609, 23.1972948, 0.0 ], [ 77.4181583, 23.1977443, 0.0 ], [ 77.4182431, 23.1978733, 0.0 ], [ 77.4183124, 23.1980377, 0.0 ], [ 77.4184077, 23.1983777, 0.0 ], [ 77.4184562, 23.199118, 0.0 ], [ 77.4185518, 23.1994198, 0.0 ], [ 77.4186556, 23.1995398, 0.0 ], [ 77.418829, 23.1996378, 0.0 ], [ 77.4189323, 23.1996735, 0.0 ], [ 77.419321, 23.199808, 0.0 ], [ 77.4194237, 23.1998895, 0.0 ], [ 77.4207447, 23.2012964, 0.0 ], [ 77.4202637, 23.2016831, 0.0 ], [ 77.4189817, 23.2027922, 0.0 ], [ 77.4179984, 23.2036345, 0.0 ], [ 77.4177358, 23.2038677, 0.0 ], [ 77.4178046, 23.2040423, 0.0 ], [ 77.4178316, 23.2040968, 0.0 ], [ 77.4181898, 23.2046241, 0.0 ], [ 77.4182167, 23.204686, 0.0 ], [ 77.4182383, 23.2047503, 0.0 ], [ 77.4182571, 23.2048221, 0.0 ], [ 77.4182733, 23.2048667, 0.0 ], [ 77.4182975, 23.2049038, 0.0 ], [ 77.4183272, 23.2049311, 0.0 ], [ 77.4183649, 23.2049533, 0.0 ], [ 77.418416, 23.2049756, 0.0 ], [ 77.4184538, 23.2049929, 0.0 ], [ 77.4184834, 23.2050127, 0.0 ], [ 77.4185076, 23.2050474, 0.0 ], [ 77.4185238, 23.2050722, 0.0 ], [ 77.4185631, 23.2051599, 0.0 ], [ 77.4186558, 23.2055172, 0.0 ], [ 77.4187188, 23.2058378, 0.0 ], [ 77.4187442, 23.2058733, 0.0 ], [ 77.4188424, 23.2059413, 0.0 ], [ 77.41886, 23.2059534, 0.0 ], [ 77.4188677, 23.2059615, 0.0 ], [ 77.4188799, 23.2059778, 0.0 ], [ 77.4188909, 23.205997, 0.0 ], [ 77.4189031, 23.2060244, 0.0 ], [ 77.418913, 23.2060599, 0.0 ], [ 77.4189273, 23.2061238, 0.0 ], [ 77.4189328, 23.2061572, 0.0 ], [ 77.4189339, 23.2061866, 0.0 ], [ 77.4189339, 23.206216, 0.0 ], [ 77.4189339, 23.2062353, 0.0 ], [ 77.4188918, 23.206525, 0.0 ], [ 77.4188335, 23.2071945, 0.0 ], [ 77.4188402, 23.2072422, 0.0 ], [ 77.4188435, 23.2072614, 0.0 ], [ 77.4188689, 23.207302, 0.0 ], [ 77.4188898, 23.2073131, 0.0 ], [ 77.4189119, 23.2073202, 0.0 ], [ 77.4189251, 23.2073213, 0.0 ], [ 77.4189483, 23.2073213, 0.0 ], [ 77.4189877, 23.2073127, 0.0 ], [ 77.4191204, 23.2072837, 0.0 ], [ 77.420141, 23.2070162, 0.0 ], [ 77.4203878, 23.2078298, 0.0 ], [ 77.4203191, 23.2082218, 0.0 ], [ 77.4202351, 23.2083555, 0.0 ], [ 77.4199988, 23.2085423, 0.0 ], [ 77.4198175, 23.2086441, 0.0 ], [ 77.4197515, 23.2087106, 0.0 ], [ 77.4197296, 23.2087689, 0.0 ], [ 77.4197296, 23.2088553, 0.0 ], [ 77.4199608, 23.2093455, 0.0 ], [ 77.4201712, 23.2094833, 0.0 ], [ 77.4206285, 23.2098962, 0.0 ], [ 77.4209192, 23.2110738, 0.0 ], [ 77.420684, 23.2115008, 0.0 ], [ 77.4203791, 23.2118923, 0.0 ], [ 77.4204116, 23.2123424, 0.0 ], [ 77.4202502, 23.2129959, 0.0 ], [ 77.4198705, 23.2141899, 0.0 ], [ 77.4196059, 23.2146796, 0.0 ], [ 77.4189439, 23.2143641, 0.0 ], [ 77.4188891, 23.2144488, 0.0 ], [ 77.4185696, 23.2149439, 0.0 ], [ 77.4182995, 23.2153044, 0.0 ], [ 77.4179206, 23.2158016, 0.0 ], [ 77.4177623, 23.2160517, 0.0 ], [ 77.4173279, 23.2171616, 0.0 ], [ 77.4172892, 23.2172278, 0.0 ], [ 77.4172238, 23.2172891, 0.0 ], [ 77.4169841, 23.2174186, 0.0 ], [ 77.4167794, 23.2175101, 0.0 ], [ 77.4147583, 23.2185498, 0.0 ], [ 77.4113539, 23.2203243, 0.0 ], [ 77.4106312, 23.2206408, 0.0 ], [ 77.4085278, 23.221243, 0.0 ], [ 77.4083999, 23.2212796, 0.0 ], [ 77.407576, 23.2214728, 0.0 ], [ 77.4074271, 23.2215078, 0.0 ], [ 77.4075218, 23.2220214, 0.0 ] ] ] } },
{ "type": "Feature", "properties": { "objectid": 22, "townname": "Bhopal", "towncensuscode2011": 802312, "town_lgd_code": 250946, "ward_lgd_code": 32964, "ward_lgd_name": "Kapdamil Ward", "sourcewardcode": 37, "state": "Madhya Pradesh" }, "geometry": { "type": "Polygon", "coordinates": [ [ [ 77.4209332, 23.2794498, 0.0 ], [ 77.421066, 23.2796456, 0.0 ], [ 77.4210936, 23.27968, 0.0 ], [ 77.4211309, 23.2797263, 0.0 ], [ 77.4220928, 23.281113, 0.0 ], [ 77.4211123, 23.2816699, 0.0 ], [ 77.4197201, 23.279634, 0.0 ], [ 77.4196523, 23.2795343, 0.0 ], [ 77.4188146, 23.2781972, 0.0 ], [ 77.4179514, 23.2770369, 0.0 ], [ 77.4162734, 23.2747812, 0.0 ], [ 77.4159863, 23.274327, 0.0 ], [ 77.4158375, 23.274078, 0.0 ], [ 77.4157311, 23.2738973, 0.0 ], [ 77.4156062, 23.2736165, 0.0 ], [ 77.4149691, 23.2719608, 0.0 ], [ 77.4141779, 23.2697648, 0.0 ], [ 77.413175, 23.2672078, 0.0 ], [ 77.4138137, 23.2670257, 0.0 ], [ 77.41451, 23.2674532, 0.0 ], [ 77.4156062, 23.267364, 0.0 ], [ 77.4163617, 23.2673024, 0.0 ], [ 77.4165188, 23.2672895, 0.0 ], [ 77.4166989, 23.2671896, 0.0 ], [ 77.4168362, 23.2671293, 0.0 ], [ 77.4170918, 23.2670369, 0.0 ], [ 77.4177156, 23.2667829, 0.0 ], [ 77.4178187, 23.26675, 0.0 ], [ 77.4180761, 23.2666623, 0.0 ], [ 77.4183874, 23.2665561, 0.0 ], [ 77.4185286, 23.2665217, 0.0 ], [ 77.4186596, 23.2664951, 0.0 ], [ 77.4187634, 23.2664873, 0.0 ], [ 77.4188926, 23.2664826, 0.0 ], [ 77.4190203, 23.2664779, 0.0 ], [ 77.4191054, 23.2664842, 0.0 ], [ 77.4191751, 23.2664936, 0.0 ], [ 77.4195882, 23.2665958, 0.0 ], [ 77.4198488, 23.2666603, 0.0 ], [ 77.4202906, 23.266807, 0.0 ], [ 77.4204259, 23.2668457, 0.0 ], [ 77.420538, 23.2668726, 0.0 ], [ 77.4207114, 23.2669006, 0.0 ], [ 77.4207973, 23.2669089, 0.0 ], [ 77.4208353, 23.2669131, 0.0 ], [ 77.4210288, 23.266924, 0.0 ], [ 77.4210551, 23.2669252, 0.0 ], [ 77.4210783, 23.2669236, 0.0 ], [ 77.4211675, 23.2669088, 0.0 ], [ 77.4214158, 23.2668571, 0.0 ], [ 77.4214507, 23.2668498, 0.0 ], [ 77.4214685, 23.2668441, 0.0 ], [ 77.4214922, 23.2668347, 0.0 ], [ 77.4216003, 23.2667791, 0.0 ], [ 77.4220297, 23.2665584, 0.0 ], [ 77.4221739, 23.2665007, 0.0 ], [ 77.4222313, 23.2664803, 0.0 ], [ 77.4222793, 23.2664691, 0.0 ], [ 77.4227472, 23.2663978, 0.0 ], [ 77.4228452, 23.2666255, 0.0 ], [ 77.4229062, 23.2667632, 0.0 ], [ 77.4229667, 23.2669244, 0.0 ], [ 77.4230211, 23.2671189, 0.0 ], [ 77.4230393, 23.2672161, 0.0 ], [ 77.4230393, 23.2672745, 0.0 ], [ 77.4229909, 23.2679663, 0.0 ], [ 77.4230272, 23.2682274, 0.0 ], [ 77.4230332, 23.2682636, 0.0 ], [ 77.4231005, 23.2685006, 0.0 ], [ 77.4231302, 23.2685734, 0.0 ], [ 77.4231736, 23.268644, 0.0 ], [ 77.4231897, 23.2686633, 0.0 ], [ 77.4232095, 23.2686883, 0.0 ], [ 77.4232392, 23.2687179, 0.0 ], [ 77.4232739, 23.2687475, 0.0 ], [ 77.4233049, 23.2687691, 0.0 ], [ 77.4233507, 23.268793, 0.0 ], [ 77.4237314, 23.268954, 0.0 ], [ 77.4242377, 23.2686838, 0.0 ], [ 77.4243356, 23.2687191, 0.0 ], [ 77.4245102, 23.2687908, 0.0 ], [ 77.4246353, 23.268875, 0.0 ], [ 77.4252052, 23.2692562, 0.0 ], [ 77.4259038, 23.2696966, 0.0 ], [ 77.4260723, 23.2697831, 0.0 ], [ 77.4264278, 23.2698969, 0.0 ], [ 77.4268565, 23.2699037, 0.0 ], [ 77.4276183, 23.2699345, 0.0 ], [ 77.4278413, 23.2699527, 0.0 ], [ 77.4284396, 23.2700835, 0.0 ], [ 77.4288695, 23.2702099, 0.0 ], [ 77.4295384, 23.2703817, 0.0 ], [ 77.4301082, 23.2705501, 0.0 ], [ 77.4302334, 23.270599, 0.0 ], [ 77.4304848, 23.2707094, 0.0 ], [ 77.4307134, 23.2708697, 0.0 ], [ 77.4307274, 23.2708776, 0.0 ], [ 77.4307343, 23.2708907, 0.0 ], [ 77.4307998, 23.2710085, 0.0 ], [ 77.4308094, 23.2710265, 0.0 ], [ 77.4308141, 23.2710422, 0.0 ], [ 77.4308152, 23.2710573, 0.0 ], [ 77.4308163, 23.27107, 0.0 ], [ 77.4307639, 23.2719305, 0.0 ], [ 77.4307771, 23.271985, 0.0 ], [ 77.4308216, 23.2720441, 0.0 ], [ 77.4308991, 23.2721047, 0.0 ], [ 77.4311482, 23.2722431, 0.0 ], [ 77.431249, 23.2723198, 0.0 ], [ 77.4315801, 23.2726075, 0.0 ], [ 77.431612, 23.2726783, 0.0 ], [ 77.4316138, 23.2727442, 0.0 ], [ 77.431618, 23.2728849, 0.0 ], [ 77.4316322, 23.272919, 0.0 ], [ 77.4316525, 23.2729587, 0.0 ], [ 77.4318136, 23.2732325, 0.0 ], [ 77.4318298, 23.2732698, 0.0 ], [ 77.4318995, 23.2734864, 0.0 ], [ 77.4319129, 23.2735192, 0.0 ], [ 77.4319225, 23.2735356, 0.0 ], [ 77.4319443, 23.2735628, 0.0 ], [ 77.4319564, 23.2735736, 0.0 ], [ 77.4322821, 23.2737868, 0.0 ], [ 77.4323187, 23.2738316, 0.0 ], [ 77.4323397, 23.2739586, 0.0 ], [ 77.4323528, 23.2745323, 0.0 ], [ 77.4322568, 23.2745244, 0.0 ], [ 77.4321783, 23.2745223, 0.0 ], [ 77.4321351, 23.2745277, 0.0 ], [ 77.4319773, 23.2745922, 0.0 ], [ 77.4319314, 23.2746166, 0.0 ], [ 77.4319313, 23.2746977, 0.0 ], [ 77.431664, 23.2748565, 0.0 ], [ 77.4315703, 23.2748136, 0.0 ], [ 77.4313421, 23.2749634, 0.0 ], [ 77.4312325, 23.2749747, 0.0 ], [ 77.431113, 23.2749576, 0.0 ], [ 77.4310189, 23.2749468, 0.0 ], [ 77.4309271, 23.2749661, 0.0 ], [ 77.4308027, 23.2750372, 0.0 ], [ 77.4304495, 23.2753139, 0.0 ], [ 77.4302897, 23.2753638, 0.0 ], [ 77.4299717, 23.2754024, 0.0 ], [ 77.4297047, 23.2753839, 0.0 ], [ 77.4292005, 23.2753073, 0.0 ], [ 77.428911, 23.2756368, 0.0 ], [ 77.4288181, 23.2757425, 0.0 ], [ 77.4287907, 23.2758672, 0.0 ], [ 77.4288747, 23.2763597, 0.0 ], [ 77.4289452, 23.2769017, 0.0 ], [ 77.4290134, 23.2774156, 0.0 ], [ 77.4286744, 23.2773199, 0.0 ], [ 77.4281094, 23.2771284, 0.0 ], [ 77.4272715, 23.2768039, 0.0 ], [ 77.4265472, 23.2765914, 0.0 ], [ 77.4257739, 23.2763972, 0.0 ], [ 77.425406, 23.276323, 0.0 ], [ 77.4251803, 23.2762855, 0.0 ], [ 77.4249608, 23.2762576, 0.0 ], [ 77.4245443, 23.2762108, 0.0 ], [ 77.4247677, 23.276632, 0.0 ], [ 77.4249948, 23.2770824, 0.0 ], [ 77.4253227, 23.2777385, 0.0 ], [ 77.4254355, 23.2779482, 0.0 ], [ 77.4256269, 23.2783766, 0.0 ], [ 77.4227646, 23.2795005, 0.0 ], [ 77.4220622, 23.2787673, 0.0 ], [ 77.4209332, 23.2794498, 0.0 ] ] ] } },
{ "type": "Feature", "properties": { "objectid": 14, "townname": "Bhopal", "towncensuscode2011": 802312, "town_lgd_code": 250946, "ward_lgd_code": 34372, "ward_lgd_name": "Arera Colony Ward", "sourcewardcode": 48, "state": "Madhya Pradesh" }, "geometry": { "type": "Polygon", "coordinates": [ [ [ 77.4311799, 23.2115769, 0.0 ], [ 77.431102, 23.2115765, 0.0 ], [ 77.4295172, 23.2115362, 0.0 ], [ 77.4285518, 23.211522, 0.0 ], [ 77.4277377, 23.2115271, 0.0 ], [ 77.4270327, 23.211518, 0.0 ], [ 77.4262704, 23.211517, 0.0 ], [ 77.426258, 23.211251, 0.0 ], [ 77.4262163, 23.2105933, 0.0 ], [ 77.4262119, 23.2105639, 0.0 ], [ 77.4261976, 23.2104969, 0.0 ], [ 77.4261932, 23.2104858, 0.0 ], [ 77.4260896, 23.210189, 0.0 ], [ 77.4258202, 23.2096221, 0.0 ], [ 77.4252169, 23.2084091, 0.0 ], [ 77.4243523, 23.206857, 0.0 ], [ 77.4243174, 23.2068712, 0.0 ], [ 77.4240768, 23.2069693, 0.0 ], [ 77.4238331, 23.2070786, 0.0 ], [ 77.4237217, 23.2072605, 0.0 ], [ 77.4236778, 23.2073811, 0.0 ], [ 77.4236734, 23.2074156, 0.0 ], [ 77.4236635, 23.2074855, 0.0 ], [ 77.4236657, 23.2075433, 0.0 ], [ 77.423676, 23.2076599, 0.0 ], [ 77.4236774, 23.2076768, 0.0 ], [ 77.4236852, 23.2076956, 0.0 ], [ 77.4237064, 23.2077216, 0.0 ], [ 77.4237198, 23.2077333, 0.0 ], [ 77.4238476, 23.207841, 0.0 ], [ 77.4238737, 23.207863, 0.0 ], [ 77.4238886, 23.207878, 0.0 ], [ 77.4238984, 23.2078935, 0.0 ], [ 77.4238999, 23.207913, 0.0 ], [ 77.4238921, 23.2079312, 0.0 ], [ 77.4238829, 23.207948, 0.0 ], [ 77.4238502, 23.2079961, 0.0 ], [ 77.423606, 23.2083543, 0.0 ], [ 77.4235751, 23.2083997, 0.0 ], [ 77.4235602, 23.2084285, 0.0 ], [ 77.4235585, 23.2084391, 0.0 ], [ 77.4235602, 23.2084463, 0.0 ], [ 77.4235637, 23.2084524, 0.0 ], [ 77.4235727, 23.2084609, 0.0 ], [ 77.4236527, 23.2085408, 0.0 ], [ 77.4234699, 23.2087823, 0.0 ], [ 77.4234527, 23.2088027, 0.0 ], [ 77.4234468, 23.2088081, 0.0 ], [ 77.42344, 23.208813, 0.0 ], [ 77.4234296, 23.2088168, 0.0 ], [ 77.4234229, 23.2088176, 0.0 ], [ 77.4234089, 23.2088172, 0.0 ], [ 77.4233953, 23.208813, 0.0 ], [ 77.4233854, 23.2088056, 0.0 ], [ 77.4232688, 23.2086631, 0.0 ], [ 77.4232611, 23.2086556, 0.0 ], [ 77.423253, 23.2086502, 0.0 ], [ 77.4232405, 23.2086496, 0.0 ], [ 77.4232218, 23.2086486, 0.0 ], [ 77.4231341, 23.2086673, 0.0 ], [ 77.423116, 23.2086693, 0.0 ], [ 77.4230862, 23.2086693, 0.0 ], [ 77.4230754, 23.2086656, 0.0 ], [ 77.423051, 23.2086531, 0.0 ], [ 77.4230419, 23.2086495, 0.0 ], [ 77.4230202, 23.2086407, 0.0 ], [ 77.423004, 23.2086394, 0.0 ], [ 77.4229701, 23.2086453, 0.0 ], [ 77.4229502, 23.2086523, 0.0 ], [ 77.4229326, 23.2086673, 0.0 ], [ 77.4228833, 23.2087434, 0.0 ], [ 77.4228806, 23.2087476, 0.0 ], [ 77.4228614, 23.2087773, 0.0 ], [ 77.4228537, 23.2088209, 0.0 ], [ 77.4228405, 23.2088625, 0.0 ], [ 77.4228261, 23.2088919, 0.0 ], [ 77.4228096, 23.2089142, 0.0 ], [ 77.4227974, 23.2089253, 0.0 ], [ 77.4227765, 23.2089334, 0.0 ], [ 77.4227401, 23.2089334, 0.0 ], [ 77.4227048, 23.2089192, 0.0 ], [ 77.4226827, 23.208904, 0.0 ], [ 77.4226474, 23.2088726, 0.0 ], [ 77.4224418, 23.2087413, 0.0 ], [ 77.4224105, 23.2087213, 0.0 ], [ 77.4219995, 23.2085035, 0.0 ], [ 77.4203878, 23.2078298, 0.0 ], [ 77.420141, 23.2070162, 0.0 ], [ 77.4191204, 23.2072837, 0.0 ], [ 77.4189877, 23.2073127, 0.0 ], [ 77.4189483, 23.2073213, 0.0 ], [ 77.4189251, 23.2073213, 0.0 ], [ 77.4189119, 23.2073202, 0.0 ], [ 77.4188898, 23.2073131, 0.0 ], [ 77.4188689, 23.207302, 0.0 ], [ 77.4188435, 23.2072614, 0.0 ], [ 77.4188402, 23.2072422, 0.0 ], [ 77.4188335, 23.2071945, 0.0 ], [ 77.4188918, 23.206525, 0.0 ], [ 77.4189339, 23.2062353, 0.0 ], [ 77.4189339, 23.206216, 0.0 ], [ 77.4189339, 23.2061866, 0.0 ], [ 77.4189328, 23.2061572, 0.0 ], [ 77.4189273, 23.2061238, 0.0 ], [ 77.418913, 23.2060599, 0.0 ], [ 77.4189031, 23.2060244, 0.0 ], [ 77.4188909, 23.205997, 0.0 ], [ 77.4188799, 23.2059778, 0.0 ], [ 77.4188677, 23.2059615, 0.0 ], [ 77.41886, 23.2059534, 0.0 ], [ 77.4188424, 23.2059413, 0.0 ], [ 77.4187442, 23.2058733, 0.0 ], [ 77.4187188, 23.2058378, 0.0 ], [ 77.4186558, 23.2055172, 0.0 ], [ 77.4185631, 23.2051599, 0.0 ], [ 77.4185238, 23.2050722, 0.0 ], [ 77.4185076, 23.2050474, 0.0 ], [ 77.4184834, 23.2050127, 0.0 ], [ 77.4184538, 23.2049929, 0.0 ], [ 77.418416, 23.2049756, 0.0 ], [ 77.4183649, 23.2049533, 0.0 ], [ 77.4183272, 23.2049311, 0.0 ], [ 77.4182975, 23.2049038, 0.0 ], [ 77.4182733, 23.2048667, 0.0 ], [ 77.4182571, 23.2048221, 0.0 ], [ 77.4182383, 23.2047503, 0.0 ], [ 77.4182167, 23.204686, 0.0 ], [ 77.4181898, 23.2046241, 0.0 ], [ 77.4178316, 23.2040968, 0.0 ], [ 77.4178046, 23.2040423, 0.0 ], [ 77.4177358, 23.2038677, 0.0 ], [ 77.4179984, 23.2036345, 0.0 ], [ 77.4189817, 23.2027922, 0.0 ], [ 77.4202637, 23.2016831, 0.0 ], [ 77.4207447, 23.2012964, 0.0 ], [ 77.4194237, 23.1998895, 0.0 ], [ 77.419321, 23.199808, 0.0 ], [ 77.4189323, 23.1996735, 0.0 ], [ 77.418829, 23.1996378, 0.0 ], [ 77.4186556, 23.1995398, 0.0 ], [ 77.4185518, 23.1994198, 0.0 ], [ 77.4184562, 23.199118, 0.0 ], [ 77.4184077, 23.1983777, 0.0 ], [ 77.4183124, 23.1980377, 0.0 ], [ 77.4182431, 23.1978733, 0.0 ], [ 77.4181583, 23.1977443, 0.0 ], [ 77.4177609, 23.1972948, 0.0 ], [ 77.4178876, 23.1973005, 0.0 ], [ 77.4181549, 23.1973446, 0.0 ], [ 77.4182084, 23.1973631, 0.0 ], [ 77.4182799, 23.1973942, 0.0 ], [ 77.4182973, 23.1974053, 0.0 ], [ 77.4183387, 23.1974416, 0.0 ], [ 77.4183585, 23.1974615, 0.0 ], [ 77.4184238, 23.1975292, 0.0 ], [ 77.4187145, 23.1978722, 0.0 ], [ 77.4187852, 23.1979557, 0.0 ], [ 77.4189907, 23.198257, 0.0 ], [ 77.4190841, 23.1983712, 0.0 ], [ 77.4192371, 23.1985362, 0.0 ], [ 77.4193782, 23.1986714, 0.0 ], [ 77.4194795, 23.1987589, 0.0 ], [ 77.4195869, 23.1988423, 0.0 ], [ 77.4199932, 23.1991193, 0.0 ], [ 77.4202384, 23.199279, 0.0 ], [ 77.4202511, 23.1992869, 0.0 ], [ 77.4203661, 23.1993517, 0.0 ], [ 77.4205101, 23.1994204, 0.0 ], [ 77.4208521, 23.1995595, 0.0 ], [ 77.4209482, 23.1996053, 0.0 ], [ 77.4211118, 23.1996985, 0.0 ], [ 77.4213644, 23.1998775, 0.0 ], [ 77.4219577, 23.2003328, 0.0 ], [ 77.4221906, 23.2005361, 0.0 ], [ 77.4223621, 23.2006618, 0.0 ], [ 77.4225467, 23.2007935, 0.0 ], [ 77.4227095, 23.2008813, 0.0 ], [ 77.4230613, 23.201029, 0.0 ], [ 77.4234239, 23.2011508, 0.0 ], [ 77.4239081, 23.2013005, 0.0 ], [ 77.4252439, 23.2017135, 0.0 ], [ 77.4252928, 23.2017258, 0.0 ], [ 77.4253355, 23.201734, 0.0 ], [ 77.4253879, 23.2017389, 0.0 ], [ 77.4257765, 23.20178, 0.0 ], [ 77.4266911, 23.2019023, 0.0 ], [ 77.4274844, 23.2019856, 0.0 ], [ 77.4283321, 23.2020865, 0.0 ], [ 77.4293743, 23.2021849, 0.0 ], [ 77.4300441, 23.2022513, 0.0 ], [ 77.4300394, 23.2022055, 0.0 ], [ 77.4300135, 23.2019511, 0.0 ], [ 77.4299941, 23.2018553, 0.0 ], [ 77.4299943, 23.2018153, 0.0 ], [ 77.4299943, 23.2017275, 0.0 ], [ 77.4300453, 23.2012816, 0.0 ], [ 77.4300497, 23.2012415, 0.0 ], [ 77.4301526, 23.2003626, 0.0 ], [ 77.4302971, 23.1989003, 0.0 ], [ 77.4303367, 23.19859, 0.0 ], [ 77.4304709, 23.1977578, 0.0 ], [ 77.430486, 23.1976697, 0.0 ], [ 77.4305497, 23.1973448, 0.0 ], [ 77.4305881, 23.1971944, 0.0 ], [ 77.4306213, 23.1970916, 0.0 ], [ 77.430732, 23.1968267, 0.0 ], [ 77.4308386, 23.1966392, 0.0 ], [ 77.4308445, 23.1966427, 0.0 ], [ 77.4309134, 23.1966838, 0.0 ], [ 77.4318735, 23.1972742, 0.0 ], [ 77.4317249, 23.1986792, 0.0 ], [ 77.4347609, 23.1988746, 0.0 ], [ 77.434837, 23.1976102, 0.0 ], [ 77.4364931, 23.197281, 0.0 ], [ 77.4375267, 23.1970934, 0.0 ], [ 77.4375766, 23.197269, 0.0 ], [ 77.4378198, 23.1972431, 0.0 ], [ 77.4378437, 23.1970375, 0.0 ], [ 77.4378447, 23.1970237, 0.0 ], [ 77.4378767, 23.1967189, 0.0 ], [ 77.4384169, 23.1967641, 0.0 ], [ 77.4386601, 23.196812, 0.0 ], [ 77.4390336, 23.1968439, 0.0 ], [ 77.4393962, 23.1968739, 0.0 ], [ 77.4392719, 23.1984202, 0.0 ], [ 77.43972, 23.1984561, 0.0 ], [ 77.4411247, 23.1985266, 0.0 ], [ 77.4412758, 23.2006993, 0.0 ], [ 77.4412787, 23.2007324, 0.0 ], [ 77.4409547, 23.2008578, 0.0 ], [ 77.4409569, 23.201333, 0.0 ], [ 77.4405747, 23.2013224, 0.0 ], [ 77.4405735, 23.2020416, 0.0 ], [ 77.4398069, 23.2021925, 0.0 ], [ 77.4396853, 23.2027246, 0.0 ], [ 77.4397819, 23.2029805, 0.0 ], [ 77.4400021, 23.2030771, 0.0 ], [ 77.4397609, 23.2040436, 0.0 ], [ 77.4401213, 23.2041046, 0.0 ], [ 77.4401485, 23.2039772, 0.0 ], [ 77.4407443, 23.2041429, 0.0 ], [ 77.4407947, 23.2042777, 0.0 ], [ 77.4409681, 23.2042649, 0.0 ], [ 77.4410958, 23.2046156, 0.0 ], [ 77.4412003, 23.2048102, 0.0 ], [ 77.441397, 23.2048075, 0.0 ], [ 77.4413613, 23.2056069, 0.0 ], [ 77.4409599, 23.2057653, 0.0 ], [ 77.4408934, 23.2056776, 0.0 ], [ 77.4404591, 23.2055448, 0.0 ], [ 77.4402267, 23.2057207, 0.0 ], [ 77.4402175, 23.2057269, 0.0 ], [ 77.4402071, 23.2057322, 0.0 ], [ 77.440192, 23.2057364, 0.0 ], [ 77.4401637, 23.2057401, 0.0 ], [ 77.4400828, 23.2057369, 0.0 ], [ 77.4400172, 23.205732, 0.0 ], [ 77.4399842, 23.2057274, 0.0 ], [ 77.4390904, 23.2056051, 0.0 ], [ 77.4392601, 23.2046028, 0.0 ], [ 77.4392621, 23.2045582, 0.0 ], [ 77.4392652, 23.2044925, 0.0 ], [ 77.4392631, 23.2044788, 0.0 ], [ 77.4392603, 23.2044691, 0.0 ], [ 77.439249, 23.20446, 0.0 ], [ 77.4392363, 23.2044574, 0.0 ], [ 77.4392101, 23.2044529, 0.0 ], [ 77.4391565, 23.2044522, 0.0 ], [ 77.4388268, 23.2044681, 0.0 ], [ 77.4389587, 23.203879, 0.0 ], [ 77.4393082, 23.202665, 0.0 ], [ 77.4387043, 23.2024679, 0.0 ], [ 77.438658, 23.2024528, 0.0 ], [ 77.4386326, 23.2024502, 0.0 ], [ 77.4386086, 23.2024502, 0.0 ], [ 77.4384829, 23.2024755, 0.0 ], [ 77.4384264, 23.2024937, 0.0 ], [ 77.4383874, 23.2025062, 0.0 ], [ 77.4373122, 23.202903, 0.0 ], [ 77.4372932, 23.2038174, 0.0 ], [ 77.4372829, 23.2040439, 0.0 ], [ 77.4372629, 23.204253, 0.0 ], [ 77.437258, 23.2042825, 0.0 ], [ 77.4367582, 23.2042825, 0.0 ], [ 77.4364781, 23.2042802, 0.0 ], [ 77.4364996, 23.2037279, 0.0 ], [ 77.4361441, 23.2037279, 0.0 ], [ 77.4359394, 23.2037378, 0.0 ], [ 77.4359556, 23.2030373, 0.0 ], [ 77.4348816, 23.2030288, 0.0 ], [ 77.4347427, 23.2025066, 0.0 ], [ 77.4347259, 23.202143, 0.0 ], [ 77.4336948, 23.2023518, 0.0 ], [ 77.4330299, 23.2024795, 0.0 ], [ 77.4330004, 23.2021855, 0.0 ], [ 77.4327816, 23.2022281, 0.0 ], [ 77.4326596, 23.2028114, 0.0 ], [ 77.4326268, 23.2029684, 0.0 ], [ 77.4325773, 23.2032205, 0.0 ], [ 77.4324454, 23.2038916, 0.0 ], [ 77.4329355, 23.2039267, 0.0 ], [ 77.4332823, 23.2039076, 0.0 ], [ 77.4333547, 23.2041548, 0.0 ], [ 77.4334497, 23.2045128, 0.0 ], [ 77.4334705, 23.2046069, 0.0 ], [ 77.4335292, 23.2049337, 0.0 ], [ 77.4335536, 23.2051884, 0.0 ], [ 77.4335593, 23.2053085, 0.0 ], [ 77.4335671, 23.2054853, 0.0 ], [ 77.4335836, 23.2058326, 0.0 ], [ 77.4320788, 23.2058801, 0.0 ], [ 77.4319702, 23.2060006, 0.0 ], [ 77.4317915, 23.2059991, 0.0 ], [ 77.4312996, 23.2059961, 0.0 ], [ 77.4312071, 23.2059955, 0.0 ], [ 77.4311967, 23.2107954, 0.0 ], [ 77.4311799, 23.2115769, 0.0 ] ] ] } },
{ "type": "Feature", "properties": { "objectid": 15, "townname": "Bhopal", "towncensuscode2011": 802312, "town_lgd_code": 250946, "ward_lgd_code": 881948, "ward_lgd_name": "Danish Kunj Ward", "sourcewardcode": 82, "state": "Madhya Pradesh" }, "geometry": { "type": "Polygon", "coordinates": [ [ [ 77.4200854, 23.1898307, 0.0 ], [ 77.4200511, 23.1898393, 0.0 ], [ 77.4199058, 23.1899091, 0.0 ], [ 77.4195654, 23.1900298, 0.0 ], [ 77.4193726, 23.190072, 0.0 ], [ 77.4192984, 23.1900821, 0.0 ], [ 77.4192705, 23.1900798, 0.0 ], [ 77.419251, 23.1900754, 0.0 ], [ 77.4192219, 23.1900609, 0.0 ], [ 77.4192073, 23.1900508, 0.0 ], [ 77.4191866, 23.1900296, 0.0 ], [ 77.4190214, 23.1898875, 0.0 ], [ 77.418892, 23.1897541, 0.0 ], [ 77.4188183, 23.1896781, 0.0 ], [ 77.4187784, 23.1896589, 0.0 ], [ 77.4184157, 23.1895716, 0.0 ], [ 77.4183607, 23.1895559, 0.0 ], [ 77.4182163, 23.1895314, 0.0 ], [ 77.4181461, 23.1895314, 0.0 ], [ 77.4171478, 23.1896295, 0.0 ], [ 77.4171433, 23.1896106, 0.0 ], [ 77.4171193, 23.1894699, 0.0 ], [ 77.4171096, 23.1893914, 0.0 ], [ 77.4171039, 23.1893453, 0.0 ], [ 77.4171017, 23.1893082, 0.0 ], [ 77.4171093, 23.18921, 0.0 ], [ 77.4171213, 23.1891408, 0.0 ], [ 77.4171463, 23.1890312, 0.0 ], [ 77.4172002, 23.1887586, 0.0 ], [ 77.4172105, 23.1887066, 0.0 ], [ 77.4172161, 23.1886271, 0.0 ], [ 77.4172319, 23.1881443, 0.0 ], [ 77.4172443, 23.1879051, 0.0 ], [ 77.4172513, 23.1877074, 0.0 ], [ 77.4173394, 23.1857703, 0.0 ], [ 77.4173765, 23.1842949, 0.0 ], [ 77.417447, 23.1827411, 0.0 ], [ 77.4175084, 23.1804607, 0.0 ], [ 77.4175485, 23.1791418, 0.0 ], [ 77.4175673, 23.1786811, 0.0 ], [ 77.4175847, 23.1780977, 0.0 ], [ 77.4175924, 23.1775865, 0.0 ], [ 77.4175989, 23.176914, 0.0 ], [ 77.4175759, 23.1763889, 0.0 ], [ 77.4175664, 23.1760922, 0.0 ], [ 77.4175483, 23.1756073, 0.0 ], [ 77.4175393, 23.1752682, 0.0 ], [ 77.4175357, 23.1751325, 0.0 ], [ 77.4175238, 23.1749965, 0.0 ], [ 77.4175008, 23.1748458, 0.0 ], [ 77.4174045, 23.1743409, 0.0 ], [ 77.4172609, 23.1736574, 0.0 ], [ 77.4171496, 23.1731958, 0.0 ], [ 77.4170439, 23.1727573, 0.0 ], [ 77.4169079, 23.1721091, 0.0 ], [ 77.4168589, 23.1719012, 0.0 ], [ 77.4195355, 23.1713453, 0.0 ], [ 77.4197093, 23.1713165, 0.0 ], [ 77.4197616, 23.1713153, 0.0 ], [ 77.4198015, 23.1713216, 0.0 ], [ 77.4198607, 23.171333, 0.0 ], [ 77.4199074, 23.1713482, 0.0 ], [ 77.4199611, 23.1713747, 0.0 ], [ 77.4199928, 23.1714013, 0.0 ], [ 77.4200368, 23.1714468, 0.0 ], [ 77.4200657, 23.1714924, 0.0 ], [ 77.4200891, 23.1715366, 0.0 ], [ 77.4201276, 23.1715923, 0.0 ], [ 77.4201675, 23.1716391, 0.0 ], [ 77.4202019, 23.1716695, 0.0 ], [ 77.4202267, 23.1716834, 0.0 ], [ 77.420279, 23.1716935, 0.0 ], [ 77.420323, 23.1716948, 0.0 ], [ 77.4206094, 23.1716811, 0.0 ], [ 77.4229421, 23.1715369, 0.0 ], [ 77.4229181, 23.1713119, 0.0 ], [ 77.422931, 23.1712408, 0.0 ], [ 77.4226106, 23.1709522, 0.0 ], [ 77.422473, 23.1708415, 0.0 ], [ 77.4226278, 23.1706498, 0.0 ], [ 77.4231116, 23.1701259, 0.0 ], [ 77.4233373, 23.1699894, 0.0 ], [ 77.4237823, 23.1697705, 0.0 ], [ 77.4242258, 23.1695596, 0.0 ], [ 77.4242484, 23.1695873, 0.0 ], [ 77.4244558, 23.1694903, 0.0 ], [ 77.4244865, 23.1694369, 0.0 ], [ 77.4245649, 23.1693965, 0.0 ], [ 77.424573, 23.1694131, 0.0 ], [ 77.4246789, 23.1693679, 0.0 ], [ 77.4247077, 23.1693278, 0.0 ], [ 77.424891, 23.1692438, 0.0 ], [ 77.4249518, 23.1692443, 0.0 ], [ 77.4257425, 23.1689156, 0.0 ], [ 77.4262588, 23.1686853, 0.0 ], [ 77.4281185, 23.1687958, 0.0 ], [ 77.4282931, 23.1687834, 0.0 ], [ 77.4283131, 23.1687824, 0.0 ], [ 77.4284011, 23.1687566, 0.0 ], [ 77.4285547, 23.1686809, 0.0 ], [ 77.4294463, 23.1682497, 0.0 ], [ 77.4298759, 23.1680157, 0.0 ], [ 77.4306325, 23.1675092, 0.0 ], [ 77.4310309, 23.1673301, 0.0 ], [ 77.4312511, 23.1672698, 0.0 ], [ 77.4316064, 23.1671388, 0.0 ], [ 77.4318144, 23.1671185, 0.0 ], [ 77.4320756, 23.1671592, 0.0 ], [ 77.4322957, 23.1672339, 0.0 ], [ 77.4324311, 23.1673152, 0.0 ], [ 77.4325881, 23.1674505, 0.0 ], [ 77.4328741, 23.1677437, 0.0 ], [ 77.4329625, 23.1678057, 0.0 ], [ 77.4330238, 23.167828, 0.0 ], [ 77.4333169, 23.1678807, 0.0 ], [ 77.4334278, 23.1688522, 0.0 ], [ 77.4335692, 23.1692939, 0.0 ], [ 77.4337029, 23.1694705, 0.0 ], [ 77.4339232, 23.1696871, 0.0 ], [ 77.4341297, 23.1698705, 0.0 ], [ 77.4343137, 23.169988, 0.0 ], [ 77.4344795, 23.1700802, 0.0 ], [ 77.4347195, 23.1701565, 0.0 ], [ 77.4349725, 23.1701885, 0.0 ], [ 77.4361331, 23.1701364, 0.0 ], [ 77.4363731, 23.1701845, 0.0 ], [ 77.4364735, 23.1702287, 0.0 ], [ 77.4365302, 23.1702567, 0.0 ], [ 77.4366262, 23.1703129, 0.0 ], [ 77.436744, 23.1704292, 0.0 ], [ 77.4367789, 23.1705014, 0.0 ], [ 77.4367963, 23.1705696, 0.0 ], [ 77.436805, 23.1706699, 0.0 ], [ 77.4367832, 23.1708103, 0.0 ], [ 77.4367091, 23.1709587, 0.0 ], [ 77.4366785, 23.1709988, 0.0 ], [ 77.4365389, 23.1711312, 0.0 ], [ 77.4364691, 23.1711994, 0.0 ], [ 77.436408, 23.1712515, 0.0 ], [ 77.4362248, 23.1713678, 0.0 ], [ 77.4359804, 23.171416, 0.0 ], [ 77.4351645, 23.1713518, 0.0 ], [ 77.4345886, 23.1713478, 0.0 ], [ 77.4344708, 23.1713317, 0.0 ], [ 77.4343879, 23.1713117, 0.0 ], [ 77.434257, 23.1712716, 0.0 ], [ 77.4338774, 23.1711552, 0.0 ], [ 77.4337421, 23.1711191, 0.0 ], [ 77.4336287, 23.1710951, 0.0 ], [ 77.4334542, 23.171087, 0.0 ], [ 77.4333756, 23.1710991, 0.0 ], [ 77.4332622, 23.1711392, 0.0 ], [ 77.4331618, 23.1711994, 0.0 ], [ 77.4328477, 23.1714882, 0.0 ], [ 77.4324376, 23.1720738, 0.0 ], [ 77.4321016, 23.1726113, 0.0 ], [ 77.431674, 23.1730685, 0.0 ], [ 77.4315824, 23.1731768, 0.0 ], [ 77.4315431, 23.1732531, 0.0 ], [ 77.4315257, 23.1733212, 0.0 ], [ 77.4315169, 23.1734095, 0.0 ], [ 77.4315213, 23.1735058, 0.0 ], [ 77.4315868, 23.1741355, 0.0 ], [ 77.4316697, 23.1744363, 0.0 ], [ 77.4318311, 23.1747251, 0.0 ], [ 77.4322247, 23.1752777, 0.0 ], [ 77.432261, 23.1753167, 0.0 ], [ 77.4323064, 23.1753529, 0.0 ], [ 77.432367, 23.1753891, 0.0 ], [ 77.4324639, 23.175442, 0.0 ], [ 77.4325184, 23.1754838, 0.0 ], [ 77.4325548, 23.1755088, 0.0 ], [ 77.4326244, 23.1755979, 0.0 ], [ 77.4326396, 23.1756369, 0.0 ], [ 77.4327638, 23.1760406, 0.0 ], [ 77.4327698, 23.1761492, 0.0 ], [ 77.4327638, 23.1762077, 0.0 ], [ 77.4327456, 23.1762606, 0.0 ], [ 77.4327244, 23.176294, 0.0 ], [ 77.4326862, 23.1763547, 0.0 ], [ 77.4325894, 23.1764374, 0.0 ], [ 77.4324272, 23.176495, 0.0 ], [ 77.4321094, 23.1765364, 0.0 ], [ 77.4317552, 23.176603, 0.0 ], [ 77.431307, 23.1767951, 0.0 ], [ 77.4306618, 23.1770402, 0.0 ], [ 77.4304438, 23.1771265, 0.0 ], [ 77.4303287, 23.1771738, 0.0 ], [ 77.4301924, 23.1771961, 0.0 ], [ 77.4301379, 23.1771961, 0.0 ], [ 77.4300379, 23.1771682, 0.0 ], [ 77.4299531, 23.1771655, 0.0 ], [ 77.4299077, 23.177171, 0.0 ], [ 77.4298744, 23.1771877, 0.0 ], [ 77.429838, 23.1772128, 0.0 ], [ 77.4297431, 23.177291, 0.0 ], [ 77.4296525, 23.1773275, 0.0 ], [ 77.4296103, 23.17734, 0.0 ], [ 77.4295682, 23.1773617, 0.0 ], [ 77.4295458, 23.1773868, 0.0 ], [ 77.4295272, 23.1774255, 0.0 ], [ 77.4295074, 23.1775487, 0.0 ], [ 77.4294962, 23.1775818, 0.0 ], [ 77.4294851, 23.1776148, 0.0 ], [ 77.429464, 23.1776696, 0.0 ], [ 77.4292687, 23.1781483, 0.0 ], [ 77.4290021, 23.1786606, 0.0 ], [ 77.4289688, 23.1787608, 0.0 ], [ 77.4289264, 23.1789891, 0.0 ], [ 77.4289264, 23.1790699, 0.0 ], [ 77.4289416, 23.1791255, 0.0 ], [ 77.4289597, 23.1791729, 0.0 ], [ 77.4290233, 23.1792592, 0.0 ], [ 77.4290597, 23.1792898, 0.0 ], [ 77.4291172, 23.1793149, 0.0 ], [ 77.4291627, 23.1793232, 0.0 ], [ 77.4294049, 23.1793232, 0.0 ], [ 77.4295655, 23.1793371, 0.0 ], [ 77.4296291, 23.1793706, 0.0 ], [ 77.4296745, 23.1794179, 0.0 ], [ 77.4297078, 23.1794541, 0.0 ], [ 77.4297442, 23.1795181, 0.0 ], [ 77.4298138, 23.1797047, 0.0 ], [ 77.4298199, 23.1797603, 0.0 ], [ 77.4298259, 23.1797965, 0.0 ], [ 77.4298047, 23.1798856, 0.0 ], [ 77.4297563, 23.1799441, 0.0 ], [ 77.4297048, 23.1799942, 0.0 ], [ 77.4291475, 23.1803116, 0.0 ], [ 77.4287356, 23.1805538, 0.0 ], [ 77.4287144, 23.1805872, 0.0 ], [ 77.4286962, 23.1806624, 0.0 ], [ 77.4286932, 23.1807125, 0.0 ], [ 77.4286932, 23.180771, 0.0 ], [ 77.4286781, 23.1808239, 0.0 ], [ 77.4286599, 23.1808601, 0.0 ], [ 77.428569, 23.1809464, 0.0 ], [ 77.4284721, 23.1810049, 0.0 ], [ 77.42783, 23.1812415, 0.0 ], [ 77.4277876, 23.1812666, 0.0 ], [ 77.4276877, 23.1813501, 0.0 ], [ 77.4276635, 23.1813779, 0.0 ], [ 77.4276332, 23.1814114, 0.0 ], [ 77.4276059, 23.1814392, 0.0 ], [ 77.4275544, 23.1814865, 0.0 ], [ 77.4274938, 23.1815172, 0.0 ], [ 77.4273878, 23.1815283, 0.0 ], [ 77.4272394, 23.1815199, 0.0 ], [ 77.4270183, 23.1814837, 0.0 ], [ 77.4269759, 23.1814643, 0.0 ], [ 77.4269123, 23.1814281, 0.0 ], [ 77.4268094, 23.1813668, 0.0 ], [ 77.4267215, 23.1813696, 0.0 ], [ 77.42667, 23.1814253, 0.0 ], [ 77.4265368, 23.1815589, 0.0 ], [ 77.4265126, 23.1815756, 0.0 ], [ 77.4264399, 23.1816007, 0.0 ], [ 77.4263732, 23.1816174, 0.0 ], [ 77.4262339, 23.1816508, 0.0 ], [ 77.4261794, 23.1816675, 0.0 ], [ 77.4260583, 23.1817844, 0.0 ], [ 77.4259977, 23.1819014, 0.0 ], [ 77.4259704, 23.1819682, 0.0 ], [ 77.4258707, 23.1822436, 0.0 ], [ 77.4258242, 23.1823772, 0.0 ], [ 77.4255949, 23.1827728, 0.0 ], [ 77.4255343, 23.1828619, 0.0 ], [ 77.4254465, 23.1829705, 0.0 ], [ 77.4254071, 23.1830039, 0.0 ], [ 77.4253283, 23.1830596, 0.0 ], [ 77.4252859, 23.1830846, 0.0 ], [ 77.4251527, 23.183132, 0.0 ], [ 77.4247165, 23.1831347, 0.0 ], [ 77.42455, 23.1831347, 0.0 ], [ 77.4243804, 23.1831904, 0.0 ], [ 77.4242774, 23.1832739, 0.0 ], [ 77.4242441, 23.1833129, 0.0 ], [ 77.4242229, 23.1833463, 0.0 ], [ 77.4241865, 23.1834299, 0.0 ], [ 77.4241411, 23.1836275, 0.0 ], [ 77.4240745, 23.1839978, 0.0 ], [ 77.4240563, 23.1840507, 0.0 ], [ 77.4240351, 23.1840925, 0.0 ], [ 77.4239836, 23.1841649, 0.0 ], [ 77.4239321, 23.1842011, 0.0 ], [ 77.4238564, 23.18424, 0.0 ], [ 77.4237322, 23.1842512, 0.0 ], [ 77.4236716, 23.1842428, 0.0 ], [ 77.4236414, 23.1842345, 0.0 ], [ 77.4235899, 23.1841955, 0.0 ], [ 77.4235414, 23.1841565, 0.0 ], [ 77.4232719, 23.1839755, 0.0 ], [ 77.4232022, 23.1839226, 0.0 ], [ 77.4231416, 23.1838892, 0.0 ], [ 77.423072, 23.1838642, 0.0 ], [ 77.4229963, 23.1838447, 0.0 ], [ 77.4229448, 23.1838419, 0.0 ], [ 77.4228721, 23.1838475, 0.0 ], [ 77.4228357, 23.1838586, 0.0 ], [ 77.4224541, 23.1839366, 0.0 ], [ 77.4221422, 23.1840229, 0.0 ], [ 77.4220301, 23.1840758, 0.0 ], [ 77.4219483, 23.1841509, 0.0 ], [ 77.4218787, 23.1842929, 0.0 ], [ 77.4218726, 23.1844099, 0.0 ], [ 77.4219029, 23.1845797, 0.0 ], [ 77.4219302, 23.1846576, 0.0 ], [ 77.4219877, 23.1847941, 0.0 ], [ 77.4220695, 23.1848832, 0.0 ], [ 77.422127, 23.1849361, 0.0 ], [ 77.4224863, 23.1852068, 0.0 ], [ 77.422529, 23.1852371, 0.0 ], [ 77.4225716, 23.1852745, 0.0 ], [ 77.4226026, 23.1853101, 0.0 ], [ 77.422655, 23.1853796, 0.0 ], [ 77.4226957, 23.1854544, 0.0 ], [ 77.4227054, 23.1855008, 0.0 ], [ 77.4227073, 23.1855204, 0.0 ], [ 77.4227093, 23.1855863, 0.0 ], [ 77.4227034, 23.1856291, 0.0 ], [ 77.4226899, 23.1856879, 0.0 ], [ 77.4226666, 23.1857324, 0.0 ], [ 77.4226375, 23.1857752, 0.0 ], [ 77.4225697, 23.1858411, 0.0 ], [ 77.4224011, 23.1859926, 0.0 ], [ 77.4222027, 23.1860998, 0.0 ], [ 77.4218514, 23.1862251, 0.0 ], [ 77.4216364, 23.1862891, 0.0 ], [ 77.4215637, 23.1863169, 0.0 ], [ 77.4215001, 23.1863476, 0.0 ], [ 77.4214032, 23.186406, 0.0 ], [ 77.4211566, 23.1867819, 0.0 ], [ 77.4211392, 23.1868246, 0.0 ], [ 77.4211237, 23.1868745, 0.0 ], [ 77.4211179, 23.1869316, 0.0 ], [ 77.4211179, 23.1869708, 0.0 ], [ 77.4211237, 23.187026, 0.0 ], [ 77.4211334, 23.1870598, 0.0 ], [ 77.4211528, 23.1871115, 0.0 ], [ 77.421178, 23.1871632, 0.0 ], [ 77.4212128, 23.1872149, 0.0 ], [ 77.4213485, 23.1873788, 0.0 ], [ 77.4213989, 23.1874269, 0.0 ], [ 77.4214551, 23.1874518, 0.0 ], [ 77.4214784, 23.1874536, 0.0 ], [ 77.4215075, 23.1874536, 0.0 ], [ 77.4216975, 23.1873616, 0.0 ], [ 77.421743, 23.18733, 0.0 ], [ 77.4221008, 23.1871019, 0.0 ], [ 77.4221706, 23.1870651, 0.0 ], [ 77.422253, 23.1870336, 0.0 ], [ 77.4223422, 23.1870136, 0.0 ], [ 77.4225327, 23.1869882, 0.0 ], [ 77.4225847, 23.1869787, 0.0 ], [ 77.4226676, 23.1869748, 0.0 ], [ 77.4226891, 23.1869778, 0.0 ], [ 77.4227074, 23.1869826, 0.0 ], [ 77.4227269, 23.1869863, 0.0 ], [ 77.4227459, 23.1869934, 0.0 ], [ 77.4228187, 23.1870416, 0.0 ], [ 77.4229853, 23.1872419, 0.0 ], [ 77.4230175, 23.1873178, 0.0 ], [ 77.4230338, 23.1873844, 0.0 ], [ 77.4230395, 23.1874746, 0.0 ], [ 77.4230346, 23.1875344, 0.0 ], [ 77.4229424, 23.1877561, 0.0 ], [ 77.4221836, 23.1889815, 0.0 ], [ 77.4219808, 23.1893813, 0.0 ], [ 77.4219664, 23.1894001, 0.0 ], [ 77.4219544, 23.1894157, 0.0 ], [ 77.4219445, 23.1894243, 0.0 ], [ 77.4219141, 23.1894445, 0.0 ], [ 77.4218277, 23.1894815, 0.0 ], [ 77.421602, 23.1895372, 0.0 ], [ 77.4214746, 23.189558, 0.0 ], [ 77.4212622, 23.1895794, 0.0 ], [ 77.4211918, 23.1895906, 0.0 ], [ 77.4210445, 23.1896373, 0.0 ], [ 77.4205282, 23.1897873, 0.0 ], [ 77.4202583, 23.1898391, 0.0 ], [ 77.4201919, 23.18984, 0.0 ], [ 77.4201686, 23.1898336, 0.0 ], [ 77.4201095, 23.18983, 0.0 ], [ 77.4200854, 23.1898307, 0.0 ] ] ] } },
{ "type": "Feature", "properties": { "objectid": 17, "townname": "Bhopal", "towncensuscode2011": 802312, "town_lgd_code": 250946, "ward_lgd_code": 881950, "ward_lgd_name": "Sankhedi Ward", "sourcewardcode": 83, "state": "Madhya Pradesh" }, "geometry": { "type": "Polygon", "coordinates": [ [ [ 77.4197093, 23.1713165, 0.0 ], [ 77.4195355, 23.1713453, 0.0 ], [ 77.4168589, 23.1719012, 0.0 ], [ 77.4167972, 23.1716399, 0.0 ], [ 77.416156, 23.1691771, 0.0 ], [ 77.4160958, 23.1689399, 0.0 ], [ 77.4159905, 23.1683094, 0.0 ], [ 77.4159484, 23.1681329, 0.0 ], [ 77.4157644, 23.1673864, 0.0 ], [ 77.4151608, 23.1650385, 0.0 ], [ 77.4141798, 23.1611737, 0.0 ], [ 77.4148218, 23.1609164, 0.0 ], [ 77.4152638, 23.1606603, 0.0 ], [ 77.4194602, 23.1582678, 0.0 ], [ 77.4202508, 23.1590938, 0.0 ], [ 77.4205698, 23.159304, 0.0 ], [ 77.420892, 23.1594223, 0.0 ], [ 77.4225777, 23.1596439, 0.0 ], [ 77.422715, 23.1595386, 0.0 ], [ 77.4236305, 23.1596616, 0.0 ], [ 77.4236891, 23.1599279, 0.0 ], [ 77.4237891, 23.1600949, 0.0 ], [ 77.4238233, 23.1605669, 0.0 ], [ 77.4248105, 23.1606032, 0.0 ], [ 77.4258101, 23.1607138, 0.0 ], [ 77.4272133, 23.1609635, 0.0 ], [ 77.4282647, 23.1611494, 0.0 ], [ 77.4283517, 23.1598133, 0.0 ], [ 77.4325108, 23.1598189, 0.0 ], [ 77.4324921, 23.159273, 0.0 ], [ 77.4325038, 23.1590846, 0.0 ], [ 77.4325297, 23.159033, 0.0 ], [ 77.432575, 23.1589924, 0.0 ], [ 77.4326947, 23.1589061, 0.0 ], [ 77.4327108, 23.1588904, 0.0 ], [ 77.4327205, 23.1588742, 0.0 ], [ 77.4327307, 23.1588518, 0.0 ], [ 77.4327673, 23.1587704, 0.0 ], [ 77.4327855, 23.1587421, 0.0 ], [ 77.4328066, 23.1587243, 0.0 ], [ 77.4330343, 23.1585829, 0.0 ], [ 77.4330494, 23.1585779, 0.0 ], [ 77.4336792, 23.158453, 0.0 ], [ 77.4338096, 23.1584144, 0.0 ], [ 77.4338948, 23.1583737, 0.0 ], [ 77.4339444, 23.158341, 0.0 ], [ 77.4340533, 23.1582666, 0.0 ], [ 77.4342097, 23.1581358, 0.0 ], [ 77.4342604, 23.158107, 0.0 ], [ 77.4342808, 23.1581031, 0.0 ], [ 77.4352163, 23.1580509, 0.0 ], [ 77.4355467, 23.15801, 0.0 ], [ 77.4359479, 23.1579415, 0.0 ], [ 77.4360007, 23.1579157, 0.0 ], [ 77.4360406, 23.1578393, 0.0 ], [ 77.4362218, 23.1571424, 0.0 ], [ 77.4362412, 23.157071, 0.0 ], [ 77.4364244, 23.1568399, 0.0 ], [ 77.436448, 23.1567841, 0.0 ], [ 77.4364496, 23.1567361, 0.0 ], [ 77.4364412, 23.1566834, 0.0 ], [ 77.4363688, 23.1565393, 0.0 ], [ 77.4363637, 23.156513, 0.0 ], [ 77.4363659, 23.1564663, 0.0 ], [ 77.4363721, 23.1564441, 0.0 ], [ 77.4364053, 23.1564029, 0.0 ], [ 77.436488, 23.1563579, 0.0 ], [ 77.4369705, 23.1560183, 0.0 ], [ 77.4370119, 23.1560031, 0.0 ], [ 77.4370436, 23.1559961, 0.0 ], [ 77.4370747, 23.1559974, 0.0 ], [ 77.437094, 23.1560088, 0.0 ], [ 77.4371237, 23.156031, 0.0 ], [ 77.4371603, 23.1560609, 0.0 ], [ 77.4372093, 23.1560748, 0.0 ], [ 77.4372369, 23.1560805, 0.0 ], [ 77.4375147, 23.1560875, 0.0 ], [ 77.4375459, 23.1560925, 0.0 ], [ 77.4375718, 23.1561024, 0.0 ], [ 77.4377217, 23.1561559, 0.0 ], [ 77.4377584, 23.156151, 0.0 ], [ 77.4377918, 23.1561351, 0.0 ], [ 77.4378026, 23.1561133, 0.0 ], [ 77.4378058, 23.1560935, 0.0 ], [ 77.4377972, 23.1560706, 0.0 ], [ 77.4377453, 23.1559383, 0.0 ], [ 77.4377453, 23.1559166, 0.0 ], [ 77.4377571, 23.1558882, 0.0 ], [ 77.4378177, 23.1556951, 0.0 ], [ 77.4378194, 23.1556486, 0.0 ], [ 77.4378091, 23.1556195, 0.0 ], [ 77.4374697, 23.1552191, 0.0 ], [ 77.4374252, 23.1551606, 0.0 ], [ 77.4373611, 23.1550367, 0.0 ], [ 77.4373494, 23.1549236, 0.0 ], [ 77.437351, 23.1547888, 0.0 ], [ 77.4373595, 23.1546773, 0.0 ], [ 77.4373763, 23.1546014, 0.0 ], [ 77.4374269, 23.1544651, 0.0 ], [ 77.4375886, 23.1542219, 0.0 ], [ 77.4377352, 23.1541212, 0.0 ], [ 77.4378329, 23.1540747, 0.0 ], [ 77.437993, 23.1540344, 0.0 ], [ 77.4382255, 23.1540189, 0.0 ], [ 77.4384183, 23.1540164, 0.0 ], [ 77.4384901, 23.1540012, 0.0 ], [ 77.4385377, 23.1539733, 0.0 ], [ 77.4386482, 23.1538897, 0.0 ], [ 77.4392554, 23.1535015, 0.0 ], [ 77.4393344, 23.1534773, 0.0 ], [ 77.439395, 23.1534676, 0.0 ], [ 77.4400433, 23.1534761, 0.0 ], [ 77.4400799, 23.153481, 0.0 ], [ 77.4401125, 23.1534954, 0.0 ], [ 77.4402821, 23.1537073, 0.0 ], [ 77.4404796, 23.1540437, 0.0 ], [ 77.4405296, 23.15408, 0.0 ], [ 77.4406217, 23.1541212, 0.0 ], [ 77.4406507, 23.1541309, 0.0 ], [ 77.4407139, 23.1541309, 0.0 ], [ 77.4408008, 23.1541067, 0.0 ], [ 77.4412246, 23.1537024, 0.0 ], [ 77.4415142, 23.1535959, 0.0 ], [ 77.4421009, 23.1534157, 0.0 ], [ 77.4428015, 23.1532934, 0.0 ], [ 77.4433517, 23.1532474, 0.0 ], [ 77.443944, 23.1530997, 0.0 ], [ 77.4449839, 23.1527729, 0.0 ], [ 77.4451629, 23.1527463, 0.0 ], [ 77.4454367, 23.1527245, 0.0 ], [ 77.4459799, 23.1526831, 0.0 ], [ 77.4464475, 23.1526325, 0.0 ], [ 77.4465115, 23.1526309, 0.0 ], [ 77.4466615, 23.1526479, 0.0 ], [ 77.4467137, 23.1526603, 0.0 ], [ 77.4467801, 23.152689, 0.0 ], [ 77.4473661, 23.1529417, 0.0 ], [ 77.4474415, 23.1533105, 0.0 ], [ 77.4475116, 23.153479, 0.0 ], [ 77.4475821, 23.1535769, 0.0 ], [ 77.4476844, 23.153708, 0.0 ], [ 77.4477844, 23.1537864, 0.0 ], [ 77.4480712, 23.1539301, 0.0 ], [ 77.4481738, 23.1539567, 0.0 ], [ 77.4483775, 23.1540095, 0.0 ], [ 77.4485639, 23.1540445, 0.0 ], [ 77.448682, 23.1540605, 0.0 ], [ 77.4487882, 23.15407, 0.0 ], [ 77.4488908, 23.1540732, 0.0 ], [ 77.4494087, 23.154098, 0.0 ], [ 77.4494808, 23.1541141, 0.0 ], [ 77.4495505, 23.1541402, 0.0 ], [ 77.4496048, 23.1541811, 0.0 ], [ 77.4496239, 23.1542176, 0.0 ], [ 77.4496435, 23.1542692, 0.0 ], [ 77.4496673, 23.1543679, 0.0 ], [ 77.4496649, 23.1544234, 0.0 ], [ 77.4495867, 23.1546883, 0.0 ], [ 77.449525, 23.1550781, 0.0 ], [ 77.4495022, 23.1557275, 0.0 ], [ 77.4495089, 23.1560049, 0.0 ], [ 77.4495174, 23.1560494, 0.0 ], [ 77.449543, 23.1560855, 0.0 ], [ 77.4499067, 23.15633, 0.0 ], [ 77.4499683, 23.156343, 0.0 ], [ 77.4500865, 23.1563198, 0.0 ], [ 77.4513339, 23.1560829, 0.0 ], [ 77.4516449, 23.1565958, 0.0 ], [ 77.4513024, 23.1574077, 0.0 ], [ 77.4516193, 23.1588429, 0.0 ], [ 77.4523831, 23.1618058, 0.0 ], [ 77.4520136, 23.1620497, 0.0 ], [ 77.4497425, 23.1670046, 0.0 ], [ 77.4479366, 23.1663883, 0.0 ], [ 77.4446703, 23.1670089, 0.0 ], [ 77.4443565, 23.1673464, 0.0 ], [ 77.4428213, 23.1672647, 0.0 ], [ 77.4425507, 23.1674297, 0.0 ], [ 77.4425052, 23.1674403, 0.0 ], [ 77.4424515, 23.1674264, 0.0 ], [ 77.4422809, 23.1673189, 0.0 ], [ 77.442093, 23.1673096, 0.0 ], [ 77.4403519, 23.1673812, 0.0 ], [ 77.4402581, 23.167311, 0.0 ], [ 77.4390392, 23.1672942, 0.0 ], [ 77.4388226, 23.1672588, 0.0 ], [ 77.4385672, 23.1672172, 0.0 ], [ 77.4360759, 23.166637, 0.0 ], [ 77.4359386, 23.1666155, 0.0 ], [ 77.4358962, 23.1666143, 0.0 ], [ 77.4358339, 23.1666146, 0.0 ], [ 77.4357077, 23.1666306, 0.0 ], [ 77.4354642, 23.1666835, 0.0 ], [ 77.4346286, 23.1668611, 0.0 ], [ 77.4341855, 23.1669849, 0.0 ], [ 77.4340589, 23.1670405, 0.0 ], [ 77.4338167, 23.1671658, 0.0 ], [ 77.4336874, 23.1672569, 0.0 ], [ 77.4336034, 23.1673505, 0.0 ], [ 77.4335635, 23.1674213, 0.0 ], [ 77.4333169, 23.1678807, 0.0 ], [ 77.4330238, 23.167828, 0.0 ], [ 77.4329625, 23.1678057, 0.0 ], [ 77.4328741, 23.1677437, 0.0 ], [ 77.4325881, 23.1674505, 0.0 ], [ 77.4324311, 23.1673152, 0.0 ], [ 77.4322957, 23.1672339, 0.0 ], [ 77.4320756, 23.1671592, 0.0 ], [ 77.4318144, 23.1671185, 0.0 ], [ 77.4316064, 23.1671388, 0.0 ], [ 77.4312511, 23.1672698, 0.0 ], [ 77.4310309, 23.1673301, 0.0 ], [ 77.4306325, 23.1675092, 0.0 ], [ 77.4298759, 23.1680157, 0.0 ], [ 77.4294463, 23.1682497, 0.0 ], [ 77.4285547, 23.1686809, 0.0 ], [ 77.4284011, 23.1687566, 0.0 ], [ 77.4283131, 23.1687824, 0.0 ], [ 77.4282931, 23.1687834, 0.0 ], [ 77.4281185, 23.1687958, 0.0 ], [ 77.4262588, 23.1686853, 0.0 ], [ 77.4257425, 23.1689156, 0.0 ], [ 77.4249518, 23.1692443, 0.0 ], [ 77.424891, 23.1692438, 0.0 ], [ 77.4247077, 23.1693278, 0.0 ], [ 77.4246789, 23.1693679, 0.0 ], [ 77.424573, 23.1694131, 0.0 ], [ 77.4245649, 23.1693965, 0.0 ], [ 77.4244865, 23.1694369, 0.0 ], [ 77.4244558, 23.1694903, 0.0 ], [ 77.4242484, 23.1695873, 0.0 ], [ 77.4242258, 23.1695596, 0.0 ], [ 77.4237823, 23.1697705, 0.0 ], [ 77.4233373, 23.1699894, 0.0 ], [ 77.4231116, 23.1701259, 0.0 ], [ 77.4226278, 23.1706498, 0.0 ], [ 77.422473, 23.1708415, 0.0 ], [ 77.4226106, 23.1709522, 0.0 ], [ 77.422931, 23.1712408, 0.0 ], [ 77.4229181, 23.1713119, 0.0 ], [ 77.4229421, 23.1715369, 0.0 ], [ 77.4206094, 23.1716811, 0.0 ], [ 77.420323, 23.1716948, 0.0 ], [ 77.420279, 23.1716935, 0.0 ], [ 77.4202267, 23.1716834, 0.0 ], [ 77.4202019, 23.1716695, 0.0 ], [ 77.4201675, 23.1716391, 0.0 ], [ 77.4201276, 23.1715923, 0.0 ], [ 77.4200891, 23.1715366, 0.0 ], [ 77.4200657, 23.1714924, 0.0 ], [ 77.4200368, 23.1714468, 0.0 ], [ 77.4199928, 23.1714013, 0.0 ], [ 77.4199611, 23.1713747, 0.0 ], [ 77.4199074, 23.1713482, 0.0 ], [ 77.4198607, 23.171333, 0.0 ], [ 77.4198015, 23.1713216, 0.0 ], [ 77.4197616, 23.1713153, 0.0 ], [ 77.4197093, 23.1713165, 0.0 ] ] ] } },
{ "type": "Feature", "properties": { "objectid": 18, "townname": "Bhopal", "towncensuscode2011": 802312, "town_lgd_code": 250946, "ward_lgd_code": 34376, "ward_lgd_name": "Misraud Ward", "sourcewardcode": 52, "state": "Madhya Pradesh" }, "geometry": { "type": "Polygon", "coordinates": [ [ [ 77.4521683, 23.1874508, 0.0 ], [ 77.4516675, 23.1883035, 0.0 ], [ 77.4515314, 23.1885716, 0.0 ], [ 77.4514233, 23.1888556, 0.0 ], [ 77.4510323, 23.1899915, 0.0 ], [ 77.4496216, 23.1939664, 0.0 ], [ 77.4469642, 23.2015774, 0.0 ], [ 77.4460323, 23.2040607, 0.0 ], [ 77.4437252, 23.2106657, 0.0 ], [ 77.4427774, 23.2129678, 0.0 ], [ 77.4419708, 23.2161016, 0.0 ], [ 77.4413974, 23.2160095, 0.0 ], [ 77.4414938, 23.2156152, 0.0 ], [ 77.4424188, 23.211831, 0.0 ], [ 77.4440233, 23.2053202, 0.0 ], [ 77.4465798, 23.1958195, 0.0 ], [ 77.448337, 23.1901301, 0.0 ], [ 77.4447142, 23.1896918, 0.0 ], [ 77.4423081, 23.1894245, 0.0 ], [ 77.441504, 23.1894164, 0.0 ], [ 77.4412934, 23.1893755, 0.0 ], [ 77.441148, 23.18934, 0.0 ], [ 77.4409967, 23.1892827, 0.0 ], [ 77.4391098, 23.1883146, 0.0 ], [ 77.4384452, 23.1880173, 0.0 ], [ 77.4378578, 23.1879028, 0.0 ], [ 77.4364918, 23.1877531, 0.0 ], [ 77.4364535, 23.187747, 0.0 ], [ 77.4354916, 23.1876359, 0.0 ], [ 77.4341302, 23.1874719, 0.0 ], [ 77.4334994, 23.1874091, 0.0 ], [ 77.4330722, 23.1873437, 0.0 ], [ 77.4328882, 23.187311, 0.0 ], [ 77.4328081, 23.1872864, 0.0 ], [ 77.4326835, 23.1872319, 0.0 ], [ 77.4325322, 23.1871392, 0.0 ], [ 77.4319626, 23.1867028, 0.0 ], [ 77.4315798, 23.1864437, 0.0 ], [ 77.4313455, 23.1863183, 0.0 ], [ 77.4310458, 23.1861846, 0.0 ], [ 77.4307076, 23.1860728, 0.0 ], [ 77.4305236, 23.186051, 0.0 ], [ 77.430402, 23.1860619, 0.0 ], [ 77.430227, 23.1861001, 0.0 ], [ 77.4299807, 23.1861764, 0.0 ], [ 77.4296633, 23.1863264, 0.0 ], [ 77.4294882, 23.1864328, 0.0 ], [ 77.4292865, 23.1866019, 0.0 ], [ 77.4289423, 23.1869646, 0.0 ], [ 77.4286189, 23.187431, 0.0 ], [ 77.4278297, 23.1886391, 0.0 ], [ 77.4273313, 23.18937, 0.0 ], [ 77.426996, 23.1897873, 0.0 ], [ 77.4266548, 23.1901391, 0.0 ], [ 77.426284, 23.1904909, 0.0 ], [ 77.425922, 23.1907772, 0.0 ], [ 77.4257974, 23.1908808, 0.0 ], [ 77.4257114, 23.1909408, 0.0 ], [ 77.4256164, 23.1909981, 0.0 ], [ 77.4251417, 23.1911563, 0.0 ], [ 77.4248747, 23.1912299, 0.0 ], [ 77.424581, 23.1912763, 0.0 ], [ 77.4237384, 23.1914099, 0.0 ], [ 77.4227921, 23.1915583, 0.0 ], [ 77.4227491, 23.1915657, 0.0 ], [ 77.4225808, 23.1915946, 0.0 ], [ 77.4224726, 23.1916292, 0.0 ], [ 77.4223584, 23.1916705, 0.0 ], [ 77.4222434, 23.1917273, 0.0 ], [ 77.422099, 23.1918396, 0.0 ], [ 77.4220212, 23.1919075, 0.0 ], [ 77.4219737, 23.1919623, 0.0 ], [ 77.4218489, 23.1921737, 0.0 ], [ 77.4217846, 23.1923336, 0.0 ], [ 77.4217327, 23.1924629, 0.0 ], [ 77.4216811, 23.192605, 0.0 ], [ 77.4214251, 23.1932656, 0.0 ], [ 77.4206351, 23.1954815, 0.0 ], [ 77.4204657, 23.1958126, 0.0 ], [ 77.4203738, 23.1959615, 0.0 ], [ 77.4203359, 23.1960107, 0.0 ], [ 77.420257, 23.1960932, 0.0 ], [ 77.4201075, 23.1962126, 0.0 ], [ 77.4198891, 23.1963465, 0.0 ], [ 77.4196585, 23.1964806, 0.0 ], [ 77.4195878, 23.1965141, 0.0 ], [ 77.4194923, 23.196549, 0.0 ], [ 77.4194147, 23.196573, 0.0 ], [ 77.4169767, 23.1971885, 0.0 ], [ 77.4170253, 23.19559, 0.0 ], [ 77.4170825, 23.1939842, 0.0 ], [ 77.4171188, 23.1922071, 0.0 ], [ 77.4171359, 23.1919139, 0.0 ], [ 77.4171644, 23.1916521, 0.0 ], [ 77.4172195, 23.1914095, 0.0 ], [ 77.4172986, 23.1911222, 0.0 ], [ 77.4173167, 23.1910292, 0.0 ], [ 77.4173456, 23.1908808, 0.0 ], [ 77.4173439, 23.1907825, 0.0 ], [ 77.4173397, 23.1906508, 0.0 ], [ 77.417337, 23.1905691, 0.0 ], [ 77.4172994, 23.1903513, 0.0 ], [ 77.4172386, 23.1900798, 0.0 ], [ 77.4171478, 23.1896295, 0.0 ], [ 77.4181461, 23.1895314, 0.0 ], [ 77.4182163, 23.1895314, 0.0 ], [ 77.4183607, 23.1895559, 0.0 ], [ 77.4184157, 23.1895716, 0.0 ], [ 77.4187784, 23.1896589, 0.0 ], [ 77.4188183, 23.1896781, 0.0 ], [ 77.418892, 23.1897541, 0.0 ], [ 77.4190214, 23.1898875, 0.0 ], [ 77.4191866, 23.1900296, 0.0 ], [ 77.4192073, 23.1900508, 0.0 ], [ 77.4192219, 23.1900609, 0.0 ], [ 77.419251, 23.1900754, 0.0 ], [ 77.4192705, 23.1900798, 0.0 ], [ 77.4192984, 23.1900821, 0.0 ], [ 77.4193726, 23.190072, 0.0 ], [ 77.4195654, 23.1900298, 0.0 ], [ 77.4199058, 23.1899091, 0.0 ], [ 77.4200511, 23.1898393, 0.0 ], [ 77.4200854, 23.1898307, 0.0 ], [ 77.4201095, 23.18983, 0.0 ], [ 77.4201686, 23.1898336, 0.0 ], [ 77.4201919, 23.18984, 0.0 ], [ 77.4202583, 23.1898391, 0.0 ], [ 77.4205282, 23.1897873, 0.0 ], [ 77.4210445, 23.1896373, 0.0 ], [ 77.4211918, 23.1895906, 0.0 ], [ 77.4212622, 23.1895794, 0.0 ], [ 77.4214746, 23.189558, 0.0 ], [ 77.421602, 23.1895372, 0.0 ], [ 77.4218277, 23.1894815, 0.0 ], [ 77.4219141, 23.1894445, 0.0 ], [ 77.4219445, 23.1894243, 0.0 ], [ 77.4219544, 23.1894157, 0.0 ], [ 77.4219664, 23.1894001, 0.0 ], [ 77.4219808, 23.1893813, 0.0 ], [ 77.4221836, 23.1889815, 0.0 ], [ 77.4229424, 23.1877561, 0.0 ], [ 77.4230346, 23.1875344, 0.0 ], [ 77.4230395, 23.1874746, 0.0 ], [ 77.4230338, 23.1873844, 0.0 ], [ 77.4230175, 23.1873178, 0.0 ], [ 77.4229853, 23.1872419, 0.0 ], [ 77.4228187, 23.1870416, 0.0 ], [ 77.4227459, 23.1869934, 0.0 ], [ 77.4227269, 23.1869863, 0.0 ], [ 77.4227074, 23.1869826, 0.0 ], [ 77.4226891, 23.1869778, 0.0 ], [ 77.4226676, 23.1869748, 0.0 ], [ 77.4225847, 23.1869787, 0.0 ], [ 77.4225327, 23.1869882, 0.0 ], [ 77.4223422, 23.1870136, 0.0 ], [ 77.422253, 23.1870336, 0.0 ], [ 77.4221706, 23.1870651, 0.0 ], [ 77.4221008, 23.1871019, 0.0 ], [ 77.421743, 23.18733, 0.0 ], [ 77.4216975, 23.1873616, 0.0 ], [ 77.4215075, 23.1874536, 0.0 ], [ 77.4214784, 23.1874536, 0.0 ], [ 77.4214551, 23.1874518, 0.0 ], [ 77.4213989, 23.1874269, 0.0 ], [ 77.4213485, 23.1873788, 0.0 ], [ 77.4212128, 23.1872149, 0.0 ], [ 77.421178, 23.1871632, 0.0 ], [ 77.4211528, 23.1871115, 0.0 ], [ 77.4211334, 23.1870598, 0.0 ], [ 77.4211237, 23.187026, 0.0 ], [ 77.4211179, 23.1869708, 0.0 ], [ 77.4211179, 23.1869316, 0.0 ], [ 77.4211237, 23.1868745, 0.0 ], [ 77.4211392, 23.1868246, 0.0 ], [ 77.4211566, 23.1867819, 0.0 ], [ 77.4214032, 23.186406, 0.0 ], [ 77.4215001, 23.1863476, 0.0 ], [ 77.4215637, 23.1863169, 0.0 ], [ 77.4216364, 23.1862891, 0.0 ], [ 77.4218514, 23.1862251, 0.0 ], [ 77.4222027, 23.1860998, 0.0 ], [ 77.4224011, 23.1859926, 0.0 ], [ 77.4225697, 23.1858411, 0.0 ], [ 77.4226375, 23.1857752, 0.0 ], [ 77.4226666, 23.1857324, 0.0 ], [ 77.4226899, 23.1856879, 0.0 ], [ 77.4227034, 23.1856291, 0.0 ], [ 77.4227093, 23.1855863, 0.0 ], [ 77.4227073, 23.1855204, 0.0 ], [ 77.4227054, 23.1855008, 0.0 ], [ 77.4226957, 23.1854544, 0.0 ], [ 77.422655, 23.1853796, 0.0 ], [ 77.4226026, 23.1853101, 0.0 ], [ 77.4225716, 23.1852745, 0.0 ], [ 77.422529, 23.1852371, 0.0 ], [ 77.4224863, 23.1852068, 0.0 ], [ 77.422127, 23.1849361, 0.0 ], [ 77.4220695, 23.1848832, 0.0 ], [ 77.4219877, 23.1847941, 0.0 ], [ 77.4219302, 23.1846576, 0.0 ], [ 77.4219029, 23.1845797, 0.0 ], [ 77.4218726, 23.1844099, 0.0 ], [ 77.4218787, 23.1842929, 0.0 ], [ 77.4219483, 23.1841509, 0.0 ], [ 77.4220301, 23.1840758, 0.0 ], [ 77.4221422, 23.1840229, 0.0 ], [ 77.4224541, 23.1839366, 0.0 ], [ 77.4228357, 23.1838586, 0.0 ], [ 77.4228721, 23.1838475, 0.0 ], [ 77.4229448, 23.1838419, 0.0 ], [ 77.4229963, 23.1838447, 0.0 ], [ 77.423072, 23.1838642, 0.0 ], [ 77.4231416, 23.1838892, 0.0 ], [ 77.4232022, 23.1839226, 0.0 ], [ 77.4232719, 23.1839755, 0.0 ], [ 77.4235414, 23.1841565, 0.0 ], [ 77.4235899, 23.1841955, 0.0 ], [ 77.4236414, 23.1842345, 0.0 ], [ 77.4236716, 23.1842428, 0.0 ], [ 77.4237322, 23.1842512, 0.0 ], [ 77.4238564, 23.18424, 0.0 ], [ 77.4239321, 23.1842011, 0.0 ], [ 77.4239836, 23.1841649, 0.0 ], [ 77.4240351, 23.1840925, 0.0 ], [ 77.4240563, 23.1840507, 0.0 ], [ 77.4240745, 23.1839978, 0.0 ], [ 77.4241411, 23.1836275, 0.0 ], [ 77.4241865, 23.1834299, 0.0 ], [ 77.4242229, 23.1833463, 0.0 ], [ 77.4242441, 23.1833129, 0.0 ], [ 77.4242774, 23.1832739, 0.0 ], [ 77.4243804, 23.1831904, 0.0 ], [ 77.42455, 23.1831347, 0.0 ], [ 77.4247165, 23.1831347, 0.0 ], [ 77.4251527, 23.183132, 0.0 ], [ 77.4252859, 23.1830846, 0.0 ], [ 77.4253283, 23.1830596, 0.0 ], [ 77.4254071, 23.1830039, 0.0 ], [ 77.4254465, 23.1829705, 0.0 ], [ 77.4255343, 23.1828619, 0.0 ], [ 77.4255949, 23.1827728, 0.0 ], [ 77.4258242, 23.1823772, 0.0 ], [ 77.4258707, 23.1822436, 0.0 ], [ 77.4259704, 23.1819682, 0.0 ], [ 77.4259977, 23.1819014, 0.0 ], [ 77.4260583, 23.1817844, 0.0 ], [ 77.4261794, 23.1816675, 0.0 ], [ 77.4262339, 23.1816508, 0.0 ], [ 77.4263732, 23.1816174, 0.0 ], [ 77.4264399, 23.1816007, 0.0 ], [ 77.4265126, 23.1815756, 0.0 ], [ 77.4265368, 23.1815589, 0.0 ], [ 77.42667, 23.1814253, 0.0 ], [ 77.4267215, 23.1813696, 0.0 ], [ 77.4268094, 23.1813668, 0.0 ], [ 77.4269123, 23.1814281, 0.0 ], [ 77.4269759, 23.1814643, 0.0 ], [ 77.4270183, 23.1814837, 0.0 ], [ 77.4272394, 23.1815199, 0.0 ], [ 77.4273878, 23.1815283, 0.0 ], [ 77.4274938, 23.1815172, 0.0 ], [ 77.4275544, 23.1814865, 0.0 ], [ 77.4276059, 23.1814392, 0.0 ], [ 77.4276332, 23.1814114, 0.0 ], [ 77.4276635, 23.1813779, 0.0 ], [ 77.4276877, 23.1813501, 0.0 ], [ 77.4277876, 23.1812666, 0.0 ], [ 77.42783, 23.1812415, 0.0 ], [ 77.4284721, 23.1810049, 0.0 ], [ 77.428569, 23.1809464, 0.0 ], [ 77.4286599, 23.1808601, 0.0 ], [ 77.4286781, 23.1808239, 0.0 ], [ 77.4286932, 23.180771, 0.0 ], [ 77.4286932, 23.1807125, 0.0 ], [ 77.4286962, 23.1806624, 0.0 ], [ 77.4287144, 23.1805872, 0.0 ], [ 77.4287356, 23.1805538, 0.0 ], [ 77.4291475, 23.1803116, 0.0 ], [ 77.4297048, 23.1799942, 0.0 ], [ 77.4297563, 23.1799441, 0.0 ], [ 77.4298047, 23.1798856, 0.0 ], [ 77.4298259, 23.1797965, 0.0 ], [ 77.4298199, 23.1797603, 0.0 ], [ 77.4298138, 23.1797047, 0.0 ], [ 77.4297442, 23.1795181, 0.0 ], [ 77.4297078, 23.1794541, 0.0 ], [ 77.4296745, 23.1794179, 0.0 ], [ 77.4296291, 23.1793706, 0.0 ], [ 77.4295655, 23.1793371, 0.0 ], [ 77.4294049, 23.1793232, 0.0 ], [ 77.4291627, 23.1793232, 0.0 ], [ 77.4291172, 23.1793149, 0.0 ], [ 77.4290597, 23.1792898, 0.0 ], [ 77.4290233, 23.1792592, 0.0 ], [ 77.4289597, 23.1791729, 0.0 ], [ 77.4289416, 23.1791255, 0.0 ], [ 77.4289264, 23.1790699, 0.0 ], [ 77.4289264, 23.1789891, 0.0 ], [ 77.4289688, 23.1787608, 0.0 ], [ 77.4290021, 23.1786606, 0.0 ], [ 77.4292687, 23.1781483, 0.0 ], [ 77.429464, 23.1776696, 0.0 ], [ 77.4294851, 23.1776148, 0.0 ], [ 77.4294962, 23.1775818, 0.0 ], [ 77.4295074, 23.1775487, 0.0 ], [ 77.4295272, 23.1774255, 0.0 ], [ 77.4295458, 23.1773868, 0.0 ], [ 77.4295682, 23.1773617, 0.0 ], [ 77.4296103, 23.17734, 0.0 ], [ 77.4296525, 23.1773275, 0.0 ], [ 77.4297431, 23.177291, 0.0 ], [ 77.429838, 23.1772128, 0.0 ], [ 77.4298744, 23.1771877, 0.0 ], [ 77.4299077, 23.177171, 0.0 ], [ 77.4299531, 23.1771655, 0.0 ], [ 77.4300379, 23.1771682, 0.0 ], [ 77.4301379, 23.1771961, 0.0 ], [ 77.4301924, 23.1771961, 0.0 ], [ 77.4303287, 23.1771738, 0.0 ], [ 77.4304438, 23.1771265, 0.0 ], [ 77.4306618, 23.1770402, 0.0 ], [ 77.431307, 23.1767951, 0.0 ], [ 77.4317552, 23.176603, 0.0 ], [ 77.4321094, 23.1765364, 0.0 ], [ 77.4324272, 23.176495, 0.0 ], [ 77.4325894, 23.1764374, 0.0 ], [ 77.4326862, 23.1763547, 0.0 ], [ 77.4327244, 23.176294, 0.0 ], [ 77.4327456, 23.1762606, 0.0 ], [ 77.4327638, 23.1762077, 0.0 ], [ 77.4327698, 23.1761492, 0.0 ], [ 77.4327638, 23.1760406, 0.0 ], [ 77.4326396, 23.1756369, 0.0 ], [ 77.4326244, 23.1755979, 0.0 ], [ 77.4325548, 23.1755088, 0.0 ], [ 77.4325184, 23.1754838, 0.0 ], [ 77.4324639, 23.175442, 0.0 ], [ 77.432367, 23.1753891, 0.0 ], [ 77.4323064, 23.1753529, 0.0 ], [ 77.432261, 23.1753167, 0.0 ], [ 77.4322247, 23.1752777, 0.0 ], [ 77.4318311, 23.1747251, 0.0 ], [ 77.4316697, 23.1744363, 0.0 ], [ 77.4315868, 23.1741355, 0.0 ], [ 77.4315213, 23.1735058, 0.0 ], [ 77.4315169, 23.1734095, 0.0 ], [ 77.4315257, 23.1733212, 0.0 ], [ 77.4315431, 23.1732531, 0.0 ], [ 77.4315824, 23.1731768, 0.0 ], [ 77.431674, 23.1730685, 0.0 ], [ 77.4321016, 23.1726113, 0.0 ], [ 77.4324376, 23.1720738, 0.0 ], [ 77.4328477, 23.1714882, 0.0 ], [ 77.4331618, 23.1711994, 0.0 ], [ 77.4332622, 23.1711392, 0.0 ], [ 77.4333756, 23.1710991, 0.0 ], [ 77.4334542, 23.171087, 0.0 ], [ 77.4336287, 23.1710951, 0.0 ], [ 77.4337421, 23.1711191, 0.0 ], [ 77.4338774, 23.1711552, 0.0 ], [ 77.434257, 23.1712716, 0.0 ], [ 77.4343879, 23.1713117, 0.0 ], [ 77.4344708, 23.1713317, 0.0 ], [ 77.4345886, 23.1713478, 0.0 ], [ 77.4351645, 23.1713518, 0.0 ], [ 77.4359804, 23.171416, 0.0 ], [ 77.4362248, 23.1713678, 0.0 ], [ 77.436408, 23.1712515, 0.0 ], [ 77.4364691, 23.1711994, 0.0 ], [ 77.4365389, 23.1711312, 0.0 ], [ 77.4366785, 23.1709988, 0.0 ], [ 77.4367091, 23.1709587, 0.0 ], [ 77.4367832, 23.1708103, 0.0 ], [ 77.436805, 23.1706699, 0.0 ], [ 77.4367963, 23.1705696, 0.0 ], [ 77.4367789, 23.1705014, 0.0 ], [ 77.436744, 23.1704292, 0.0 ], [ 77.4366262, 23.1703129, 0.0 ], [ 77.4365302, 23.1702567, 0.0 ], [ 77.4364735, 23.1702287, 0.0 ], [ 77.4363731, 23.1701845, 0.0 ], [ 77.4361331, 23.1701364, 0.0 ], [ 77.4349725, 23.1701885, 0.0 ], [ 77.4347195, 23.1701565, 0.0 ], [ 77.4344795, 23.1700802, 0.0 ], [ 77.4343137, 23.169988, 0.0 ], [ 77.4341297, 23.1698705, 0.0 ], [ 77.4339232, 23.1696871, 0.0 ], [ 77.4337029, 23.1694705, 0.0 ], [ 77.4335692, 23.1692939, 0.0 ], [ 77.4334278, 23.1688522, 0.0 ], [ 77.4333169, 23.1678807, 0.0 ], [ 77.4335635, 23.1674213, 0.0 ], [ 77.4336034, 23.1673505, 0.0 ], [ 77.4336874, 23.1672569, 0.0 ], [ 77.4338167, 23.1671658, 0.0 ], [ 77.4340589, 23.1670405, 0.0 ], [ 77.4341855, 23.1669849, 0.0 ], [ 77.4346286, 23.1668611, 0.0 ], [ 77.4354642, 23.1666835, 0.0 ], [ 77.4357077, 23.1666306, 0.0 ], [ 77.4358339, 23.1666146, 0.0 ], [ 77.4358962, 23.1666143, 0.0 ], [ 77.4359386, 23.1666155, 0.0 ], [ 77.4360759, 23.166637, 0.0 ], [ 77.4385672, 23.1672172, 0.0 ], [ 77.4388226, 23.1672588, 0.0 ], [ 77.4390392, 23.1672942, 0.0 ], [ 77.4402581, 23.167311, 0.0 ], [ 77.4403519, 23.1673812, 0.0 ], [ 77.442093, 23.1673096, 0.0 ], [ 77.4422809, 23.1673189, 0.0 ], [ 77.4424515, 23.1674264, 0.0 ], [ 77.4425052, 23.1674403, 0.0 ], [ 77.4425507, 23.1674297, 0.0 ], [ 77.4428213, 23.1672647, 0.0 ], [ 77.4443565, 23.1673464, 0.0 ], [ 77.4446703, 23.1670089, 0.0 ], [ 77.4479366, 23.1663883, 0.0 ], [ 77.4497425, 23.1670046, 0.0 ], [ 77.4520136, 23.1620497, 0.0 ], [ 77.4523831, 23.1618058, 0.0 ], [ 77.4516193, 23.1588429, 0.0 ], [ 77.4513024, 23.1574077, 0.0 ], [ 77.4516449, 23.1565958, 0.0 ], [ 77.4513339, 23.1560829, 0.0 ], [ 77.4500865, 23.1563198, 0.0 ], [ 77.4499683, 23.156343, 0.0 ], [ 77.4499067, 23.15633, 0.0 ], [ 77.449543, 23.1560855, 0.0 ], [ 77.4495174, 23.1560494, 0.0 ], [ 77.4495089, 23.1560049, 0.0 ], [ 77.4495022, 23.1557275, 0.0 ], [ 77.449525, 23.1550781, 0.0 ], [ 77.4495867, 23.1546883, 0.0 ], [ 77.4496649, 23.1544234, 0.0 ], [ 77.4502753, 23.154295, 0.0 ], [ 77.4505147, 23.15422, 0.0 ], [ 77.4508583, 23.1540719, 0.0 ], [ 77.4510355, 23.1539678, 0.0 ], [ 77.4515575, 23.1535675, 0.0 ], [ 77.4518145, 23.1533444, 0.0 ], [ 77.4519361, 23.1531892, 0.0 ], [ 77.4522386, 23.1526519, 0.0 ], [ 77.4524324, 23.1523921, 0.0 ], [ 77.4524829, 23.1523483, 0.0 ], [ 77.4525322, 23.1523228, 0.0 ], [ 77.4525957, 23.1523087, 0.0 ], [ 77.4528019, 23.1522801, 0.0 ], [ 77.4528563, 23.1522701, 0.0 ], [ 77.4529128, 23.1522526, 0.0 ], [ 77.4532705, 23.1520371, 0.0 ], [ 77.4532848, 23.1520077, 0.0 ], [ 77.4534379, 23.1511299, 0.0 ], [ 77.4534573, 23.1510766, 0.0 ], [ 77.4534922, 23.15102, 0.0 ], [ 77.4537671, 23.1506794, 0.0 ], [ 77.4538285, 23.1506356, 0.0 ], [ 77.4539038, 23.1506153, 0.0 ], [ 77.4540576, 23.1505828, 0.0 ], [ 77.4541212, 23.1505609, 0.0 ], [ 77.4543077, 23.1504737, 0.0 ], [ 77.4544402, 23.1504122, 0.0 ], [ 77.4544901, 23.1503804, 0.0 ], [ 77.4545566, 23.1503247, 0.0 ], [ 77.4546104, 23.1502498, 0.0 ], [ 77.454941, 23.1497796, 0.0 ], [ 77.4550307, 23.1496908, 0.0 ], [ 77.4551473, 23.1496115, 0.0 ], [ 77.4556247, 23.1493545, 0.0 ], [ 77.4557529, 23.1492611, 0.0 ], [ 77.4560092, 23.1489844, 0.0 ], [ 77.4562379, 23.1488319, 0.0 ], [ 77.4563908, 23.1487547, 0.0 ], [ 77.4565155, 23.1486387, 0.0 ], [ 77.4571643, 23.147985, 0.0 ], [ 77.4572177, 23.147927, 0.0 ], [ 77.45724, 23.14806, 0.0 ], [ 77.4583614, 23.147601, 0.0 ], [ 77.46005, 23.14691, 0.0 ], [ 77.46816, 23.14525, 0.0 ], [ 77.46942, 23.14542, 0.0 ], [ 77.46966, 23.14582, 0.0 ], [ 77.4700908, 23.1465499, 0.0 ], [ 77.47051, 23.14726, 0.0 ], [ 77.471913, 23.1495073, 0.0 ], [ 77.4748597, 23.1542272, 0.0 ], [ 77.4733605, 23.1561279, 0.0 ], [ 77.4723834, 23.1573936, 0.0 ], [ 77.4717571, 23.1583034, 0.0 ], [ 77.4716245, 23.1585273, 0.0 ], [ 77.4714998, 23.1587717, 0.0 ], [ 77.471333, 23.1591786, 0.0 ], [ 77.471304, 23.1592482, 0.0 ], [ 77.4712148, 23.1594223, 0.0 ], [ 77.4711688, 23.1595045, 0.0 ], [ 77.4709635, 23.1597916, 0.0 ], [ 77.4706713, 23.1601913, 0.0 ], [ 77.4699925, 23.1610851, 0.0 ], [ 77.4680595, 23.1635587, 0.0 ], [ 77.4675867, 23.1641711, 0.0 ], [ 77.4641869, 23.1685838, 0.0 ], [ 77.4633299, 23.1698781, 0.0 ], [ 77.4624017, 23.1713028, 0.0 ], [ 77.4590232, 23.1766854, 0.0 ], [ 77.4545835, 23.183608, 0.0 ], [ 77.4534341, 23.1854369, 0.0 ], [ 77.4521683, 23.1874508, 0.0 ] ] ] } },
{ "type": "Feature", "properties": { "objectid": 23, "townname": "Bhopal", "towncensuscode2011": 802312, "town_lgd_code": 250946, "ward_lgd_code": 34393, "ward_lgd_name": "Guru Nanak Dev Ward", "sourcewardcode": 69, "state": "Madhya Pradesh" }, "geometry": { "type": "Polygon", "coordinates": [ [ [ 77.4252768, 23.2586001, 0.0 ], [ 77.425462, 23.2585554, 0.0 ], [ 77.4254867, 23.258548, 0.0 ], [ 77.4255052, 23.2585399, 0.0 ], [ 77.4255274, 23.2585232, 0.0 ], [ 77.4256636, 23.2583915, 0.0 ], [ 77.4259218, 23.2581536, 0.0 ], [ 77.4261052, 23.2579847, 0.0 ], [ 77.4261177, 23.2579756, 0.0 ], [ 77.4261284, 23.2579691, 0.0 ], [ 77.4261462, 23.2579638, 0.0 ], [ 77.4264096, 23.2579524, 0.0 ], [ 77.4265344, 23.2579467, 0.0 ], [ 77.4270405, 23.2579025, 0.0 ], [ 77.427178, 23.2579166, 0.0 ], [ 77.4273953, 23.257939, 0.0 ], [ 77.4274068, 23.2579402, 0.0 ], [ 77.4274136, 23.2579402, 0.0 ], [ 77.4274165, 23.2579399, 0.0 ], [ 77.4274325, 23.257935, 0.0 ], [ 77.4274671, 23.2579199, 0.0 ], [ 77.4274831, 23.257909, 0.0 ], [ 77.4274901, 23.2579019, 0.0 ], [ 77.4275082, 23.257884, 0.0 ], [ 77.4275201, 23.2578687, 0.0 ], [ 77.4275302, 23.2578471, 0.0 ], [ 77.4275698, 23.2577626, 0.0 ], [ 77.4278772, 23.2568907, 0.0 ], [ 77.4280123, 23.2567285, 0.0 ], [ 77.4282813, 23.2564057, 0.0 ], [ 77.4285692, 23.2560602, 0.0 ], [ 77.4287014, 23.2558692, 0.0 ], [ 77.4289324, 23.2555171, 0.0 ], [ 77.429188, 23.2551289, 0.0 ], [ 77.4294455, 23.2547025, 0.0 ], [ 77.4298187, 23.2541558, 0.0 ], [ 77.4299336, 23.2540109, 0.0 ], [ 77.4299484, 23.2539968, 0.0 ], [ 77.429961, 23.253991, 0.0 ], [ 77.4299868, 23.2539884, 0.0 ], [ 77.4300028, 23.2539891, 0.0 ], [ 77.4300251, 23.2539916, 0.0 ], [ 77.4300467, 23.2539923, 0.0 ], [ 77.4301303, 23.2539878, 0.0 ], [ 77.4301498, 23.2539801, 0.0 ], [ 77.4301624, 23.2539705, 0.0 ], [ 77.4301728, 23.253959, 0.0 ], [ 77.4301854, 23.2539404, 0.0 ], [ 77.4301937, 23.2539238, 0.0 ], [ 77.4302007, 23.2539052, 0.0 ], [ 77.4302097, 23.2538815, 0.0 ], [ 77.4305051, 23.2528039, 0.0 ], [ 77.4305255, 23.2527554, 0.0 ], [ 77.4307874, 23.2523257, 0.0 ], [ 77.4310016, 23.2521108, 0.0 ], [ 77.4310107, 23.2521016, 0.0 ], [ 77.431333, 23.2521677, 0.0 ], [ 77.4317761, 23.2522707, 0.0 ], [ 77.4323976, 23.2524306, 0.0 ], [ 77.4328997, 23.2525598, 0.0 ], [ 77.4334147, 23.2526788, 0.0 ], [ 77.4347686, 23.2529737, 0.0 ], [ 77.434146, 23.255334, 0.0 ], [ 77.4348937, 23.2552008, 0.0 ], [ 77.4345814, 23.2567057, 0.0 ], [ 77.4345713, 23.256754, 0.0 ], [ 77.4345642, 23.256811, 0.0 ], [ 77.4345278, 23.2568046, 0.0 ], [ 77.4338632, 23.2566863, 0.0 ], [ 77.4337543, 23.2571662, 0.0 ], [ 77.4340486, 23.2574553, 0.0 ], [ 77.4338445, 23.2577554, 0.0 ], [ 77.4337492, 23.2578648, 0.0 ], [ 77.4330516, 23.2583088, 0.0 ], [ 77.4324724, 23.258687, 0.0 ], [ 77.4322402, 23.2588421, 0.0 ], [ 77.4321268, 23.2589233, 0.0 ], [ 77.4316413, 23.2593393, 0.0 ], [ 77.4299558, 23.2605628, 0.0 ], [ 77.4298701, 23.2606213, 0.0 ], [ 77.4292066, 23.2611013, 0.0 ], [ 77.4284979, 23.2615714, 0.0 ], [ 77.4276925, 23.2621064, 0.0 ], [ 77.4273501, 23.2623399, 0.0 ], [ 77.4269206, 23.2626708, 0.0 ], [ 77.4267692, 23.2627974, 0.0 ], [ 77.4265583, 23.2625145, 0.0 ], [ 77.4250714, 23.2620581, 0.0 ], [ 77.4245407, 23.2618815, 0.0 ], [ 77.4243042, 23.2618018, 0.0 ], [ 77.4240609, 23.2617455, 0.0 ], [ 77.4239521, 23.2617312, 0.0 ], [ 77.4239426, 23.2616076, 0.0 ], [ 77.4243859, 23.261384, 0.0 ], [ 77.4246634, 23.2613276, 0.0 ], [ 77.4246687, 23.2605803, 0.0 ], [ 77.4246648, 23.2602447, 0.0 ], [ 77.4246687, 23.2601078, 0.0 ], [ 77.4246904, 23.2598559, 0.0 ], [ 77.4246789, 23.2594237, 0.0 ], [ 77.4252, 23.259384, 0.0 ], [ 77.4252061, 23.2592759, 0.0 ], [ 77.4252001, 23.2589789, 0.0 ], [ 77.4251663, 23.2586403, 0.0 ], [ 77.4251666, 23.2586322, 0.0 ], [ 77.4251683, 23.2586251, 0.0 ], [ 77.4251703, 23.2586225, 0.0 ], [ 77.4251726, 23.2586209, 0.0 ], [ 77.4252768, 23.2586001, 0.0 ] ] ] } },
{ "type": "Feature", "properties": { "objectid": 16, "townname": "Bhopal", "towncensuscode2011": 802312, "town_lgd_code": 250946, "ward_lgd_code": 881951, "ward_lgd_name": "Ratanpur Sadak Ward", "sourcewardcode": 84, "state": "Madhya Pradesh" }, "geometry": { "type": "Polygon", "coordinates": [ [ [ 77.4152638, 23.1606603, 0.0 ], [ 77.4148218, 23.1609164, 0.0 ], [ 77.4141798, 23.1611737, 0.0 ], [ 77.4141697, 23.1611343, 0.0 ], [ 77.4113303, 23.150335, 0.0 ], [ 77.4090175, 23.1411856, 0.0 ], [ 77.4057469, 23.1281253, 0.0 ], [ 77.4057116, 23.1279743, 0.0 ], [ 77.4056811, 23.1278238, 0.0 ], [ 77.4056628, 23.1276067, 0.0 ], [ 77.4056574, 23.1273786, 0.0 ], [ 77.4056849, 23.1255707, 0.0 ], [ 77.405872, 23.1253887, 0.0 ], [ 77.40658, 23.1247, 0.0 ], [ 77.4069135, 23.1245606, 0.0 ], [ 77.40725, 23.12442, 0.0 ], [ 77.4084487, 23.1239149, 0.0 ], [ 77.41062, 23.123, 0.0 ], [ 77.411938, 23.1224187, 0.0 ], [ 77.41486, 23.12113, 0.0 ], [ 77.4155697, 23.1202326, 0.0 ], [ 77.4171676, 23.118212, 0.0 ], [ 77.41796, 23.11721, 0.0 ], [ 77.41888, 23.11533, 0.0 ], [ 77.42168, 23.11371, 0.0 ], [ 77.42476, 23.11192, 0.0 ], [ 77.42777, 23.10887, 0.0 ], [ 77.4293, 23.11424, 0.0 ], [ 77.42956, 23.11516, 0.0 ], [ 77.43111, 23.11635, 0.0 ], [ 77.4344033, 23.1163564, 0.0 ], [ 77.43623, 23.11636, 0.0 ], [ 77.4363239, 23.1163788, 0.0 ], [ 77.438127, 23.11674, 0.0 ], [ 77.440786, 23.1172727, 0.0 ], [ 77.44247, 23.11761, 0.0 ], [ 77.44146, 23.11923, 0.0 ], [ 77.4446073, 23.1195021, 0.0 ], [ 77.4446176, 23.119503, 0.0 ], [ 77.44655, 23.11967, 0.0 ], [ 77.4473795, 23.1197208, 0.0 ], [ 77.4507402, 23.1199264, 0.0 ], [ 77.4515739, 23.1199774, 0.0 ], [ 77.45227, 23.12002, 0.0 ], [ 77.4523426, 23.1200006, 0.0 ], [ 77.4523991, 23.1199454, 0.0 ], [ 77.4524262, 23.119892, 0.0 ], [ 77.4524262, 23.1198421, 0.0 ], [ 77.4524224, 23.1197887, 0.0 ], [ 77.4524146, 23.1197353, 0.0 ], [ 77.4524185, 23.1196428, 0.0 ], [ 77.4524572, 23.1195715, 0.0 ], [ 77.4525075, 23.1195359, 0.0 ], [ 77.4525463, 23.1195181, 0.0 ], [ 77.452585, 23.1195075, 0.0 ], [ 77.4527321, 23.1194683, 0.0 ], [ 77.4527979, 23.1194327, 0.0 ], [ 77.4528722, 23.1193337, 0.0 ], [ 77.452854, 23.119278, 0.0 ], [ 77.4528117, 23.1192113, 0.0 ], [ 77.4527331, 23.1191501, 0.0 ], [ 77.4526363, 23.119061, 0.0 ], [ 77.4526, 23.1190054, 0.0 ], [ 77.4525697, 23.1189275, 0.0 ], [ 77.4525516, 23.1188107, 0.0 ], [ 77.4524911, 23.1185548, 0.0 ], [ 77.4524548, 23.1184157, 0.0 ], [ 77.4524548, 23.11831, 0.0 ], [ 77.4524911, 23.1181876, 0.0 ], [ 77.4525939, 23.118132, 0.0 ], [ 77.4526605, 23.1181097, 0.0 ], [ 77.4527936, 23.1180652, 0.0 ], [ 77.452854, 23.1180318, 0.0 ], [ 77.4529145, 23.1179929, 0.0 ], [ 77.452975, 23.1179428, 0.0 ], [ 77.4530113, 23.1178872, 0.0 ], [ 77.4530537, 23.1178093, 0.0 ], [ 77.4530658, 23.117737, 0.0 ], [ 77.4530779, 23.1175478, 0.0 ], [ 77.4531988, 23.1172251, 0.0 ], [ 77.4532351, 23.1170304, 0.0 ], [ 77.4532351, 23.116908, 0.0 ], [ 77.4532351, 23.1167967, 0.0 ], [ 77.4532291, 23.1167188, 0.0 ], [ 77.4531988, 23.1166076, 0.0 ], [ 77.4531565, 23.1165186, 0.0 ], [ 77.4531142, 23.116424, 0.0 ], [ 77.4531021, 23.1163683, 0.0 ], [ 77.45309, 23.116296, 0.0 ], [ 77.45309, 23.1162181, 0.0 ], [ 77.4531021, 23.1161569, 0.0 ], [ 77.4533244, 23.115954, 0.0 ], [ 77.4534367, 23.1159112, 0.0 ], [ 77.4535025, 23.1158899, 0.0 ], [ 77.4537038, 23.1158293, 0.0 ], [ 77.4546593, 23.1156705, 0.0 ], [ 77.4547386, 23.1156819, 0.0 ], [ 77.4547708, 23.1156933, 0.0 ], [ 77.4548055, 23.1157161, 0.0 ], [ 77.4548278, 23.1157366, 0.0 ], [ 77.4548575, 23.1157708, 0.0 ], [ 77.4548774, 23.1158004, 0.0 ], [ 77.4548997, 23.1158574, 0.0 ], [ 77.4549641, 23.1159827, 0.0 ], [ 77.4550012, 23.1160329, 0.0 ], [ 77.4550508, 23.1160739, 0.0 ], [ 77.4551152, 23.1160967, 0.0 ], [ 77.4551772, 23.1160967, 0.0 ], [ 77.4552094, 23.1160853, 0.0 ], [ 77.4552862, 23.1160465, 0.0 ], [ 77.4553184, 23.1160124, 0.0 ], [ 77.4553828, 23.1158916, 0.0 ], [ 77.4554225, 23.1158141, 0.0 ], [ 77.4554646, 23.1157412, 0.0 ], [ 77.4555092, 23.1156819, 0.0 ], [ 77.4555786, 23.1156295, 0.0 ], [ 77.455638, 23.1155953, 0.0 ], [ 77.4556702, 23.1155794, 0.0 ], [ 77.4558932, 23.1155566, 0.0 ], [ 77.4560298, 23.115558, 0.0 ], [ 77.4561212, 23.1155589, 0.0 ], [ 77.4562352, 23.1155862, 0.0 ], [ 77.4564669, 23.1156562, 0.0 ], [ 77.4564929, 23.1156637, 0.0 ], [ 77.4565275, 23.1156842, 0.0 ], [ 77.4565498, 23.1157002, 0.0 ], [ 77.4565821, 23.1157366, 0.0 ], [ 77.4565969, 23.1157617, 0.0 ], [ 77.4566068, 23.1157982, 0.0 ], [ 77.4566068, 23.1158301, 0.0 ], [ 77.4566019, 23.1158665, 0.0 ], [ 77.456592, 23.1158961, 0.0 ], [ 77.4565498, 23.1159303, 0.0 ], [ 77.4564929, 23.1159531, 0.0 ], [ 77.4564433, 23.1159645, 0.0 ], [ 77.4563591, 23.1159759, 0.0 ], [ 77.4562971, 23.1159873, 0.0 ], [ 77.4562649, 23.1160078, 0.0 ], [ 77.4562253, 23.1160534, 0.0 ], [ 77.4562005, 23.1161012, 0.0 ], [ 77.4561881, 23.1161605, 0.0 ], [ 77.4561881, 23.1162197, 0.0 ], [ 77.4561881, 23.1162608, 0.0 ], [ 77.456193, 23.1163246, 0.0 ], [ 77.4562145, 23.1164121, 0.0 ], [ 77.4562145, 23.1164339, 0.0 ], [ 77.4562065, 23.1164602, 0.0 ], [ 77.4561938, 23.1164792, 0.0 ], [ 77.4561748, 23.116501, 0.0 ], [ 77.4561288, 23.1165273, 0.0 ], [ 77.4560908, 23.1165565, 0.0 ], [ 77.45604, 23.1165987, 0.0 ], [ 77.455994, 23.1166512, 0.0 ], [ 77.4559155, 23.1168031, 0.0 ], [ 77.4557198, 23.1173113, 0.0 ], [ 77.4556975, 23.1173819, 0.0 ], [ 77.4556975, 23.117407, 0.0 ], [ 77.4557, 23.1174959, 0.0 ], [ 77.4557148, 23.1175574, 0.0 ], [ 77.4558037, 23.1179172, 0.0 ], [ 77.4558212, 23.1179609, 0.0 ], [ 77.455837, 23.1179901, 0.0 ], [ 77.4558719, 23.1180207, 0.0 ], [ 77.4558989, 23.1180265, 0.0 ], [ 77.4559274, 23.118028, 0.0 ], [ 77.4561621, 23.1180105, 0.0 ], [ 77.456197, 23.1180134, 0.0 ], [ 77.4562129, 23.1180163, 0.0 ], [ 77.4562335, 23.1180309, 0.0 ], [ 77.4562414, 23.1180528, 0.0 ], [ 77.4562174, 23.1194505, 0.0 ], [ 77.4562295, 23.1208413, 0.0 ], [ 77.4562537, 23.1210082, 0.0 ], [ 77.4562779, 23.1211529, 0.0 ], [ 77.4565017, 23.1218316, 0.0 ], [ 77.456915, 23.1231169, 0.0 ], [ 77.4569527, 23.123234, 0.0 ], [ 77.4570826, 23.1235687, 0.0 ], [ 77.4570999, 23.1236393, 0.0 ], [ 77.4571222, 23.1236872, 0.0 ], [ 77.4571495, 23.1237259, 0.0 ], [ 77.4571916, 23.1237556, 0.0 ], [ 77.4572783, 23.1237738, 0.0 ], [ 77.4576029, 23.1238399, 0.0 ], [ 77.4576723, 23.1238649, 0.0 ], [ 77.4577293, 23.12389, 0.0 ], [ 77.4577788, 23.1239287, 0.0 ], [ 77.457811, 23.1239652, 0.0 ], [ 77.4578333, 23.1239994, 0.0 ], [ 77.4578556, 23.1240472, 0.0 ], [ 77.457868, 23.1240951, 0.0 ], [ 77.4578878, 23.1241794, 0.0 ], [ 77.4579315, 23.1242358, 0.0 ], [ 77.4579934, 23.1242892, 0.0 ], [ 77.4580322, 23.1243141, 0.0 ], [ 77.4580747, 23.1243355, 0.0 ], [ 77.4581444, 23.1243996, 0.0 ], [ 77.4581831, 23.1244494, 0.0 ], [ 77.4581986, 23.124485, 0.0 ], [ 77.4582528, 23.1245847, 0.0 ], [ 77.4582838, 23.1246203, 0.0 ], [ 77.4583496, 23.1246702, 0.0 ], [ 77.4585626, 23.1247627, 0.0 ], [ 77.4586361, 23.1248055, 0.0 ], [ 77.4587368, 23.1248767, 0.0 ], [ 77.4587832, 23.1249301, 0.0 ], [ 77.4588374, 23.1250155, 0.0 ], [ 77.45888, 23.1250761, 0.0 ], [ 77.4591549, 23.1254962, 0.0 ], [ 77.4592246, 23.1255888, 0.0 ], [ 77.4592788, 23.1257027, 0.0 ], [ 77.4593678, 23.1259412, 0.0 ], [ 77.4593794, 23.1260302, 0.0 ], [ 77.4593794, 23.1261513, 0.0 ], [ 77.4593523, 23.1263792, 0.0 ], [ 77.4592052, 23.1269025, 0.0 ], [ 77.4591859, 23.1269809, 0.0 ], [ 77.4591626, 23.1270663, 0.0 ], [ 77.4591665, 23.1271446, 0.0 ], [ 77.4592052, 23.1272336, 0.0 ], [ 77.4592826, 23.1272764, 0.0 ], [ 77.4593214, 23.1272977, 0.0 ], [ 77.4604286, 23.1276645, 0.0 ], [ 77.4612958, 23.1279101, 0.0 ], [ 77.4616714, 23.1279208, 0.0 ], [ 77.4617372, 23.1279208, 0.0 ], [ 77.4617798, 23.1279066, 0.0 ], [ 77.461834, 23.127871, 0.0 ], [ 77.4618649, 23.1278389, 0.0 ], [ 77.4619153, 23.1277997, 0.0 ], [ 77.4619656, 23.1277713, 0.0 ], [ 77.4620159, 23.1277499, 0.0 ], [ 77.462074, 23.1277285, 0.0 ], [ 77.4621088, 23.1277072, 0.0 ], [ 77.4621514, 23.1276751, 0.0 ], [ 77.4622018, 23.1276288, 0.0 ], [ 77.4622482, 23.1275754, 0.0 ], [ 77.4623024, 23.1275114, 0.0 ], [ 77.4623411, 23.1274651, 0.0 ], [ 77.4623837, 23.1274223, 0.0 ], [ 77.4624999, 23.1273191, 0.0 ], [ 77.4626431, 23.1271624, 0.0 ], [ 77.4629877, 23.1266782, 0.0 ], [ 77.4630303, 23.1265999, 0.0 ], [ 77.4630535, 23.1264361, 0.0 ], [ 77.4630535, 23.126397, 0.0 ], [ 77.4630574, 23.1263115, 0.0 ], [ 77.4630728, 23.1262225, 0.0 ], [ 77.4631193, 23.1261477, 0.0 ], [ 77.4631696, 23.126073, 0.0 ], [ 77.4632161, 23.1260053, 0.0 ], [ 77.4632393, 23.1259484, 0.0 ], [ 77.4632509, 23.1258807, 0.0 ], [ 77.4632664, 23.1258095, 0.0 ], [ 77.4633864, 23.1254891, 0.0 ], [ 77.4636497, 23.1248268, 0.0 ], [ 77.4637039, 23.1247165, 0.0 ], [ 77.4637426, 23.1246452, 0.0 ], [ 77.4637774, 23.1245918, 0.0 ], [ 77.4638316, 23.1245384, 0.0 ], [ 77.4638704, 23.1245099, 0.0 ], [ 77.4639517, 23.1244921, 0.0 ], [ 77.4640717, 23.1244779, 0.0 ], [ 77.4641723, 23.1244779, 0.0 ], [ 77.4642459, 23.1244779, 0.0 ], [ 77.4643272, 23.1244815, 0.0 ], [ 77.4643969, 23.124485, 0.0 ], [ 77.4648421, 23.1245384, 0.0 ], [ 77.4649273, 23.1245491, 0.0 ], [ 77.4650318, 23.1245527, 0.0 ], [ 77.4651673, 23.1245384, 0.0 ], [ 77.4652564, 23.1245384, 0.0 ], [ 77.4653183, 23.124542, 0.0 ], [ 77.4653648, 23.1245527, 0.0 ], [ 77.4654035, 23.1245812, 0.0 ], [ 77.4654344, 23.1246168, 0.0 ], [ 77.4654577, 23.1246524, 0.0 ], [ 77.465477, 23.1246915, 0.0 ], [ 77.4654925, 23.1247271, 0.0 ], [ 77.4655157, 23.1247841, 0.0 ], [ 77.4655583, 23.1248304, 0.0 ], [ 77.4656125, 23.1248624, 0.0 ], [ 77.4656551, 23.1248802, 0.0 ], [ 77.4657674, 23.124923, 0.0 ], [ 77.46581, 23.1249479, 0.0 ], [ 77.4658681, 23.1250084, 0.0 ], [ 77.465899, 23.1250511, 0.0 ], [ 77.4660694, 23.1253233, 0.0 ], [ 77.4661189, 23.125419, 0.0 ], [ 77.4664609, 23.1262416, 0.0 ], [ 77.4665129, 23.1263555, 0.0 ], [ 77.4665401, 23.1264216, 0.0 ], [ 77.46656, 23.1264877, 0.0 ], [ 77.4665748, 23.1265196, 0.0 ], [ 77.4665996, 23.1265538, 0.0 ], [ 77.4666578, 23.1266035, 0.0 ], [ 77.4667275, 23.1266355, 0.0 ], [ 77.4667856, 23.126664, 0.0 ], [ 77.4672115, 23.1268028, 0.0 ], [ 77.4673276, 23.1268384, 0.0 ], [ 77.4673663, 23.1268491, 0.0 ], [ 77.4674476, 23.1268598, 0.0 ], [ 77.4675173, 23.1268598, 0.0 ], [ 77.4675754, 23.1268598, 0.0 ], [ 77.4676141, 23.1268563, 0.0 ], [ 77.4682645, 23.1267886, 0.0 ], [ 77.4686207, 23.126753, 0.0 ], [ 77.4691046, 23.1265963, 0.0 ], [ 77.4693021, 23.1264931, 0.0 ], [ 77.469395, 23.1264219, 0.0 ], [ 77.4694337, 23.1263827, 0.0 ], [ 77.4695034, 23.1263044, 0.0 ], [ 77.4695344, 23.1262581, 0.0 ], [ 77.4695808, 23.1261371, 0.0 ], [ 77.4696157, 23.1260694, 0.0 ], [ 77.4696544, 23.1260018, 0.0 ], [ 77.4697899, 23.1256635, 0.0 ], [ 77.469817, 23.125546, 0.0 ], [ 77.4698479, 23.1253324, 0.0 ], [ 77.4698479, 23.1252185, 0.0 ], [ 77.4698712, 23.1245206, 0.0 ], [ 77.4698557, 23.1243569, 0.0 ], [ 77.4698325, 23.1242678, 0.0 ], [ 77.4698054, 23.1241859, 0.0 ], [ 77.4697783, 23.1241361, 0.0 ], [ 77.4697473, 23.1240898, 0.0 ], [ 77.4697124, 23.1240542, 0.0 ], [ 77.4695266, 23.1239332, 0.0 ], [ 77.4693601, 23.1238655, 0.0 ], [ 77.469275, 23.1238441, 0.0 ], [ 77.4691704, 23.123837, 0.0 ], [ 77.4686586, 23.1238741, 0.0 ], [ 77.468054, 23.1239014, 0.0 ], [ 77.4675907, 23.1238558, 0.0 ], [ 77.4674767, 23.123833, 0.0 ], [ 77.4674272, 23.1237989, 0.0 ], [ 77.4673875, 23.1237396, 0.0 ], [ 77.4673628, 23.1236872, 0.0 ], [ 77.4673429, 23.1235642, 0.0 ], [ 77.4673479, 23.1235072, 0.0 ], [ 77.4674112, 23.1232591, 0.0 ], [ 77.4674387, 23.1232001, 0.0 ], [ 77.4674931, 23.1231, 0.0 ], [ 77.4675536, 23.1230054, 0.0 ], [ 77.4676685, 23.1228497, 0.0 ], [ 77.4678198, 23.1226995, 0.0 ], [ 77.4678682, 23.122655, 0.0 ], [ 77.467971, 23.1225882, 0.0 ], [ 77.4680254, 23.1225493, 0.0 ], [ 77.4681283, 23.1224992, 0.0 ], [ 77.4682069, 23.1224714, 0.0 ], [ 77.4683279, 23.1224547, 0.0 ], [ 77.4684005, 23.1224547, 0.0 ], [ 77.468461, 23.1224658, 0.0 ], [ 77.4686304, 23.1225604, 0.0 ], [ 77.4687029, 23.1226772, 0.0 ], [ 77.4687513, 23.1227718, 0.0 ], [ 77.46883, 23.1228997, 0.0 ], [ 77.4689147, 23.1229498, 0.0 ], [ 77.4690115, 23.1229887, 0.0 ], [ 77.4691324, 23.1230166, 0.0 ], [ 77.4693865, 23.1230333, 0.0 ], [ 77.4695377, 23.1230054, 0.0 ], [ 77.4696648, 23.1229776, 0.0 ], [ 77.4697737, 23.1229498, 0.0 ], [ 77.4699067, 23.1229109, 0.0 ], [ 77.4702213, 23.1228218, 0.0 ], [ 77.470312, 23.122794, 0.0 ], [ 77.4704572, 23.122744, 0.0 ], [ 77.4706145, 23.1226828, 0.0 ], [ 77.470681, 23.1226494, 0.0 ], [ 77.4713041, 23.1221988, 0.0 ], [ 77.4714795, 23.1220374, 0.0 ], [ 77.47154, 23.1219762, 0.0 ], [ 77.4715945, 23.1219095, 0.0 ], [ 77.4716731, 23.1217871, 0.0 ], [ 77.4716852, 23.1217148, 0.0 ], [ 77.4716852, 23.1216424, 0.0 ], [ 77.4716731, 23.1215646, 0.0 ], [ 77.4716368, 23.1214533, 0.0 ], [ 77.4716005, 23.1213865, 0.0 ], [ 77.4715219, 23.1212586, 0.0 ], [ 77.4714372, 23.1211417, 0.0 ], [ 77.4713162, 23.1209526, 0.0 ], [ 77.4712739, 23.120858, 0.0 ], [ 77.4712376, 23.1207746, 0.0 ], [ 77.4712013, 23.1207078, 0.0 ], [ 77.4711226, 23.1206633, 0.0 ], [ 77.4710621, 23.1206633, 0.0 ], [ 77.4709714, 23.1206911, 0.0 ], [ 77.4707899, 23.1207523, 0.0 ], [ 77.470681, 23.1207579, 0.0 ], [ 77.470433, 23.1207245, 0.0 ], [ 77.4701427, 23.1206633, 0.0 ], [ 77.4699854, 23.1205798, 0.0 ], [ 77.4696406, 23.1204018, 0.0 ], [ 77.4695498, 23.1203295, 0.0 ], [ 77.4695135, 23.120285, 0.0 ], [ 77.4694712, 23.1202127, 0.0 ], [ 77.4694289, 23.1200903, 0.0 ], [ 77.4694168, 23.1200235, 0.0 ], [ 77.4694168, 23.1199401, 0.0 ], [ 77.4694289, 23.1198789, 0.0 ], [ 77.4694712, 23.1196508, 0.0 ], [ 77.4695498, 23.119495, 0.0 ], [ 77.4696769, 23.1193503, 0.0 ], [ 77.4697555, 23.1192613, 0.0 ], [ 77.4698281, 23.1192057, 0.0 ], [ 77.4699914, 23.1191111, 0.0 ], [ 77.4701003, 23.1190777, 0.0 ], [ 77.4702757, 23.1190388, 0.0 ], [ 77.4703604, 23.1190277, 0.0 ], [ 77.4706145, 23.1190332, 0.0 ], [ 77.4711952, 23.119061, 0.0 ], [ 77.4713706, 23.1190722, 0.0 ], [ 77.4717275, 23.1191501, 0.0 ], [ 77.4718485, 23.1191834, 0.0 ], [ 77.4719816, 23.1192446, 0.0 ], [ 77.4721631, 23.1193392, 0.0 ], [ 77.472272, 23.119406, 0.0 ], [ 77.4724232, 23.1195061, 0.0 ], [ 77.4727922, 23.1197787, 0.0 ], [ 77.4729071, 23.1198622, 0.0 ], [ 77.4729797, 23.1199067, 0.0 ], [ 77.4730886, 23.1199568, 0.0 ], [ 77.4731794, 23.1199901, 0.0 ], [ 77.473258, 23.1200068, 0.0 ], [ 77.473379, 23.1200013, 0.0 ], [ 77.473506, 23.1199568, 0.0 ], [ 77.4735847, 23.1199122, 0.0 ], [ 77.4737661, 23.1197843, 0.0 ], [ 77.4740202, 23.1195673, 0.0 ], [ 77.4742803, 23.1193058, 0.0 ], [ 77.4744678, 23.119061, 0.0 ], [ 77.4745223, 23.1189387, 0.0 ], [ 77.4745586, 23.1188385, 0.0 ], [ 77.4745949, 23.1185937, 0.0 ], [ 77.4746191, 23.1184324, 0.0 ], [ 77.4746433, 23.1183156, 0.0 ], [ 77.4746614, 23.1181987, 0.0 ], [ 77.4746735, 23.1180986, 0.0 ], [ 77.4746856, 23.1180207, 0.0 ], [ 77.4747401, 23.1179428, 0.0 ], [ 77.4748308, 23.1178705, 0.0 ], [ 77.4749397, 23.1178538, 0.0 ], [ 77.4750123, 23.117876, 0.0 ], [ 77.4750788, 23.1179094, 0.0 ], [ 77.4751816, 23.1180374, 0.0 ], [ 77.475224, 23.1181153, 0.0 ], [ 77.4752663, 23.1182043, 0.0 ], [ 77.4753208, 23.1183489, 0.0 ], [ 77.4754962, 23.1188552, 0.0 ], [ 77.4755264, 23.1189665, 0.0 ], [ 77.4755809, 23.1190555, 0.0 ], [ 77.4756535, 23.1191334, 0.0 ], [ 77.4757624, 23.1192224, 0.0 ], [ 77.4758592, 23.1193281, 0.0 ], [ 77.4759075, 23.1194004, 0.0 ], [ 77.4759378, 23.1194727, 0.0 ], [ 77.4760043, 23.1196063, 0.0 ], [ 77.4761011, 23.1197287, 0.0 ], [ 77.4763673, 23.1199623, 0.0 ], [ 77.476573, 23.1200569, 0.0 ], [ 77.4766879, 23.120107, 0.0 ], [ 77.4770373, 23.1202302, 0.0 ], [ 77.4771999, 23.120248, 0.0 ], [ 77.4773122, 23.120248, 0.0 ], [ 77.477409, 23.1202445, 0.0 ], [ 77.4775445, 23.1202231, 0.0 ], [ 77.4777109, 23.1201768, 0.0 ], [ 77.4778426, 23.1200878, 0.0 ], [ 77.4779212, 23.1200476, 0.0 ], [ 77.4780106, 23.1199643, 0.0 ], [ 77.478035, 23.1199279, 0.0 ], [ 77.4780443, 23.1199045, 0.0 ], [ 77.4780493, 23.1198453, 0.0 ], [ 77.4780468, 23.1197997, 0.0 ], [ 77.478032, 23.1197245, 0.0 ], [ 77.4780047, 23.1196767, 0.0 ], [ 77.4777767, 23.1193294, 0.0 ], [ 77.4777032, 23.1192155, 0.0 ], [ 77.4775599, 23.118952, 0.0 ], [ 77.4774825, 23.1188096, 0.0 ], [ 77.4774283, 23.1187099, 0.0 ], [ 77.4773973, 23.1186494, 0.0 ], [ 77.4769601, 23.1173586, 0.0 ], [ 77.4769299, 23.1171584, 0.0 ], [ 77.4769299, 23.1170304, 0.0 ], [ 77.476948, 23.1168913, 0.0 ], [ 77.4769783, 23.1167856, 0.0 ], [ 77.4770025, 23.1167077, 0.0 ], [ 77.4771597, 23.1160345, 0.0 ], [ 77.4771839, 23.1159399, 0.0 ], [ 77.4772263, 23.1158621, 0.0 ], [ 77.4772686, 23.1158009, 0.0 ], [ 77.4773412, 23.1157452, 0.0 ], [ 77.4774682, 23.1156785, 0.0 ], [ 77.4777223, 23.1155894, 0.0 ], [ 77.4785389, 23.1154058, 0.0 ], [ 77.4790531, 23.1153391, 0.0 ], [ 77.4792588, 23.1153725, 0.0 ], [ 77.4795008, 23.1153947, 0.0 ], [ 77.4796097, 23.1154281, 0.0 ], [ 77.4797246, 23.115467, 0.0 ], [ 77.4798032, 23.1155171, 0.0 ], [ 77.4799, 23.1155728, 0.0 ], [ 77.4799787, 23.1156284, 0.0 ], [ 77.4800452, 23.115684, 0.0 ], [ 77.4801238, 23.1157564, 0.0 ], [ 77.4803235, 23.1159845, 0.0 ], [ 77.4803719, 23.1160679, 0.0 ], [ 77.480511, 23.1163572, 0.0 ], [ 77.4807167, 23.1169859, 0.0 ], [ 77.4807167, 23.1170805, 0.0 ], [ 77.4807167, 23.1171862, 0.0 ], [ 77.4806925, 23.1172807, 0.0 ], [ 77.480632, 23.1174031, 0.0 ], [ 77.4805473, 23.1175311, 0.0 ], [ 77.4803779, 23.1177036, 0.0 ], [ 77.480148, 23.1179372, 0.0 ], [ 77.4797246, 23.1182766, 0.0 ], [ 77.4796218, 23.1183656, 0.0 ], [ 77.4795915, 23.1184157, 0.0 ], [ 77.4795673, 23.1184936, 0.0 ], [ 77.4795673, 23.1185993, 0.0 ], [ 77.4795855, 23.1186827, 0.0 ], [ 77.4796157, 23.1187662, 0.0 ], [ 77.4796641, 23.1188441, 0.0 ], [ 77.4798153, 23.1190777, 0.0 ], [ 77.4798819, 23.119189, 0.0 ], [ 77.4800029, 23.1194227, 0.0 ], [ 77.4801706, 23.1198321, 0.0 ], [ 77.4801943, 23.1198962, 0.0 ], [ 77.4802134, 23.1199225, 0.0 ], [ 77.4802546, 23.1199662, 0.0 ], [ 77.4803006, 23.1200085, 0.0 ], [ 77.480345, 23.1200392, 0.0 ], [ 77.4803926, 23.1200639, 0.0 ], [ 77.4804449, 23.1200917, 0.0 ], [ 77.480502, 23.1201194, 0.0 ], [ 77.4809436, 23.1202374, 0.0 ], [ 77.4812262, 23.120273, 0.0 ], [ 77.4813346, 23.120273, 0.0 ], [ 77.481385, 23.1202694, 0.0 ], [ 77.4815398, 23.1202196, 0.0 ], [ 77.4816018, 23.1201875, 0.0 ], [ 77.4816366, 23.1201626, 0.0 ], [ 77.4816831, 23.1201127, 0.0 ], [ 77.4817179, 23.1200629, 0.0 ], [ 77.4817373, 23.1200131, 0.0 ], [ 77.481745, 23.1199525, 0.0 ], [ 77.4817489, 23.1199027, 0.0 ], [ 77.4817528, 23.1198599, 0.0 ], [ 77.4817566, 23.1198208, 0.0 ], [ 77.4817683, 23.1197709, 0.0 ], [ 77.4817837, 23.1197353, 0.0 ], [ 77.4819425, 23.119511, 0.0 ], [ 77.4820083, 23.1194612, 0.0 ], [ 77.4820741, 23.1194149, 0.0 ], [ 77.4821399, 23.1193722, 0.0 ], [ 77.482287, 23.1192974, 0.0 ], [ 77.4824032, 23.1192369, 0.0 ], [ 77.482558, 23.1191443, 0.0 ], [ 77.4826703, 23.1190517, 0.0 ], [ 77.4831194, 23.1184998, 0.0 ], [ 77.4831465, 23.1184464, 0.0 ], [ 77.4831852, 23.1183681, 0.0 ], [ 77.4831968, 23.1183147, 0.0 ], [ 77.4831968, 23.1182577, 0.0 ], [ 77.483193, 23.1182078, 0.0 ], [ 77.4831775, 23.1181616, 0.0 ], [ 77.4831117, 23.1180441, 0.0 ], [ 77.4830768, 23.1179871, 0.0 ], [ 77.4827284, 23.1175028, 0.0 ], [ 77.4826781, 23.1174138, 0.0 ], [ 77.4826432, 23.1173106, 0.0 ], [ 77.4826393, 23.1172607, 0.0 ], [ 77.4826393, 23.1171931, 0.0 ], [ 77.4826897, 23.1169296, 0.0 ], [ 77.4828407, 23.1166305, 0.0 ], [ 77.4831039, 23.1161925, 0.0 ], [ 77.4832665, 23.1158365, 0.0 ], [ 77.483282, 23.1157759, 0.0 ], [ 77.4832897, 23.1157047, 0.0 ], [ 77.4832897, 23.1156299, 0.0 ], [ 77.4832859, 23.1155908, 0.0 ], [ 77.483282, 23.1155231, 0.0 ], [ 77.4832588, 23.1153558, 0.0 ], [ 77.4830962, 23.1149427, 0.0 ], [ 77.4830187, 23.1148217, 0.0 ], [ 77.48298, 23.1147611, 0.0 ], [ 77.4829258, 23.1146935, 0.0 ], [ 77.4824109, 23.114195, 0.0 ], [ 77.482318, 23.1141167, 0.0 ], [ 77.4822599, 23.1140632, 0.0 ], [ 77.4822212, 23.1140312, 0.0 ], [ 77.4821477, 23.1139671, 0.0 ], [ 77.4821128, 23.1139137, 0.0 ], [ 77.4820857, 23.1138247, 0.0 ], [ 77.4820857, 23.1137641, 0.0 ], [ 77.4820935, 23.1137001, 0.0 ], [ 77.4821012, 23.113636, 0.0 ], [ 77.4821167, 23.1135897, 0.0 ], [ 77.4821515, 23.1135327, 0.0 ], [ 77.4821864, 23.1135042, 0.0 ], [ 77.4822212, 23.1134828, 0.0 ], [ 77.4822754, 23.1134544, 0.0 ], [ 77.4823141, 23.1134401, 0.0 ], [ 77.4825, 23.1134116, 0.0 ], [ 77.4826355, 23.1134081, 0.0 ], [ 77.4826935, 23.1134366, 0.0 ], [ 77.4827671, 23.1134864, 0.0 ], [ 77.4827981, 23.1135185, 0.0 ], [ 77.4828755, 23.1135541, 0.0 ], [ 77.4829684, 23.1135469, 0.0 ], [ 77.4830304, 23.1135363, 0.0 ], [ 77.4831, 23.1135113, 0.0 ], [ 77.4832975, 23.1134259, 0.0 ], [ 77.4833672, 23.1133974, 0.0 ], [ 77.483433, 23.1133725, 0.0 ], [ 77.4835879, 23.1133262, 0.0 ], [ 77.4837969, 23.1133013, 0.0 ], [ 77.484006, 23.1132941, 0.0 ], [ 77.4842189, 23.1132941, 0.0 ], [ 77.4844473, 23.1133262, 0.0 ], [ 77.4845093, 23.1133369, 0.0 ], [ 77.4846564, 23.1133653, 0.0 ], [ 77.4847532, 23.1133938, 0.0 ], [ 77.4848306, 23.1134259, 0.0 ], [ 77.4848771, 23.1134472, 0.0 ], [ 77.4849429, 23.1134793, 0.0 ], [ 77.4850745, 23.1135683, 0.0 ], [ 77.4851442, 23.1136253, 0.0 ], [ 77.4852139, 23.1137285, 0.0 ], [ 77.4852565, 23.1138176, 0.0 ], [ 77.4852797, 23.1138888, 0.0 ], [ 77.485361, 23.1142021, 0.0 ], [ 77.4853726, 23.1142626, 0.0 ], [ 77.485392, 23.1143374, 0.0 ], [ 77.4854152, 23.1143873, 0.0 ], [ 77.485481, 23.1144941, 0.0 ], [ 77.4855197, 23.1145795, 0.0 ], [ 77.4855468, 23.1146721, 0.0 ], [ 77.4855701, 23.1147718, 0.0 ], [ 77.4855933, 23.1149071, 0.0 ], [ 77.4856785, 23.1152062, 0.0 ], [ 77.4856785, 23.115281, 0.0 ], [ 77.4857172, 23.1153771, 0.0 ], [ 77.4857365, 23.1154199, 0.0 ], [ 77.4857714, 23.1154768, 0.0 ], [ 77.4858682, 23.1155659, 0.0 ], [ 77.4859649, 23.1156086, 0.0 ], [ 77.486054, 23.1156335, 0.0 ], [ 77.4861005, 23.1156442, 0.0 ], [ 77.4862476, 23.1156549, 0.0 ], [ 77.4864528, 23.1156549, 0.0 ], [ 77.4867392, 23.1156121, 0.0 ], [ 77.4868941, 23.115573, 0.0 ], [ 77.4869638, 23.1155409, 0.0 ], [ 77.4871148, 23.1154768, 0.0 ], [ 77.4872851, 23.1153771, 0.0 ], [ 77.4873664, 23.1153202, 0.0 ], [ 77.4874168, 23.1152632, 0.0 ], [ 77.4875639, 23.115103, 0.0 ], [ 77.4879588, 23.1144905, 0.0 ], [ 77.4882104, 23.1139351, 0.0 ], [ 77.4883575, 23.1137072, 0.0 ], [ 77.4883924, 23.1136609, 0.0 ], [ 77.4884272, 23.1136253, 0.0 ], [ 77.4885085, 23.113579, 0.0 ], [ 77.4886479, 23.1135469, 0.0 ], [ 77.4888492, 23.1135185, 0.0 ], [ 77.4890389, 23.1135078, 0.0 ], [ 77.4891009, 23.1135113, 0.0 ], [ 77.4891667, 23.1135149, 0.0 ], [ 77.4892518, 23.1135291, 0.0 ], [ 77.4892983, 23.1135469, 0.0 ], [ 77.4893719, 23.1135861, 0.0 ], [ 77.4894144, 23.1136253, 0.0 ], [ 77.4894609, 23.1136822, 0.0 ], [ 77.4894957, 23.1137535, 0.0 ], [ 77.4895228, 23.1138282, 0.0 ], [ 77.4895577, 23.1139279, 0.0 ], [ 77.4896119, 23.1140383, 0.0 ], [ 77.4896816, 23.1141523, 0.0 ], [ 77.4900223, 23.1146045, 0.0 ], [ 77.4900958, 23.1146864, 0.0 ], [ 77.4902042, 23.1147896, 0.0 ], [ 77.4903049, 23.1148715, 0.0 ], [ 77.4903746, 23.1149249, 0.0 ], [ 77.4904443, 23.1149677, 0.0 ], [ 77.4910172, 23.115224, 0.0 ], [ 77.491114, 23.1152454, 0.0 ], [ 77.4912031, 23.1152454, 0.0 ], [ 77.4913076, 23.115224, 0.0 ], [ 77.4913773, 23.115192, 0.0 ], [ 77.4914276, 23.1151635, 0.0 ], [ 77.4915825, 23.1150709, 0.0 ], [ 77.4918264, 23.1149036, 0.0 ], [ 77.4919193, 23.1148181, 0.0 ], [ 77.4919851, 23.1147327, 0.0 ], [ 77.4920122, 23.114697, 0.0 ], [ 77.4920316, 23.114665, 0.0 ], [ 77.4920511, 23.1145471, 0.0 ], [ 77.4920511, 23.1145106, 0.0 ], [ 77.4920461, 23.1144559, 0.0 ], [ 77.4920412, 23.1144217, 0.0 ], [ 77.4920065, 23.114285, 0.0 ], [ 77.4919718, 23.1141528, 0.0 ], [ 77.4918811, 23.1138293, 0.0 ], [ 77.4918749, 23.1137966, 0.0 ], [ 77.491864, 23.1136538, 0.0 ], [ 77.4918699, 23.112849, 0.0 ], [ 77.4918839, 23.1123368, 0.0 ], [ 77.4918981, 23.1121808, 0.0 ], [ 77.4919132, 23.112109, 0.0 ], [ 77.4919572, 23.1119921, 0.0 ], [ 77.4919795, 23.111938, 0.0 ], [ 77.4919978, 23.1119044, 0.0 ], [ 77.4920374, 23.1118465, 0.0 ], [ 77.4920841, 23.1118036, 0.0 ], [ 77.492216, 23.1116962, 0.0 ], [ 77.4922464, 23.1116729, 0.0 ], [ 77.4923073, 23.1116374, 0.0 ], [ 77.4923561, 23.1116159, 0.0 ], [ 77.492422, 23.1115935, 0.0 ], [ 77.492611, 23.1115375, 0.0 ], [ 77.4928066, 23.1114795, 0.0 ], [ 77.4928482, 23.1114741, 0.0 ], [ 77.4928735, 23.1114747, 0.0 ], [ 77.4928976, 23.1114771, 0.0 ], [ 77.4929093, 23.1114813, 0.0 ], [ 77.4929412, 23.1114912, 0.0 ], [ 77.4930525, 23.1115257, 0.0 ], [ 77.493586, 23.1117208, 0.0 ], [ 77.4936217, 23.1117407, 0.0 ], [ 77.4937272, 23.1118135, 0.0 ], [ 77.494333, 23.1124086, 0.0 ], [ 77.494352, 23.112429, 0.0 ], [ 77.4943964, 23.1124801, 0.0 ], [ 77.4944266, 23.1125238, 0.0 ], [ 77.4947527, 23.1131261, 0.0 ], [ 77.4948907, 23.1133458, 0.0 ], [ 77.4949178, 23.1134065, 0.0 ], [ 77.4949236, 23.113433, 0.0 ], [ 77.4949274, 23.1135042, 0.0 ], [ 77.4949236, 23.1136288, 0.0 ], [ 77.494912, 23.1137107, 0.0 ], [ 77.4947765, 23.1143267, 0.0 ], [ 77.4947041, 23.1150222, 0.0 ], [ 77.4947025, 23.1150907, 0.0 ], [ 77.4947104, 23.115133, 0.0 ], [ 77.4947263, 23.1151768, 0.0 ], [ 77.4947691, 23.1152511, 0.0 ], [ 77.4948611, 23.1153576, 0.0 ], [ 77.4948928, 23.1153853, 0.0 ], [ 77.494915, 23.1154028, 0.0 ], [ 77.4949657, 23.1154364, 0.0 ], [ 77.4950577, 23.1154889, 0.0 ], [ 77.4956255, 23.1158037, 0.0 ], [ 77.4956625, 23.1158224, 0.0 ], [ 77.4914917, 23.1221865, 0.0 ], [ 77.4915984, 23.1227095, 0.0 ], [ 77.4915646, 23.12304, 0.0 ], [ 77.4911943, 23.1236399, 0.0 ], [ 77.4914124, 23.123843, 0.0 ], [ 77.4913657, 23.1240633, 0.0 ], [ 77.4920548, 23.124848, 0.0 ], [ 77.4941596, 23.1259678, 0.0 ], [ 77.4941761, 23.126369, 0.0 ], [ 77.4941834, 23.1264398, 0.0 ], [ 77.494204, 23.1265144, 0.0 ], [ 77.4942384, 23.1266081, 0.0 ], [ 77.4944886, 23.1270195, 0.0 ], [ 77.4954606, 23.1278205, 0.0 ], [ 77.4956879, 23.1281673, 0.0 ], [ 77.4958048, 23.1291546, 0.0 ], [ 77.4959084, 23.1297278, 0.0 ], [ 77.4967128, 23.1311695, 0.0 ], [ 77.4967633, 23.131482, 0.0 ], [ 77.4967616, 23.1315892, 0.0 ], [ 77.4966601, 23.1318987, 0.0 ], [ 77.4966557, 23.13193, 0.0 ], [ 77.4966287, 23.1321199, 0.0 ], [ 77.4966403, 23.1322258, 0.0 ], [ 77.4967231, 23.1324727, 0.0 ], [ 77.4969995, 23.1328253, 0.0 ], [ 77.4970928, 23.1331187, 0.0 ], [ 77.4970796, 23.1334379, 0.0 ], [ 77.4971797, 23.1338445, 0.0 ], [ 77.4972451, 23.1346079, 0.0 ], [ 77.497246, 23.1352514, 0.0 ], [ 77.4976844, 23.1356467, 0.0 ], [ 77.495903, 23.1367692, 0.0 ], [ 77.495875, 23.1367965, 0.0 ], [ 77.4958595, 23.1368425, 0.0 ], [ 77.4956855, 23.137781, 0.0 ], [ 77.495652, 23.1378523, 0.0 ], [ 77.4952484, 23.1383105, 0.0 ], [ 77.4949415, 23.1388152, 0.0 ], [ 77.4937504, 23.1396572, 0.0 ], [ 77.4933684, 23.1399158, 0.0 ], [ 77.4930605, 23.1400367, 0.0 ], [ 77.4929257, 23.1400861, 0.0 ], [ 77.4928706, 23.140119, 0.0 ], [ 77.4925392, 23.1404137, 0.0 ], [ 77.4924044, 23.140525, 0.0 ], [ 77.4922549, 23.1406389, 0.0 ], [ 77.491836, 23.1408393, 0.0 ], [ 77.4918052, 23.140878, 0.0 ], [ 77.4916803, 23.1411305, 0.0 ], [ 77.4912847, 23.1416893, 0.0 ], [ 77.491238, 23.1417257, 0.0 ], [ 77.491201, 23.1417427, 0.0 ], [ 77.4909166, 23.1418545, 0.0 ], [ 77.4908317, 23.141939, 0.0 ], [ 77.490329, 23.1426806, 0.0 ], [ 77.4902954, 23.1427102, 0.0 ], [ 77.4896491, 23.1429145, 0.0 ], [ 77.4896135, 23.1429215, 0.0 ], [ 77.4895808, 23.1429212, 0.0 ], [ 77.4893102, 23.1428627, 0.0 ], [ 77.4892257, 23.1428578, 0.0 ], [ 77.4891085, 23.1428595, 0.0 ], [ 77.4890495, 23.1428708, 0.0 ], [ 77.4888417, 23.1429513, 0.0 ], [ 77.4887232, 23.1430034, 0.0 ], [ 77.4884649, 23.1431574, 0.0 ], [ 77.4883995, 23.1432083, 0.0 ], [ 77.4883904, 23.1432441, 0.0 ], [ 77.4884309, 23.1436467, 0.0 ], [ 77.4884304, 23.1437077, 0.0 ], [ 77.4884124, 23.1437692, 0.0 ], [ 77.4881686, 23.1440757, 0.0 ], [ 77.4881342, 23.144101, 0.0 ], [ 77.4880654, 23.1441225, 0.0 ], [ 77.482912, 23.1444443, 0.0 ], [ 77.4827808, 23.1444394, 0.0 ], [ 77.4827042, 23.1444256, 0.0 ], [ 77.4826531, 23.1444062, 0.0 ], [ 77.4821679, 23.144211, 0.0 ], [ 77.4821432, 23.144207, 0.0 ], [ 77.4821115, 23.1442086, 0.0 ], [ 77.4820848, 23.1442194, 0.0 ], [ 77.4820087, 23.1442651, 0.0 ], [ 77.481887, 23.1443325, 0.0 ], [ 77.4816844, 23.1444167, 0.0 ], [ 77.4815178, 23.1444538, 0.0 ], [ 77.4806273, 23.1445625, 0.0 ], [ 77.4800608, 23.1445768, 0.0 ], [ 77.4800677, 23.1447362, 0.0 ], [ 77.4794883, 23.1447111, 0.0 ], [ 77.4793831, 23.1447161, 0.0 ], [ 77.4789026, 23.1447989, 0.0 ], [ 77.4786046, 23.1448854, 0.0 ], [ 77.4779953, 23.1449749, 0.0 ], [ 77.4766058, 23.1450262, 0.0 ], [ 77.476171, 23.1450598, 0.0 ], [ 77.4757644, 23.1451399, 0.0 ], [ 77.4756358, 23.1451609, 0.0 ], [ 77.4752237, 23.1451698, 0.0 ], [ 77.4746428, 23.145042, 0.0 ], [ 77.4746202, 23.1450342, 0.0 ], [ 77.4745007, 23.1449322, 0.0 ], [ 77.4744943, 23.1449288, 0.0 ], [ 77.4744841, 23.1449258, 0.0 ], [ 77.4736537, 23.1449637, 0.0 ], [ 77.4736234, 23.1449648, 0.0 ], [ 77.4735944, 23.144958, 0.0 ], [ 77.4726719, 23.1447662, 0.0 ], [ 77.4725105, 23.1447547, 0.0 ], [ 77.4724875, 23.1447572, 0.0 ], [ 77.4722601, 23.1448585, 0.0 ], [ 77.4722404, 23.1448654, 0.0 ], [ 77.4722177, 23.144865, 0.0 ], [ 77.4720855, 23.1448493, 0.0 ], [ 77.4719313, 23.1448388, 0.0 ], [ 77.4718003, 23.1448801, 0.0 ], [ 77.4716822, 23.1449955, 0.0 ], [ 77.4700908, 23.1465499, 0.0 ], [ 77.46966, 23.14582, 0.0 ], [ 77.46942, 23.14542, 0.0 ], [ 77.46816, 23.14525, 0.0 ], [ 77.46005, 23.14691, 0.0 ], [ 77.4583614, 23.147601, 0.0 ], [ 77.45724, 23.14806, 0.0 ], [ 77.4572177, 23.147927, 0.0 ], [ 77.4571643, 23.147985, 0.0 ], [ 77.4565155, 23.1486387, 0.0 ], [ 77.4563908, 23.1487547, 0.0 ], [ 77.4562379, 23.1488319, 0.0 ], [ 77.4560092, 23.1489844, 0.0 ], [ 77.4557529, 23.1492611, 0.0 ], [ 77.4556247, 23.1493545, 0.0 ], [ 77.4551473, 23.1496115, 0.0 ], [ 77.4550307, 23.1496908, 0.0 ], [ 77.454941, 23.1497796, 0.0 ], [ 77.4546104, 23.1502498, 0.0 ], [ 77.4545566, 23.1503247, 0.0 ], [ 77.4544901, 23.1503804, 0.0 ], [ 77.4544402, 23.1504122, 0.0 ], [ 77.4543077, 23.1504737, 0.0 ], [ 77.4541212, 23.1505609, 0.0 ], [ 77.4540576, 23.1505828, 0.0 ], [ 77.4539038, 23.1506153, 0.0 ], [ 77.4538285, 23.1506356, 0.0 ], [ 77.4537671, 23.1506794, 0.0 ], [ 77.4534922, 23.15102, 0.0 ], [ 77.4534573, 23.1510766, 0.0 ], [ 77.4534379, 23.1511299, 0.0 ], [ 77.4532848, 23.1520077, 0.0 ], [ 77.4532705, 23.1520371, 0.0 ], [ 77.4529128, 23.1522526, 0.0 ], [ 77.4528563, 23.1522701, 0.0 ], [ 77.4528019, 23.1522801, 0.0 ], [ 77.4525957, 23.1523087, 0.0 ], [ 77.4525322, 23.1523228, 0.0 ], [ 77.4524829, 23.1523483, 0.0 ], [ 77.4524324, 23.1523921, 0.0 ], [ 77.4522386, 23.1526519, 0.0 ], [ 77.4519361, 23.1531892, 0.0 ], [ 77.4518145, 23.1533444, 0.0 ], [ 77.4515575, 23.1535675, 0.0 ], [ 77.4510355, 23.1539678, 0.0 ], [ 77.4508583, 23.1540719, 0.0 ], [ 77.4505147, 23.15422, 0.0 ], [ 77.4502753, 23.154295, 0.0 ], [ 77.4496649, 23.1544234, 0.0 ], [ 77.4496673, 23.1543679, 0.0 ], [ 77.4496435, 23.1542692, 0.0 ], [ 77.4496239, 23.1542176, 0.0 ], [ 77.4496048, 23.1541811, 0.0 ], [ 77.4495505, 23.1541402, 0.0 ], [ 77.4494808, 23.1541141, 0.0 ], [ 77.4494087, 23.154098, 0.0 ], [ 77.4488908, 23.1540732, 0.0 ], [ 77.4487882, 23.15407, 0.0 ], [ 77.448682, 23.1540605, 0.0 ], [ 77.4485639, 23.1540445, 0.0 ], [ 77.4483775, 23.1540095, 0.0 ], [ 77.4481738, 23.1539567, 0.0 ], [ 77.4480712, 23.1539301, 0.0 ], [ 77.4477844, 23.1537864, 0.0 ], [ 77.4476844, 23.153708, 0.0 ], [ 77.4475821, 23.1535769, 0.0 ], [ 77.4475116, 23.153479, 0.0 ], [ 77.4474415, 23.1533105, 0.0 ], [ 77.4473661, 23.1529417, 0.0 ], [ 77.4467801, 23.152689, 0.0 ], [ 77.4467137, 23.1526603, 0.0 ], [ 77.4466615, 23.1526479, 0.0 ], [ 77.4465115, 23.1526309, 0.0 ], [ 77.4464475, 23.1526325, 0.0 ], [ 77.4459799, 23.1526831, 0.0 ], [ 77.4454367, 23.1527245, 0.0 ], [ 77.4451629, 23.1527463, 0.0 ], [ 77.4449839, 23.1527729, 0.0 ], [ 77.443944, 23.1530997, 0.0 ], [ 77.4433517, 23.1532474, 0.0 ], [ 77.4428015, 23.1532934, 0.0 ], [ 77.4421009, 23.1534157, 0.0 ], [ 77.4415142, 23.1535959, 0.0 ], [ 77.4412246, 23.1537024, 0.0 ], [ 77.4408008, 23.1541067, 0.0 ], [ 77.4407139, 23.1541309, 0.0 ], [ 77.4406507, 23.1541309, 0.0 ], [ 77.4406217, 23.1541212, 0.0 ], [ 77.4405296, 23.15408, 0.0 ], [ 77.4404796, 23.1540437, 0.0 ], [ 77.4402821, 23.1537073, 0.0 ], [ 77.4401125, 23.1534954, 0.0 ], [ 77.4400799, 23.153481, 0.0 ], [ 77.4400433, 23.1534761, 0.0 ], [ 77.439395, 23.1534676, 0.0 ], [ 77.4393344, 23.1534773, 0.0 ], [ 77.4392554, 23.1535015, 0.0 ], [ 77.4386482, 23.1538897, 0.0 ], [ 77.4385377, 23.1539733, 0.0 ], [ 77.4384901, 23.1540012, 0.0 ], [ 77.4384183, 23.1540164, 0.0 ], [ 77.4382255, 23.1540189, 0.0 ], [ 77.437993, 23.1540344, 0.0 ], [ 77.4378329, 23.1540747, 0.0 ], [ 77.4377352, 23.1541212, 0.0 ], [ 77.4375886, 23.1542219, 0.0 ], [ 77.4374269, 23.1544651, 0.0 ], [ 77.4373763, 23.1546014, 0.0 ], [ 77.4373595, 23.1546773, 0.0 ], [ 77.437351, 23.1547888, 0.0 ], [ 77.4373494, 23.1549236, 0.0 ], [ 77.4373611, 23.1550367, 0.0 ], [ 77.4374252, 23.1551606, 0.0 ], [ 77.4374697, 23.1552191, 0.0 ], [ 77.4378091, 23.1556195, 0.0 ], [ 77.4378194, 23.1556486, 0.0 ], [ 77.4378177, 23.1556951, 0.0 ], [ 77.4377571, 23.1558882, 0.0 ], [ 77.4377453, 23.1559166, 0.0 ], [ 77.4377453, 23.1559383, 0.0 ], [ 77.4377972, 23.1560706, 0.0 ], [ 77.4378058, 23.1560935, 0.0 ], [ 77.4378026, 23.1561133, 0.0 ], [ 77.4377918, 23.1561351, 0.0 ], [ 77.4377584, 23.156151, 0.0 ], [ 77.4377217, 23.1561559, 0.0 ], [ 77.4375718, 23.1561024, 0.0 ], [ 77.4375459, 23.1560925, 0.0 ], [ 77.4375147, 23.1560875, 0.0 ], [ 77.4372369, 23.1560805, 0.0 ], [ 77.4372093, 23.1560748, 0.0 ], [ 77.4371603, 23.1560609, 0.0 ], [ 77.4371237, 23.156031, 0.0 ], [ 77.437094, 23.1560088, 0.0 ], [ 77.4370747, 23.1559974, 0.0 ], [ 77.4370436, 23.1559961, 0.0 ], [ 77.4370119, 23.1560031, 0.0 ], [ 77.4369705, 23.1560183, 0.0 ], [ 77.436488, 23.1563579, 0.0 ], [ 77.4364053, 23.1564029, 0.0 ], [ 77.4363721, 23.1564441, 0.0 ], [ 77.4363659, 23.1564663, 0.0 ], [ 77.4363637, 23.156513, 0.0 ], [ 77.4363688, 23.1565393, 0.0 ], [ 77.4364412, 23.1566834, 0.0 ], [ 77.4364496, 23.1567361, 0.0 ], [ 77.436448, 23.1567841, 0.0 ], [ 77.4364244, 23.1568399, 0.0 ], [ 77.4362412, 23.157071, 0.0 ], [ 77.4362218, 23.1571424, 0.0 ], [ 77.4360406, 23.1578393, 0.0 ], [ 77.4360007, 23.1579157, 0.0 ], [ 77.4359479, 23.1579415, 0.0 ], [ 77.4355467, 23.15801, 0.0 ], [ 77.4352163, 23.1580509, 0.0 ], [ 77.4342808, 23.1581031, 0.0 ], [ 77.4342604, 23.158107, 0.0 ], [ 77.4342097, 23.1581358, 0.0 ], [ 77.4340533, 23.1582666, 0.0 ], [ 77.4339444, 23.158341, 0.0 ], [ 77.4338948, 23.1583737, 0.0 ], [ 77.4338096, 23.1584144, 0.0 ], [ 77.4336792, 23.158453, 0.0 ], [ 77.4330494, 23.1585779, 0.0 ], [ 77.4330343, 23.1585829, 0.0 ], [ 77.4328066, 23.1587243, 0.0 ], [ 77.4327855, 23.1587421, 0.0 ], [ 77.4327673, 23.1587704, 0.0 ], [ 77.4327307, 23.1588518, 0.0 ], [ 77.4327205, 23.1588742, 0.0 ], [ 77.4327108, 23.1588904, 0.0 ], [ 77.4326947, 23.1589061, 0.0 ], [ 77.432575, 23.1589924, 0.0 ], [ 77.4325297, 23.159033, 0.0 ], [ 77.4325038, 23.1590846, 0.0 ], [ 77.4324921, 23.159273, 0.0 ], [ 77.4325108, 23.1598189, 0.0 ], [ 77.4283517, 23.1598133, 0.0 ], [ 77.4282647, 23.1611494, 0.0 ], [ 77.4272133, 23.1609635, 0.0 ], [ 77.4258101, 23.1607138, 0.0 ], [ 77.4248105, 23.1606032, 0.0 ], [ 77.4238233, 23.1605669, 0.0 ], [ 77.4237891, 23.1600949, 0.0 ], [ 77.4236891, 23.1599279, 0.0 ], [ 77.4236305, 23.1596616, 0.0 ], [ 77.422715, 23.1595386, 0.0 ], [ 77.4225777, 23.1596439, 0.0 ], [ 77.420892, 23.1594223, 0.0 ], [ 77.4205698, 23.159304, 0.0 ], [ 77.4202508, 23.1590938, 0.0 ], [ 77.4194602, 23.1582678, 0.0 ], [ 77.4152638, 23.1606603, 0.0 ] ] ] } },
{ "type": "Feature", "properties": { "objectid": 19, "townname": "Bhopal", "towncensuscode2011": 802312, "town_lgd_code": 250946, "ward_lgd_code": 32963, "ward_lgd_name": "Chandbad Ward", "sourcewardcode": 36, "state": "Madhya Pradesh" }, "geometry": { "type": "Polygon", "coordinates": [ [ [ 77.4170918, 23.2670369, 0.0 ], [ 77.4168362, 23.2671293, 0.0 ], [ 77.4166989, 23.2671896, 0.0 ], [ 77.4165188, 23.2672895, 0.0 ], [ 77.4163617, 23.2673024, 0.0 ], [ 77.4156062, 23.267364, 0.0 ], [ 77.41451, 23.2674532, 0.0 ], [ 77.4138137, 23.2670257, 0.0 ], [ 77.413175, 23.2672078, 0.0 ], [ 77.4130822, 23.2668106, 0.0 ], [ 77.4127325, 23.2657861, 0.0 ], [ 77.4124017, 23.2647095, 0.0 ], [ 77.4122236, 23.2639172, 0.0 ], [ 77.4121375, 23.2635342, 0.0 ], [ 77.412027, 23.262834, 0.0 ], [ 77.4120021, 23.2625886, 0.0 ], [ 77.4120023, 23.2624617, 0.0 ], [ 77.4120117, 23.2623247, 0.0 ], [ 77.4120155, 23.26229, 0.0 ], [ 77.4120284, 23.2621585, 0.0 ], [ 77.4120924, 23.2617651, 0.0 ], [ 77.4121758, 23.2613258, 0.0 ], [ 77.4109972, 23.2613596, 0.0 ], [ 77.4109591, 23.2609921, 0.0 ], [ 77.4108748, 23.2605098, 0.0 ], [ 77.4105884, 23.2591584, 0.0 ], [ 77.4105716, 23.259013, 0.0 ], [ 77.4119122, 23.259092, 0.0 ], [ 77.4121012, 23.2590435, 0.0 ], [ 77.4123352, 23.2589424, 0.0 ], [ 77.4130056, 23.2585291, 0.0 ], [ 77.4135265, 23.2582419, 0.0 ], [ 77.4137947, 23.2581459, 0.0 ], [ 77.4143978, 23.2580187, 0.0 ], [ 77.4145018, 23.2579967, 0.0 ], [ 77.4145584, 23.2587332, 0.0 ], [ 77.4141126, 23.2590621, 0.0 ], [ 77.4145795, 23.2595696, 0.0 ], [ 77.4149598, 23.259917, 0.0 ], [ 77.4150265, 23.2600187, 0.0 ], [ 77.4151034, 23.2603576, 0.0 ], [ 77.4151293, 23.2605508, 0.0 ], [ 77.4151288, 23.2605659, 0.0 ], [ 77.4151274, 23.2609983, 0.0 ], [ 77.4151167, 23.2610507, 0.0 ], [ 77.415082, 23.2611265, 0.0 ], [ 77.4147771, 23.261423, 0.0 ], [ 77.4146875, 23.2615137, 0.0 ], [ 77.4146761, 23.2615319, 0.0 ], [ 77.4146696, 23.2615459, 0.0 ], [ 77.4146693, 23.2615525, 0.0 ], [ 77.4146694, 23.261561, 0.0 ], [ 77.4146716, 23.2615692, 0.0 ], [ 77.4146784, 23.2615844, 0.0 ], [ 77.4147775, 23.2618005, 0.0 ], [ 77.4148538, 23.2619666, 0.0 ], [ 77.4150076, 23.262321, 0.0 ], [ 77.4150262, 23.2623517, 0.0 ], [ 77.4150435, 23.2623768, 0.0 ], [ 77.4150683, 23.2624075, 0.0 ], [ 77.4152293, 23.262601, 0.0 ], [ 77.4154183, 23.2628389, 0.0 ], [ 77.4155042, 23.2629471, 0.0 ], [ 77.4155358, 23.262969, 0.0 ], [ 77.4155567, 23.2629764, 0.0 ], [ 77.4155868, 23.2629771, 0.0 ], [ 77.4156368, 23.2629725, 0.0 ], [ 77.4156889, 23.2629635, 0.0 ], [ 77.4160754, 23.2628969, 0.0 ], [ 77.4162674, 23.2628775, 0.0 ], [ 77.4166799, 23.2628456, 0.0 ], [ 77.4167097, 23.2628491, 0.0 ], [ 77.4167307, 23.2628525, 0.0 ], [ 77.4167481, 23.2628593, 0.0 ], [ 77.4167741, 23.2628747, 0.0 ], [ 77.4168235, 23.2629287, 0.0 ], [ 77.4168569, 23.2629907, 0.0 ], [ 77.4168815, 23.2630103, 0.0 ], [ 77.4169117, 23.2630186, 0.0 ], [ 77.4169637, 23.2630195, 0.0 ], [ 77.4175363, 23.2629986, 0.0 ], [ 77.4178406, 23.2629976, 0.0 ], [ 77.4183333, 23.2629955, 0.0 ], [ 77.4183571, 23.2629945, 0.0 ], [ 77.4184033, 23.2629992, 0.0 ], [ 77.4185088, 23.2630174, 0.0 ], [ 77.4186093, 23.2630365, 0.0 ], [ 77.4186682, 23.2630519, 0.0 ], [ 77.4186966, 23.2630617, 0.0 ], [ 77.4187219, 23.2630732, 0.0 ], [ 77.4188615, 23.2631369, 0.0 ], [ 77.4197749, 23.2635549, 0.0 ], [ 77.4199516, 23.2636393, 0.0 ], [ 77.4203639, 23.2638361, 0.0 ], [ 77.4205139, 23.263904, 0.0 ], [ 77.4207456, 23.264019, 0.0 ], [ 77.4210466, 23.2641567, 0.0 ], [ 77.4212919, 23.2642876, 0.0 ], [ 77.4218061, 23.2645687, 0.0 ], [ 77.421993, 23.26467, 0.0 ], [ 77.4220241, 23.2639828, 0.0 ], [ 77.4220495, 23.2638653, 0.0 ], [ 77.4220772, 23.2635454, 0.0 ], [ 77.4220882, 23.2633562, 0.0 ], [ 77.4220986, 23.2633171, 0.0 ], [ 77.4221071, 23.2632956, 0.0 ], [ 77.4221152, 23.2632777, 0.0 ], [ 77.4221279, 23.2632496, 0.0 ], [ 77.4221357, 23.2632323, 0.0 ], [ 77.4221418, 23.2632253, 0.0 ], [ 77.4221586, 23.2632076, 0.0 ], [ 77.4221875, 23.2631843, 0.0 ], [ 77.4222484, 23.26316, 0.0 ], [ 77.4223246, 23.2631445, 0.0 ], [ 77.4223833, 23.2631325, 0.0 ], [ 77.4225867, 23.2630798, 0.0 ], [ 77.4228141, 23.2630002, 0.0 ], [ 77.4228624, 23.2629805, 0.0 ], [ 77.4229208, 23.262952, 0.0 ], [ 77.4229377, 23.2629424, 0.0 ], [ 77.4229523, 23.262929, 0.0 ], [ 77.42296, 23.2629183, 0.0 ], [ 77.4229715, 23.2629021, 0.0 ], [ 77.4229816, 23.2628833, 0.0 ], [ 77.4229913, 23.2628452, 0.0 ], [ 77.4229942, 23.2628311, 0.0 ], [ 77.4229942, 23.2628162, 0.0 ], [ 77.4229942, 23.2627974, 0.0 ], [ 77.4229881, 23.2627426, 0.0 ], [ 77.4231824, 23.2627385, 0.0 ], [ 77.4231844, 23.263435, 0.0 ], [ 77.4233431, 23.2634638, 0.0 ], [ 77.4235539, 23.2646426, 0.0 ], [ 77.423762, 23.2646074, 0.0 ], [ 77.42437, 23.2645177, 0.0 ], [ 77.4245659, 23.2644849, 0.0 ], [ 77.4245442, 23.2645793, 0.0 ], [ 77.4244878, 23.2648249, 0.0 ], [ 77.4244744, 23.2649278, 0.0 ], [ 77.4244913, 23.2651652, 0.0 ], [ 77.4244906, 23.265174, 0.0 ], [ 77.424489, 23.2651842, 0.0 ], [ 77.4244739, 23.2652177, 0.0 ], [ 77.4243998, 23.2653476, 0.0 ], [ 77.4243788, 23.2653845, 0.0 ], [ 77.4246084, 23.2654196, 0.0 ], [ 77.4246262, 23.2657236, 0.0 ], [ 77.4246068, 23.2659565, 0.0 ], [ 77.4243876, 23.2668857, 0.0 ], [ 77.4241401, 23.266766, 0.0 ], [ 77.4240487, 23.2667217, 0.0 ], [ 77.4240248, 23.2667102, 0.0 ], [ 77.4239812, 23.266692, 0.0 ], [ 77.423973, 23.2666873, 0.0 ], [ 77.4239598, 23.2666775, 0.0 ], [ 77.4238218, 23.2664883, 0.0 ], [ 77.4238162, 23.2664808, 0.0 ], [ 77.4238091, 23.2664743, 0.0 ], [ 77.4237914, 23.2664622, 0.0 ], [ 77.4237787, 23.2664561, 0.0 ], [ 77.4236765, 23.266441, 0.0 ], [ 77.4237765, 23.2656738, 0.0 ], [ 77.4237552, 23.2656791, 0.0 ], [ 77.423612, 23.2657058, 0.0 ], [ 77.4235055, 23.2657342, 0.0 ], [ 77.4234068, 23.2657769, 0.0 ], [ 77.4232907, 23.2658463, 0.0 ], [ 77.4232229, 23.2658996, 0.0 ], [ 77.42319, 23.2659263, 0.0 ], [ 77.4231513, 23.2659778, 0.0 ], [ 77.4230855, 23.2660828, 0.0 ], [ 77.4229868, 23.2663246, 0.0 ], [ 77.4227762, 23.2663904, 0.0 ], [ 77.4227472, 23.2663978, 0.0 ], [ 77.4222793, 23.2664691, 0.0 ], [ 77.4222313, 23.2664803, 0.0 ], [ 77.4221739, 23.2665007, 0.0 ], [ 77.4220297, 23.2665584, 0.0 ], [ 77.4216003, 23.2667791, 0.0 ], [ 77.4214922, 23.2668347, 0.0 ], [ 77.4214685, 23.2668441, 0.0 ], [ 77.4214507, 23.2668498, 0.0 ], [ 77.4214158, 23.2668571, 0.0 ], [ 77.4211675, 23.2669088, 0.0 ], [ 77.4210783, 23.2669236, 0.0 ], [ 77.4210551, 23.2669252, 0.0 ], [ 77.4210288, 23.266924, 0.0 ], [ 77.4208353, 23.2669131, 0.0 ], [ 77.4207973, 23.2669089, 0.0 ], [ 77.4207114, 23.2669006, 0.0 ], [ 77.420538, 23.2668726, 0.0 ], [ 77.4204259, 23.2668457, 0.0 ], [ 77.4202906, 23.266807, 0.0 ], [ 77.4198488, 23.2666603, 0.0 ], [ 77.4195882, 23.2665958, 0.0 ], [ 77.4191751, 23.2664936, 0.0 ], [ 77.4191054, 23.2664842, 0.0 ], [ 77.4190203, 23.2664779, 0.0 ], [ 77.4188926, 23.2664826, 0.0 ], [ 77.4187634, 23.2664873, 0.0 ], [ 77.4186596, 23.2664951, 0.0 ], [ 77.4185286, 23.2665217, 0.0 ], [ 77.4183874, 23.2665561, 0.0 ], [ 77.4180761, 23.2666623, 0.0 ], [ 77.4178187, 23.26675, 0.0 ], [ 77.4177156, 23.2667829, 0.0 ], [ 77.4170918, 23.2670369, 0.0 ] ] ] } },
{ "type": "Feature", "properties": { "objectid": 24, "townname": "Bhopal", "towncensuscode2011": 802312, "town_lgd_code": 250946, "ward_lgd_code": 34365, "ward_lgd_name": "Baag Farhat Afja Ward", "sourcewardcode": 41, "state": "Madhya Pradesh" }, "geometry": { "type": "Polygon", "coordinates": [ [ [ 77.4252061, 23.2592759, 0.0 ], [ 77.4252, 23.259384, 0.0 ], [ 77.4246789, 23.2594237, 0.0 ], [ 77.4246904, 23.2598559, 0.0 ], [ 77.4246687, 23.2601078, 0.0 ], [ 77.4246648, 23.2602447, 0.0 ], [ 77.4246687, 23.2605803, 0.0 ], [ 77.4246634, 23.2613276, 0.0 ], [ 77.4243859, 23.261384, 0.0 ], [ 77.4239426, 23.2616076, 0.0 ], [ 77.4238618, 23.2605591, 0.0 ], [ 77.4237677, 23.2591205, 0.0 ], [ 77.422577, 23.2593582, 0.0 ], [ 77.4223253, 23.258388, 0.0 ], [ 77.4233487, 23.2582646, 0.0 ], [ 77.4232275, 23.2575198, 0.0 ], [ 77.4243304, 23.2573292, 0.0 ], [ 77.4242133, 23.2559321, 0.0 ], [ 77.4242104, 23.2557331, 0.0 ], [ 77.4241575, 23.2550018, 0.0 ], [ 77.4236762, 23.2550573, 0.0 ], [ 77.4236709, 23.2550158, 0.0 ], [ 77.422605, 23.2552063, 0.0 ], [ 77.422621, 23.2553162, 0.0 ], [ 77.4220495, 23.2553357, 0.0 ], [ 77.4219139, 23.2546861, 0.0 ], [ 77.4222674, 23.2546324, 0.0 ], [ 77.4222086, 23.2543692, 0.0 ], [ 77.4220806, 23.2543933, 0.0 ], [ 77.4214136, 23.2545098, 0.0 ], [ 77.4211823, 23.254571, 0.0 ], [ 77.4211206, 23.2546073, 0.0 ], [ 77.4208398, 23.2547727, 0.0 ], [ 77.4205311, 23.2542924, 0.0 ], [ 77.4207756, 23.2541225, 0.0 ], [ 77.4245539, 23.2515384, 0.0 ], [ 77.424564, 23.2517303, 0.0 ], [ 77.4249215, 23.2521919, 0.0 ], [ 77.4253015, 23.2526626, 0.0 ], [ 77.4254048, 23.2527817, 0.0 ], [ 77.4254261, 23.2528037, 0.0 ], [ 77.4254609, 23.2528319, 0.0 ], [ 77.4254947, 23.2528594, 0.0 ], [ 77.4255252, 23.2528789, 0.0 ], [ 77.4255459, 23.2528897, 0.0 ], [ 77.4256096, 23.252918, 0.0 ], [ 77.4257174, 23.2529495, 0.0 ], [ 77.4257546, 23.2529592, 0.0 ], [ 77.4260907, 23.2530453, 0.0 ], [ 77.4261901, 23.2530657, 0.0 ], [ 77.4262526, 23.2530752, 0.0 ], [ 77.4264111, 23.2530907, 0.0 ], [ 77.4266302, 23.2531022, 0.0 ], [ 77.4267605, 23.253109, 0.0 ], [ 77.4268012, 23.2531086, 0.0 ], [ 77.4269634, 23.2530981, 0.0 ], [ 77.4271812, 23.2530714, 0.0 ], [ 77.4272292, 23.2530644, 0.0 ], [ 77.427249, 23.2530605, 0.0 ], [ 77.4270448, 23.2541084, 0.0 ], [ 77.4270472, 23.2542564, 0.0 ], [ 77.4271409, 23.2544044, 0.0 ], [ 77.4275279, 23.2548786, 0.0 ], [ 77.4276414, 23.2549051, 0.0 ], [ 77.4277292, 23.2546625, 0.0 ], [ 77.4282006, 23.2547785, 0.0 ], [ 77.4282499, 23.2547906, 0.0 ], [ 77.4289453, 23.2549618, 0.0 ], [ 77.4289625, 23.2549684, 0.0 ], [ 77.4292296, 23.2550601, 0.0 ], [ 77.4292241, 23.2550692, 0.0 ], [ 77.429188, 23.2551289, 0.0 ], [ 77.4289324, 23.2555171, 0.0 ], [ 77.4287014, 23.2558692, 0.0 ], [ 77.4285692, 23.2560602, 0.0 ], [ 77.4282813, 23.2564057, 0.0 ], [ 77.4280123, 23.2567285, 0.0 ], [ 77.4278772, 23.2568907, 0.0 ], [ 77.4275698, 23.2577626, 0.0 ], [ 77.4275302, 23.2578471, 0.0 ], [ 77.4275201, 23.2578687, 0.0 ], [ 77.4275082, 23.257884, 0.0 ], [ 77.4274901, 23.2579019, 0.0 ], [ 77.4274831, 23.257909, 0.0 ], [ 77.4274671, 23.2579199, 0.0 ], [ 77.4274325, 23.257935, 0.0 ], [ 77.4274165, 23.2579399, 0.0 ], [ 77.4274136, 23.2579402, 0.0 ], [ 77.4274068, 23.2579402, 0.0 ], [ 77.4273953, 23.257939, 0.0 ], [ 77.427178, 23.2579166, 0.0 ], [ 77.4270405, 23.2579025, 0.0 ], [ 77.4265344, 23.2579467, 0.0 ], [ 77.4264096, 23.2579524, 0.0 ], [ 77.4261462, 23.2579638, 0.0 ], [ 77.4261284, 23.2579691, 0.0 ], [ 77.4261177, 23.2579756, 0.0 ], [ 77.4261052, 23.2579847, 0.0 ], [ 77.4259218, 23.2581536, 0.0 ], [ 77.4256636, 23.2583915, 0.0 ], [ 77.4255274, 23.2585232, 0.0 ], [ 77.4255052, 23.2585399, 0.0 ], [ 77.4254867, 23.258548, 0.0 ], [ 77.425462, 23.2585554, 0.0 ], [ 77.4252768, 23.2586001, 0.0 ], [ 77.4251726, 23.2586209, 0.0 ], [ 77.4251703, 23.2586225, 0.0 ], [ 77.4251683, 23.2586251, 0.0 ], [ 77.4251666, 23.2586322, 0.0 ], [ 77.4251663, 23.2586403, 0.0 ], [ 77.4252001, 23.2589789, 0.0 ], [ 77.4252061, 23.2592759, 0.0 ] ] ] } },
{ "type": "Feature", "properties": { "objectid": 25, "townname": "Bhopal", "towncensuscode2011": 802312, "town_lgd_code": 250946, "ward_lgd_code": 34368, "ward_lgd_name": "Subhash Chandra Bose Ward", "sourcewardcode": 44, "state": "Madhya Pradesh" }, "geometry": { "type": "Polygon", "coordinates": [ [ [ 77.4304525, 23.2522111, 0.0 ], [ 77.43035, 23.2522978, 0.0 ], [ 77.4302987, 23.2523383, 0.0 ], [ 77.4301076, 23.2514082, 0.0 ], [ 77.4300664, 23.2513237, 0.0 ], [ 77.4297049, 23.2509741, 0.0 ], [ 77.4285125, 23.2500388, 0.0 ], [ 77.4278878, 23.2495289, 0.0 ], [ 77.4289787, 23.2487655, 0.0 ], [ 77.4308275, 23.2474805, 0.0 ], [ 77.4316996, 23.2468569, 0.0 ], [ 77.432188, 23.2465015, 0.0 ], [ 77.4325418, 23.2462216, 0.0 ], [ 77.4329313, 23.2465176, 0.0 ], [ 77.4332277, 23.246293, 0.0 ], [ 77.4339247, 23.2457646, 0.0 ], [ 77.4351032, 23.2467062, 0.0 ], [ 77.4355662, 23.2465137, 0.0 ], [ 77.4362642, 23.2462679, 0.0 ], [ 77.4367656, 23.246086, 0.0 ], [ 77.4369024, 23.2460288, 0.0 ], [ 77.4370356, 23.2459749, 0.0 ], [ 77.4370539, 23.2459675, 0.0 ], [ 77.4370777, 23.2461618, 0.0 ], [ 77.4370825, 23.2462015, 0.0 ], [ 77.4371137, 23.246456, 0.0 ], [ 77.4371278, 23.2465575, 0.0 ], [ 77.4371952, 23.2467523, 0.0 ], [ 77.437222, 23.2468295, 0.0 ], [ 77.4373294, 23.247089, 0.0 ], [ 77.4373497, 23.2471394, 0.0 ], [ 77.4370386, 23.2472326, 0.0 ], [ 77.4371827, 23.2476279, 0.0 ], [ 77.4372969, 23.2478039, 0.0 ], [ 77.4374745, 23.2482963, 0.0 ], [ 77.4377535, 23.2487829, 0.0 ], [ 77.437928, 23.2489257, 0.0 ], [ 77.438027, 23.2487767, 0.0 ], [ 77.438679, 23.2491325, 0.0 ], [ 77.4387614, 23.2491794, 0.0 ], [ 77.4390886, 23.2493657, 0.0 ], [ 77.439302, 23.2499472, 0.0 ], [ 77.4394296, 23.2502441, 0.0 ], [ 77.4395867, 23.2505817, 0.0 ], [ 77.4397906, 23.2510013, 0.0 ], [ 77.439581, 23.2510684, 0.0 ], [ 77.4395143, 23.2510953, 0.0 ], [ 77.4399526, 23.251604, 0.0 ], [ 77.4403238, 23.2520537, 0.0 ], [ 77.440094, 23.252268, 0.0 ], [ 77.4389347, 23.2522743, 0.0 ], [ 77.4389588, 23.2529562, 0.0 ], [ 77.4386301, 23.2529595, 0.0 ], [ 77.438615, 23.2526155, 0.0 ], [ 77.4380956, 23.2526348, 0.0 ], [ 77.4374154, 23.2526517, 0.0 ], [ 77.4368258, 23.2526433, 0.0 ], [ 77.4367142, 23.2514675, 0.0 ], [ 77.436571, 23.2514724, 0.0 ], [ 77.4361985, 23.2514486, 0.0 ], [ 77.4359202, 23.2514233, 0.0 ], [ 77.4355385, 23.2513959, 0.0 ], [ 77.4349603, 23.2513721, 0.0 ], [ 77.4349486, 23.251607, 0.0 ], [ 77.4345385, 23.2516425, 0.0 ], [ 77.4342248, 23.2516505, 0.0 ], [ 77.4340664, 23.2516756, 0.0 ], [ 77.4338203, 23.2516885, 0.0 ], [ 77.4334593, 23.2517401, 0.0 ], [ 77.4333936, 23.2510534, 0.0 ], [ 77.4322014, 23.2510331, 0.0 ], [ 77.4316204, 23.2510448, 0.0 ], [ 77.4308772, 23.2509921, 0.0 ], [ 77.4308411, 23.2512102, 0.0 ], [ 77.4308053, 23.2514028, 0.0 ], [ 77.4307094, 23.251772, 0.0 ], [ 77.4306634, 23.2519048, 0.0 ], [ 77.4306339, 23.2519712, 0.0 ], [ 77.4306224, 23.2519928, 0.0 ], [ 77.43054, 23.2521162, 0.0 ], [ 77.4304525, 23.2522111, 0.0 ] ] ] } },
{ "type": "Feature", "properties": { "objectid": 26, "townname": "Bhopal", "towncensuscode2011": 802312, "town_lgd_code": 250946, "ward_lgd_code": 34382, "ward_lgd_name": "Kasturba Ward", "sourcewardcode": 58, "state": "Madhya Pradesh" }, "geometry": { "type": "Polygon", "coordinates": [ [ [ 77.4325418, 23.2462216, 0.0 ], [ 77.433018, 23.245778, 0.0 ], [ 77.4332332, 23.2455311, 0.0 ], [ 77.4332889, 23.2454672, 0.0 ], [ 77.4333772, 23.2453606, 0.0 ], [ 77.4334981, 23.2452001, 0.0 ], [ 77.4337087, 23.2448942, 0.0 ], [ 77.4339261, 23.244522, 0.0 ], [ 77.4340617, 23.2442454, 0.0 ], [ 77.4342692, 23.2437018, 0.0 ], [ 77.4344534, 23.2430449, 0.0 ], [ 77.4345486, 23.2426869, 0.0 ], [ 77.4358215, 23.2378958, 0.0 ], [ 77.4367747, 23.2339076, 0.0 ], [ 77.4367959, 23.2338244, 0.0 ], [ 77.4383465, 23.2280565, 0.0 ], [ 77.4394668, 23.2236586, 0.0 ], [ 77.443322, 23.2238073, 0.0 ], [ 77.4433219, 23.223844, 0.0 ], [ 77.4433194, 23.2239568, 0.0 ], [ 77.4433089, 23.2247734, 0.0 ], [ 77.4433122, 23.2259831, 0.0 ], [ 77.4424826, 23.2259898, 0.0 ], [ 77.4425762, 23.2276507, 0.0 ], [ 77.4425762, 23.2278177, 0.0 ], [ 77.4426728, 23.2278185, 0.0 ], [ 77.4427401, 23.2278191, 0.0 ], [ 77.4427719, 23.2278215, 0.0 ], [ 77.4428143, 23.2278256, 0.0 ], [ 77.4428496, 23.2278329, 0.0 ], [ 77.4428796, 23.2278426, 0.0 ], [ 77.4428964, 23.2278532, 0.0 ], [ 77.4429088, 23.2278655, 0.0 ], [ 77.4429415, 23.2278978, 0.0 ], [ 77.4431067, 23.2281105, 0.0 ], [ 77.4431331, 23.2281486, 0.0 ], [ 77.4431658, 23.2282176, 0.0 ], [ 77.4432038, 23.2283629, 0.0 ], [ 77.4432197, 23.2285147, 0.0 ], [ 77.4432197, 23.2285358, 0.0 ], [ 77.4432197, 23.2285593, 0.0 ], [ 77.4432188, 23.2285837, 0.0 ], [ 77.4432197, 23.2286056, 0.0 ], [ 77.4432241, 23.2286275, 0.0 ], [ 77.4432294, 23.228647, 0.0 ], [ 77.4432365, 23.2286624, 0.0 ], [ 77.4432603, 23.2286957, 0.0 ], [ 77.4432736, 23.2287071, 0.0 ], [ 77.4432859, 23.2287152, 0.0 ], [ 77.4433036, 23.2287249, 0.0 ], [ 77.4433186, 23.2287298, 0.0 ], [ 77.4433372, 23.2287306, 0.0 ], [ 77.4440367, 23.2287135, 0.0 ], [ 77.4442198, 23.2287164, 0.0 ], [ 77.4442509, 23.2287205, 0.0 ], [ 77.444273, 23.2287267, 0.0 ], [ 77.4442939, 23.2287387, 0.0 ], [ 77.4443063, 23.2287475, 0.0 ], [ 77.4443182, 23.2287579, 0.0 ], [ 77.4443497, 23.2287857, 0.0 ], [ 77.4443993, 23.2288412, 0.0 ], [ 77.4444173, 23.2288716, 0.0 ], [ 77.4444283, 23.2288983, 0.0 ], [ 77.4444352, 23.2289389, 0.0 ], [ 77.4444556, 23.229842, 0.0 ], [ 77.4444612, 23.2298581, 0.0 ], [ 77.4444686, 23.2298716, 0.0 ], [ 77.4444765, 23.2298846, 0.0 ], [ 77.4445064, 23.2299127, 0.0 ], [ 77.4446671, 23.2300346, 0.0 ], [ 77.4448217, 23.2301196, 0.0 ], [ 77.4448603, 23.2301462, 0.0 ], [ 77.4448851, 23.2301678, 0.0 ], [ 77.4449252, 23.230216, 0.0 ], [ 77.4449431, 23.2302375, 0.0 ], [ 77.4449707, 23.230268, 0.0 ], [ 77.4450052, 23.2302984, 0.0 ], [ 77.4453516, 23.2305165, 0.0 ], [ 77.4455895, 23.2306789, 0.0 ], [ 77.445602, 23.2306914, 0.0 ], [ 77.4456048, 23.2306997, 0.0 ], [ 77.4456048, 23.230708, 0.0 ], [ 77.4455997, 23.2307251, 0.0 ], [ 77.4455901, 23.2307423, 0.0 ], [ 77.4455562, 23.2307778, 0.0 ], [ 77.4454951, 23.230842, 0.0 ], [ 77.4453627, 23.2309287, 0.0 ], [ 77.4453406, 23.2309553, 0.0 ], [ 77.445295, 23.23102, 0.0 ], [ 77.4452592, 23.2310707, 0.0 ], [ 77.4452343, 23.2311088, 0.0 ], [ 77.4451929, 23.2311912, 0.0 ], [ 77.4451363, 23.2312977, 0.0 ], [ 77.445106, 23.2313599, 0.0 ], [ 77.4450991, 23.2313954, 0.0 ], [ 77.4450908, 23.2314334, 0.0 ], [ 77.445053, 23.2316127, 0.0 ], [ 77.4450094, 23.2318202, 0.0 ], [ 77.4449735, 23.2319712, 0.0 ], [ 77.4449569, 23.2320232, 0.0 ], [ 77.4449321, 23.2320688, 0.0 ], [ 77.4449072, 23.2321056, 0.0 ], [ 77.4448603, 23.2321639, 0.0 ], [ 77.4448286, 23.232202, 0.0 ], [ 77.4447665, 23.2322907, 0.0 ], [ 77.4447223, 23.2323618, 0.0 ], [ 77.4446975, 23.2324125, 0.0 ], [ 77.4446878, 23.2324417, 0.0 ], [ 77.4445971, 23.232614, 0.0 ], [ 77.4445737, 23.2326585, 0.0 ], [ 77.4445658, 23.232683, 0.0 ], [ 77.4445584, 23.2327188, 0.0 ], [ 77.4445571, 23.2327411, 0.0 ], [ 77.4445513, 23.2328657, 0.0 ], [ 77.4445513, 23.2328864, 0.0 ], [ 77.4445503, 23.2329071, 0.0 ], [ 77.4445475, 23.2329234, 0.0 ], [ 77.4445372, 23.2329528, 0.0 ], [ 77.4445006, 23.2330019, 0.0 ], [ 77.4444771, 23.2330269, 0.0 ], [ 77.4442669, 23.2332158, 0.0 ], [ 77.4442472, 23.2332356, 0.0 ], [ 77.4442256, 23.233252, 0.0 ], [ 77.4441965, 23.233271, 0.0 ], [ 77.4441871, 23.2332744, 0.0 ], [ 77.4441299, 23.233277, 0.0 ], [ 77.4441017, 23.233271, 0.0 ], [ 77.4440689, 23.2332606, 0.0 ], [ 77.4438737, 23.2331408, 0.0 ], [ 77.4437949, 23.233102, 0.0 ], [ 77.4437517, 23.2330813, 0.0 ], [ 77.4437038, 23.2330657, 0.0 ], [ 77.4436644, 23.2330545, 0.0 ], [ 77.4436325, 23.2330459, 0.0 ], [ 77.4435246, 23.2330174, 0.0 ], [ 77.4434182, 23.2329979, 0.0 ], [ 77.4433762, 23.232995, 0.0 ], [ 77.443338, 23.2329928, 0.0 ], [ 77.4433139, 23.2329889, 0.0 ], [ 77.4432782, 23.2329836, 0.0 ], [ 77.4432316, 23.2329775, 0.0 ], [ 77.4431983, 23.2329767, 0.0 ], [ 77.4431875, 23.232979, 0.0 ], [ 77.4431659, 23.2329905, 0.0 ], [ 77.4431601, 23.2329996, 0.0 ], [ 77.4431526, 23.2330279, 0.0 ], [ 77.4431435, 23.233063, 0.0 ], [ 77.4431443, 23.2331035, 0.0 ], [ 77.4431714, 23.233289, 0.0 ], [ 77.443187, 23.2333307, 0.0 ], [ 77.4432013, 23.233357, 0.0 ], [ 77.4432117, 23.2333797, 0.0 ], [ 77.4432169, 23.2333976, 0.0 ], [ 77.4432169, 23.233425, 0.0 ], [ 77.4432169, 23.2334501, 0.0 ], [ 77.4432065, 23.2334871, 0.0 ], [ 77.4431922, 23.2335229, 0.0 ], [ 77.4431792, 23.2335563, 0.0 ], [ 77.443174, 23.2335802, 0.0 ], [ 77.4431753, 23.2336065, 0.0 ], [ 77.4431909, 23.2336757, 0.0 ], [ 77.4431987, 23.233696, 0.0 ], [ 77.4432143, 23.2337306, 0.0 ], [ 77.4432325, 23.2337533, 0.0 ], [ 77.4432468, 23.2337688, 0.0 ], [ 77.4432974, 23.2338416, 0.0 ], [ 77.4433143, 23.2338762, 0.0 ], [ 77.4434136, 23.23443, 0.0 ], [ 77.4434468, 23.2345757, 0.0 ], [ 77.4434507, 23.2346234, 0.0 ], [ 77.4434403, 23.2347094, 0.0 ], [ 77.4434247, 23.2347523, 0.0 ], [ 77.4434065, 23.2348013, 0.0 ], [ 77.4433897, 23.2348466, 0.0 ], [ 77.4433676, 23.2349194, 0.0 ], [ 77.4433325, 23.2352142, 0.0 ], [ 77.4441585, 23.2352245, 0.0 ], [ 77.4441564, 23.2358772, 0.0 ], [ 77.4441098, 23.2361588, 0.0 ], [ 77.4440956, 23.2366885, 0.0 ], [ 77.4440184, 23.2379324, 0.0 ], [ 77.4440199, 23.2380308, 0.0 ], [ 77.4440295, 23.2382348, 0.0 ], [ 77.4440517, 23.2384446, 0.0 ], [ 77.4441524, 23.2388873, 0.0 ], [ 77.4436632, 23.2390458, 0.0 ], [ 77.4436445, 23.2389883, 0.0 ], [ 77.443557, 23.2387205, 0.0 ], [ 77.4426018, 23.238697, 0.0 ], [ 77.4425566, 23.238695, 0.0 ], [ 77.4425652, 23.23896, 0.0 ], [ 77.4423202, 23.2390617, 0.0 ], [ 77.4425774, 23.2394635, 0.0 ], [ 77.442689, 23.2396798, 0.0 ], [ 77.4425225, 23.23979, 0.0 ], [ 77.4428419, 23.2402803, 0.0 ], [ 77.4439469, 23.2396251, 0.0 ], [ 77.4453498, 23.2388182, 0.0 ], [ 77.4460663, 23.2384397, 0.0 ], [ 77.4475702, 23.2375781, 0.0 ], [ 77.4485891, 23.2369477, 0.0 ], [ 77.4502862, 23.235792, 0.0 ], [ 77.4502734, 23.2371007, 0.0 ], [ 77.4501176, 23.2450938, 0.0 ], [ 77.4467321, 23.245016, 0.0 ], [ 77.4442772, 23.2449904, 0.0 ], [ 77.4437375, 23.2449769, 0.0 ], [ 77.4430428, 23.2449621, 0.0 ], [ 77.4426753, 23.2449542, 0.0 ], [ 77.4423529, 23.2467398, 0.0 ], [ 77.4417167, 23.2466596, 0.0 ], [ 77.4415855, 23.2466339, 0.0 ], [ 77.4414887, 23.2466039, 0.0 ], [ 77.4413952, 23.2465658, 0.0 ], [ 77.4411346, 23.246446, 0.0 ], [ 77.440509, 23.2461621, 0.0 ], [ 77.4403976, 23.246591, 0.0 ], [ 77.4402344, 23.2469453, 0.0 ], [ 77.439753, 23.2467756, 0.0 ], [ 77.4396279, 23.2467389, 0.0 ], [ 77.4395154, 23.2467161, 0.0 ], [ 77.4394988, 23.2467122, 0.0 ], [ 77.4393959, 23.24669, 0.0 ], [ 77.4393242, 23.2466819, 0.0 ], [ 77.4391484, 23.2466895, 0.0 ], [ 77.4389246, 23.246716, 0.0 ], [ 77.4384708, 23.2467987, 0.0 ], [ 77.4383666, 23.2468214, 0.0 ], [ 77.4375964, 23.2450466, 0.0 ], [ 77.4373358, 23.244464, 0.0 ], [ 77.4370069, 23.2436092, 0.0 ], [ 77.4369162, 23.2436712, 0.0 ], [ 77.4351104, 23.2449039, 0.0 ], [ 77.4345401, 23.2453171, 0.0 ], [ 77.4339247, 23.2457646, 0.0 ], [ 77.4329313, 23.2465176, 0.0 ], [ 77.4325418, 23.2462216, 0.0 ] ] ] } },
{ "type": "Feature", "properties": { "objectid": 27, "townname": "Bhopal", "towncensuscode2011": 802312, "town_lgd_code": 250946, "ward_lgd_code": 34383, "ward_lgd_name": "Barkheda Bhel Ward", "sourcewardcode": 59, "state": "Madhya Pradesh" }, "geometry": { "type": "Polygon", "coordinates": [ [ [ 77.4661401, 23.2499304, 0.0 ], [ 77.4629629, 23.2504577, 0.0 ], [ 77.4572982, 23.2513444, 0.0 ], [ 77.4561962, 23.2514913, 0.0 ], [ 77.4547364, 23.2516644, 0.0 ], [ 77.454455, 23.2517087, 0.0 ], [ 77.4531482, 23.2519331, 0.0 ], [ 77.4500081, 23.2524812, 0.0 ], [ 77.4500247, 23.2516624, 0.0 ], [ 77.450035, 23.2503737, 0.0 ], [ 77.4500662, 23.2487573, 0.0 ], [ 77.4500844, 23.2478478, 0.0 ], [ 77.4501013, 23.2467212, 0.0 ], [ 77.4492432, 23.2467068, 0.0 ], [ 77.4490486, 23.2472932, 0.0 ], [ 77.4480491, 23.2485217, 0.0 ], [ 77.4485443, 23.2489014, 0.0 ], [ 77.4482922, 23.2492266, 0.0 ], [ 77.4476404, 23.2487961, 0.0 ], [ 77.4470118, 23.2483453, 0.0 ], [ 77.4460749, 23.2477026, 0.0 ], [ 77.4453192, 23.247233, 0.0 ], [ 77.4447383, 23.2468926, 0.0 ], [ 77.4447044, 23.2468727, 0.0 ], [ 77.4448886, 23.2466316, 0.0 ], [ 77.4429222, 23.2466029, 0.0 ], [ 77.4427087, 23.2470046, 0.0 ], [ 77.4413467, 23.2500862, 0.0 ], [ 77.4406272, 23.2498082, 0.0 ], [ 77.4403885, 23.2501109, 0.0 ], [ 77.4397225, 23.24979, 0.0 ], [ 77.439302, 23.2499472, 0.0 ], [ 77.4390886, 23.2493657, 0.0 ], [ 77.4387614, 23.2491794, 0.0 ], [ 77.438679, 23.2491325, 0.0 ], [ 77.438027, 23.2487767, 0.0 ], [ 77.437928, 23.2489257, 0.0 ], [ 77.4377535, 23.2487829, 0.0 ], [ 77.4374745, 23.2482963, 0.0 ], [ 77.4372969, 23.2478039, 0.0 ], [ 77.4371827, 23.2476279, 0.0 ], [ 77.4370386, 23.2472326, 0.0 ], [ 77.4373497, 23.2471394, 0.0 ], [ 77.4373294, 23.247089, 0.0 ], [ 77.437222, 23.2468295, 0.0 ], [ 77.4371952, 23.2467523, 0.0 ], [ 77.4371278, 23.2465575, 0.0 ], [ 77.4371137, 23.246456, 0.0 ], [ 77.4370825, 23.2462015, 0.0 ], [ 77.4370777, 23.2461618, 0.0 ], [ 77.4370539, 23.2459675, 0.0 ], [ 77.4370356, 23.2459749, 0.0 ], [ 77.4369024, 23.2460288, 0.0 ], [ 77.4367656, 23.246086, 0.0 ], [ 77.4362642, 23.2462679, 0.0 ], [ 77.4355662, 23.2465137, 0.0 ], [ 77.4351032, 23.2467062, 0.0 ], [ 77.4339247, 23.2457646, 0.0 ], [ 77.4345401, 23.2453171, 0.0 ], [ 77.4351104, 23.2449039, 0.0 ], [ 77.4369162, 23.2436712, 0.0 ], [ 77.4370069, 23.2436092, 0.0 ], [ 77.4373358, 23.244464, 0.0 ], [ 77.4375964, 23.2450466, 0.0 ], [ 77.4383666, 23.2468214, 0.0 ], [ 77.4384708, 23.2467987, 0.0 ], [ 77.4389246, 23.246716, 0.0 ], [ 77.4391484, 23.2466895, 0.0 ], [ 77.4393242, 23.2466819, 0.0 ], [ 77.4393959, 23.24669, 0.0 ], [ 77.4394988, 23.2467122, 0.0 ], [ 77.4395154, 23.2467161, 0.0 ], [ 77.4396279, 23.2467389, 0.0 ], [ 77.439753, 23.2467756, 0.0 ], [ 77.4402344, 23.2469453, 0.0 ], [ 77.4403976, 23.246591, 0.0 ], [ 77.440509, 23.2461621, 0.0 ], [ 77.4411346, 23.246446, 0.0 ], [ 77.4413952, 23.2465658, 0.0 ], [ 77.4414887, 23.2466039, 0.0 ], [ 77.4415855, 23.2466339, 0.0 ], [ 77.4417167, 23.2466596, 0.0 ], [ 77.4423529, 23.2467398, 0.0 ], [ 77.4426753, 23.2449542, 0.0 ], [ 77.4430428, 23.2449621, 0.0 ], [ 77.4437375, 23.2449769, 0.0 ], [ 77.4442772, 23.2449904, 0.0 ], [ 77.4467321, 23.245016, 0.0 ], [ 77.4501176, 23.2450938, 0.0 ], [ 77.4502734, 23.2371007, 0.0 ], [ 77.4502862, 23.235792, 0.0 ], [ 77.4485891, 23.2369477, 0.0 ], [ 77.4475702, 23.2375781, 0.0 ], [ 77.4460663, 23.2384397, 0.0 ], [ 77.4453498, 23.2388182, 0.0 ], [ 77.4439469, 23.2396251, 0.0 ], [ 77.4428419, 23.2402803, 0.0 ], [ 77.4425225, 23.23979, 0.0 ], [ 77.442689, 23.2396798, 0.0 ], [ 77.4425774, 23.2394635, 0.0 ], [ 77.4423202, 23.2390617, 0.0 ], [ 77.4425652, 23.23896, 0.0 ], [ 77.4425566, 23.238695, 0.0 ], [ 77.4426018, 23.238697, 0.0 ], [ 77.443557, 23.2387205, 0.0 ], [ 77.4436445, 23.2389883, 0.0 ], [ 77.4436632, 23.2390458, 0.0 ], [ 77.4441524, 23.2388873, 0.0 ], [ 77.4440517, 23.2384446, 0.0 ], [ 77.4440295, 23.2382348, 0.0 ], [ 77.4440199, 23.2380308, 0.0 ], [ 77.4440184, 23.2379324, 0.0 ], [ 77.4440956, 23.2366885, 0.0 ], [ 77.4441098, 23.2361588, 0.0 ], [ 77.4441564, 23.2358772, 0.0 ], [ 77.4441585, 23.2352245, 0.0 ], [ 77.4433325, 23.2352142, 0.0 ], [ 77.4433676, 23.2349194, 0.0 ], [ 77.4433897, 23.2348466, 0.0 ], [ 77.4434065, 23.2348013, 0.0 ], [ 77.4434247, 23.2347523, 0.0 ], [ 77.4434403, 23.2347094, 0.0 ], [ 77.4434507, 23.2346234, 0.0 ], [ 77.4434468, 23.2345757, 0.0 ], [ 77.4434136, 23.23443, 0.0 ], [ 77.4433143, 23.2338762, 0.0 ], [ 77.4432974, 23.2338416, 0.0 ], [ 77.4432468, 23.2337688, 0.0 ], [ 77.4432325, 23.2337533, 0.0 ], [ 77.4432143, 23.2337306, 0.0 ], [ 77.4431987, 23.233696, 0.0 ], [ 77.4431909, 23.2336757, 0.0 ], [ 77.4431753, 23.2336065, 0.0 ], [ 77.443174, 23.2335802, 0.0 ], [ 77.4431792, 23.2335563, 0.0 ], [ 77.4431922, 23.2335229, 0.0 ], [ 77.4432065, 23.2334871, 0.0 ], [ 77.4432169, 23.2334501, 0.0 ], [ 77.4432169, 23.233425, 0.0 ], [ 77.4432169, 23.2333976, 0.0 ], [ 77.4432117, 23.2333797, 0.0 ], [ 77.4432013, 23.233357, 0.0 ], [ 77.443187, 23.2333307, 0.0 ], [ 77.4431714, 23.233289, 0.0 ], [ 77.4431443, 23.2331035, 0.0 ], [ 77.4431435, 23.233063, 0.0 ], [ 77.4431526, 23.2330279, 0.0 ], [ 77.4431601, 23.2329996, 0.0 ], [ 77.4431659, 23.2329905, 0.0 ], [ 77.4431875, 23.232979, 0.0 ], [ 77.4431983, 23.2329767, 0.0 ], [ 77.4432316, 23.2329775, 0.0 ], [ 77.4432782, 23.2329836, 0.0 ], [ 77.4433139, 23.2329889, 0.0 ], [ 77.443338, 23.2329928, 0.0 ], [ 77.4433762, 23.232995, 0.0 ], [ 77.4434182, 23.2329979, 0.0 ], [ 77.4435246, 23.2330174, 0.0 ], [ 77.4436325, 23.2330459, 0.0 ], [ 77.4436644, 23.2330545, 0.0 ], [ 77.4437038, 23.2330657, 0.0 ], [ 77.4437517, 23.2330813, 0.0 ], [ 77.4437949, 23.233102, 0.0 ], [ 77.4438737, 23.2331408, 0.0 ], [ 77.4440689, 23.2332606, 0.0 ], [ 77.4441017, 23.233271, 0.0 ], [ 77.4441299, 23.233277, 0.0 ], [ 77.4441871, 23.2332744, 0.0 ], [ 77.4441965, 23.233271, 0.0 ], [ 77.4442256, 23.233252, 0.0 ], [ 77.4442472, 23.2332356, 0.0 ], [ 77.4442669, 23.2332158, 0.0 ], [ 77.4444771, 23.2330269, 0.0 ], [ 77.4445006, 23.2330019, 0.0 ], [ 77.4445372, 23.2329528, 0.0 ], [ 77.4445475, 23.2329234, 0.0 ], [ 77.4445503, 23.2329071, 0.0 ], [ 77.4445513, 23.2328864, 0.0 ], [ 77.4445513, 23.2328657, 0.0 ], [ 77.4445571, 23.2327411, 0.0 ], [ 77.4445584, 23.2327188, 0.0 ], [ 77.4445658, 23.232683, 0.0 ], [ 77.4445737, 23.2326585, 0.0 ], [ 77.4445971, 23.232614, 0.0 ], [ 77.4446878, 23.2324417, 0.0 ], [ 77.4446975, 23.2324125, 0.0 ], [ 77.4447223, 23.2323618, 0.0 ], [ 77.4447665, 23.2322907, 0.0 ], [ 77.4448286, 23.232202, 0.0 ], [ 77.4448603, 23.2321639, 0.0 ], [ 77.4449072, 23.2321056, 0.0 ], [ 77.4449321, 23.2320688, 0.0 ], [ 77.4449569, 23.2320232, 0.0 ], [ 77.4449735, 23.2319712, 0.0 ], [ 77.4450094, 23.2318202, 0.0 ], [ 77.445053, 23.2316127, 0.0 ], [ 77.4450908, 23.2314334, 0.0 ], [ 77.4450991, 23.2313954, 0.0 ], [ 77.445106, 23.2313599, 0.0 ], [ 77.4451363, 23.2312977, 0.0 ], [ 77.4451929, 23.2311912, 0.0 ], [ 77.4452343, 23.2311088, 0.0 ], [ 77.4452592, 23.2310707, 0.0 ], [ 77.445295, 23.23102, 0.0 ], [ 77.4453406, 23.2309553, 0.0 ], [ 77.4453627, 23.2309287, 0.0 ], [ 77.4454951, 23.230842, 0.0 ], [ 77.4455562, 23.2307778, 0.0 ], [ 77.4455901, 23.2307423, 0.0 ], [ 77.4455997, 23.2307251, 0.0 ], [ 77.4456048, 23.230708, 0.0 ], [ 77.4456048, 23.2306997, 0.0 ], [ 77.445602, 23.2306914, 0.0 ], [ 77.4455895, 23.2306789, 0.0 ], [ 77.4453516, 23.2305165, 0.0 ], [ 77.4450052, 23.2302984, 0.0 ], [ 77.4449707, 23.230268, 0.0 ], [ 77.4449431, 23.2302375, 0.0 ], [ 77.4449252, 23.230216, 0.0 ], [ 77.4448851, 23.2301678, 0.0 ], [ 77.4448603, 23.2301462, 0.0 ], [ 77.4448217, 23.2301196, 0.0 ], [ 77.4446671, 23.2300346, 0.0 ], [ 77.4445064, 23.2299127, 0.0 ], [ 77.4444765, 23.2298846, 0.0 ], [ 77.4444686, 23.2298716, 0.0 ], [ 77.4444612, 23.2298581, 0.0 ], [ 77.4444556, 23.229842, 0.0 ], [ 77.4444352, 23.2289389, 0.0 ], [ 77.4444283, 23.2288983, 0.0 ], [ 77.4444173, 23.2288716, 0.0 ], [ 77.4443993, 23.2288412, 0.0 ], [ 77.4443497, 23.2287857, 0.0 ], [ 77.4443182, 23.2287579, 0.0 ], [ 77.4443063, 23.2287475, 0.0 ], [ 77.4442939, 23.2287387, 0.0 ], [ 77.444273, 23.2287267, 0.0 ], [ 77.4442509, 23.2287205, 0.0 ], [ 77.4442198, 23.2287164, 0.0 ], [ 77.4440367, 23.2287135, 0.0 ], [ 77.4433372, 23.2287306, 0.0 ], [ 77.4433186, 23.2287298, 0.0 ], [ 77.4433036, 23.2287249, 0.0 ], [ 77.4432859, 23.2287152, 0.0 ], [ 77.4432736, 23.2287071, 0.0 ], [ 77.4432603, 23.2286957, 0.0 ], [ 77.4432365, 23.2286624, 0.0 ], [ 77.4432294, 23.228647, 0.0 ], [ 77.4432241, 23.2286275, 0.0 ], [ 77.4432197, 23.2286056, 0.0 ], [ 77.4432188, 23.2285837, 0.0 ], [ 77.4432197, 23.2285593, 0.0 ], [ 77.4432197, 23.2285358, 0.0 ], [ 77.4432197, 23.2285147, 0.0 ], [ 77.4432038, 23.2283629, 0.0 ], [ 77.4431658, 23.2282176, 0.0 ], [ 77.4431331, 23.2281486, 0.0 ], [ 77.4431067, 23.2281105, 0.0 ], [ 77.4429415, 23.2278978, 0.0 ], [ 77.4429088, 23.2278655, 0.0 ], [ 77.4428964, 23.2278532, 0.0 ], [ 77.4428796, 23.2278426, 0.0 ], [ 77.4428496, 23.2278329, 0.0 ], [ 77.4428143, 23.2278256, 0.0 ], [ 77.4427719, 23.2278215, 0.0 ], [ 77.4427401, 23.2278191, 0.0 ], [ 77.4426728, 23.2278185, 0.0 ], [ 77.4425762, 23.2278177, 0.0 ], [ 77.4425762, 23.2276507, 0.0 ], [ 77.4424826, 23.2259898, 0.0 ], [ 77.4433122, 23.2259831, 0.0 ], [ 77.4433089, 23.2247734, 0.0 ], [ 77.4433194, 23.2239568, 0.0 ], [ 77.4433219, 23.223844, 0.0 ], [ 77.443322, 23.2238073, 0.0 ], [ 77.4448521, 23.2238564, 0.0 ], [ 77.4459034, 23.223937, 0.0 ], [ 77.447578, 23.2240122, 0.0 ], [ 77.4486545, 23.2241076, 0.0 ], [ 77.4494832, 23.2241793, 0.0 ], [ 77.4508416, 23.2244255, 0.0 ], [ 77.4518966, 23.2246585, 0.0 ], [ 77.4521076, 23.2247151, 0.0 ], [ 77.4521674, 23.2247758, 0.0 ], [ 77.4522052, 23.2248308, 0.0 ], [ 77.4522083, 23.2248684, 0.0 ], [ 77.4522052, 23.2249089, 0.0 ], [ 77.4521894, 23.2249552, 0.0 ], [ 77.4521265, 23.2250391, 0.0 ], [ 77.4520793, 23.2250622, 0.0 ], [ 77.451988, 23.2251027, 0.0 ], [ 77.4519093, 23.2251345, 0.0 ], [ 77.4518432, 23.2251721, 0.0 ], [ 77.4517551, 23.22523, 0.0 ], [ 77.451689, 23.2252965, 0.0 ], [ 77.4516575, 23.2253602, 0.0 ], [ 77.4516417, 23.2254093, 0.0 ], [ 77.4516386, 23.2254585, 0.0 ], [ 77.4516354, 23.2255077, 0.0 ], [ 77.4516323, 23.2255569, 0.0 ], [ 77.451626, 23.2256292, 0.0 ], [ 77.4515693, 23.2258259, 0.0 ], [ 77.4515379, 23.2258953, 0.0 ], [ 77.451519, 23.2259387, 0.0 ], [ 77.4514371, 23.2260602, 0.0 ], [ 77.4513994, 23.2260891, 0.0 ], [ 77.4513238, 23.2261209, 0.0 ], [ 77.4508208, 23.2261463, 0.0 ], [ 77.4507796, 23.2261522, 0.0 ], [ 77.4507164, 23.2261712, 0.0 ], [ 77.4506738, 23.2261925, 0.0 ], [ 77.4506171, 23.2262292, 0.0 ], [ 77.4502563, 23.2266318, 0.0 ], [ 77.4500128, 23.2269704, 0.0 ], [ 77.4497833, 23.2273764, 0.0 ], [ 77.4497571, 23.2274209, 0.0 ], [ 77.449735, 23.2274634, 0.0 ], [ 77.4497168, 23.2275134, 0.0 ], [ 77.4497108, 23.227569, 0.0 ], [ 77.4497168, 23.2276597, 0.0 ], [ 77.4497229, 23.2277078, 0.0 ], [ 77.4499389, 23.2285349, 0.0 ], [ 77.4499505, 23.2286012, 0.0 ], [ 77.4499479, 23.228651, 0.0 ], [ 77.4499415, 23.2286782, 0.0 ], [ 77.4499312, 23.228696, 0.0 ], [ 77.449908, 23.2287185, 0.0 ], [ 77.4498822, 23.228728, 0.0 ], [ 77.4498126, 23.2287316, 0.0 ], [ 77.4495947, 23.228728, 0.0 ], [ 77.4495392, 23.2287256, 0.0 ], [ 77.4494541, 23.2287256, 0.0 ], [ 77.4493394, 23.228747, 0.0 ], [ 77.4488962, 23.2289094, 0.0 ], [ 77.4488846, 23.2289138, 0.0 ], [ 77.4488709, 23.2289167, 0.0 ], [ 77.4488614, 23.2289172, 0.0 ], [ 77.4488249, 23.2289143, 0.0 ], [ 77.4479239, 23.2285242, 0.0 ], [ 77.4478352, 23.2284946, 0.0 ], [ 77.4477889, 23.2284816, 0.0 ], [ 77.4477607, 23.2284798, 0.0 ], [ 77.4477164, 23.228489, 0.0 ], [ 77.4476842, 23.2285038, 0.0 ], [ 77.4476559, 23.2285242, 0.0 ], [ 77.4476298, 23.2285594, 0.0 ], [ 77.4475854, 23.2286482, 0.0 ], [ 77.4472933, 23.2294406, 0.0 ], [ 77.4472692, 23.2294887, 0.0 ], [ 77.447243, 23.2295276, 0.0 ], [ 77.4472067, 23.2295646, 0.0 ], [ 77.4471684, 23.2295998, 0.0 ], [ 77.4469045, 23.2297608, 0.0 ], [ 77.4468642, 23.2297849, 0.0 ], [ 77.446828, 23.2298127, 0.0 ], [ 77.4467937, 23.2298571, 0.0 ], [ 77.4467796, 23.2298941, 0.0 ], [ 77.4467736, 23.229933, 0.0 ], [ 77.4467736, 23.2299663, 0.0 ], [ 77.4467816, 23.2300071, 0.0 ], [ 77.4469025, 23.2303921, 0.0 ], [ 77.4469307, 23.2304551, 0.0 ], [ 77.4469307, 23.2304736, 0.0 ], [ 77.4469166, 23.230505, 0.0 ], [ 77.4468441, 23.2305291, 0.0 ], [ 77.4467675, 23.2305421, 0.0 ], [ 77.4462734, 23.2306042, 0.0 ], [ 77.4462377, 23.2306087, 0.0 ], [ 77.4463451, 23.2317322, 0.0 ], [ 77.4477809, 23.2317398, 0.0 ], [ 77.4506637, 23.231789, 0.0 ], [ 77.4519989, 23.2318001, 0.0 ], [ 77.4555281, 23.231849, 0.0 ], [ 77.4607053, 23.2319178, 0.0 ], [ 77.4617583, 23.2319401, 0.0 ], [ 77.4663556, 23.231998, 0.0 ], [ 77.4663709, 23.2320494, 0.0 ], [ 77.466697, 23.2330754, 0.0 ], [ 77.4667656, 23.2333196, 0.0 ], [ 77.4667834, 23.2334081, 0.0 ], [ 77.4667899, 23.2334625, 0.0 ], [ 77.4667928, 23.2337152, 0.0 ], [ 77.4668014, 23.2354569, 0.0 ], [ 77.4668137, 23.2374234, 0.0 ], [ 77.4668254, 23.2389822, 0.0 ], [ 77.4668237, 23.2413568, 0.0 ], [ 77.4668353, 23.2431608, 0.0 ], [ 77.4668344, 23.2441001, 0.0 ], [ 77.466828, 23.2443282, 0.0 ], [ 77.4668183, 23.2443817, 0.0 ], [ 77.4667952, 23.2444641, 0.0 ], [ 77.4667419, 23.2445789, 0.0 ], [ 77.4665568, 23.2449762, 0.0 ], [ 77.4663193, 23.2454655, 0.0 ], [ 77.4662067, 23.2457116, 0.0 ], [ 77.4661974, 23.2457358, 0.0 ], [ 77.4661951, 23.2457494, 0.0 ], [ 77.4661904, 23.2457858, 0.0 ], [ 77.4661898, 23.2458735, 0.0 ], [ 77.4661401, 23.2499304, 0.0 ] ] ] } },
{ "type": "Feature", "properties": { "objectid": 28, "townname": "Bhopal", "towncensuscode2011": 802312, "town_lgd_code": 250946, "ward_lgd_code": 34378, "ward_lgd_name": "Barkatullah Ward", "sourcewardcode": 54, "state": "Madhya Pradesh" }, "geometry": { "type": "Polygon", "coordinates": [ [ [ 77.4524753, 23.211048, 0.0 ], [ 77.4518564, 23.2110872, 0.0 ], [ 77.4510905, 23.2111308, 0.0 ], [ 77.4510957, 23.2117759, 0.0 ], [ 77.451088, 23.2127347, 0.0 ], [ 77.451091, 23.2153052, 0.0 ], [ 77.4510743, 23.2165074, 0.0 ], [ 77.4510558, 23.2165067, 0.0 ], [ 77.4486424, 23.2164103, 0.0 ], [ 77.4465983, 23.2163018, 0.0 ], [ 77.4419708, 23.2161016, 0.0 ], [ 77.4427774, 23.2129678, 0.0 ], [ 77.4437252, 23.2106657, 0.0 ], [ 77.4460323, 23.2040607, 0.0 ], [ 77.4469642, 23.2015774, 0.0 ], [ 77.4496216, 23.1939664, 0.0 ], [ 77.4510323, 23.1899915, 0.0 ], [ 77.4514233, 23.1888556, 0.0 ], [ 77.4515314, 23.1885716, 0.0 ], [ 77.4516675, 23.1883035, 0.0 ], [ 77.4521683, 23.1874508, 0.0 ], [ 77.4534341, 23.1854369, 0.0 ], [ 77.4541934, 23.1858273, 0.0 ], [ 77.4543693, 23.1858865, 0.0 ], [ 77.4544144, 23.1858972, 0.0 ], [ 77.454465, 23.1859072, 0.0 ], [ 77.454549, 23.1859147, 0.0 ], [ 77.4546418, 23.1859203, 0.0 ], [ 77.4547041, 23.1859174, 0.0 ], [ 77.4547429, 23.1859155, 0.0 ], [ 77.4548021, 23.1859097, 0.0 ], [ 77.4550442, 23.1858571, 0.0 ], [ 77.4556493, 23.1857104, 0.0 ], [ 77.4558372, 23.1856706, 0.0 ], [ 77.4558995, 23.1856589, 0.0 ], [ 77.4559402, 23.1856556, 0.0 ], [ 77.4559863, 23.1856556, 0.0 ], [ 77.4560504, 23.1856639, 0.0 ], [ 77.4568291, 23.185791, 0.0 ], [ 77.4571606, 23.1858894, 0.0 ], [ 77.4573286, 23.1859393, 0.0 ], [ 77.457791, 23.186092, 0.0 ], [ 77.4578514, 23.1861116, 0.0 ], [ 77.458996, 23.1865273, 0.0 ], [ 77.4596208, 23.1867826, 0.0 ], [ 77.4596862, 23.1868117, 0.0 ], [ 77.4607968, 23.1873507, 0.0 ], [ 77.4615376, 23.1877242, 0.0 ], [ 77.4616415, 23.1877668, 0.0 ], [ 77.4617601, 23.1878043, 0.0 ], [ 77.4618641, 23.1878267, 0.0 ], [ 77.4622111, 23.1878822, 0.0 ], [ 77.4621536, 23.1881917, 0.0 ], [ 77.4620589, 23.1885082, 0.0 ], [ 77.4620007, 23.188667, 0.0 ], [ 77.4619788, 23.1887546, 0.0 ], [ 77.4619572, 23.1889064, 0.0 ], [ 77.4619558, 23.1889318, 0.0 ], [ 77.4619526, 23.1889521, 0.0 ], [ 77.4619681, 23.1892335, 0.0 ], [ 77.461998, 23.1896579, 0.0 ], [ 77.4620016, 23.1897082, 0.0 ], [ 77.4620101, 23.1898295, 0.0 ], [ 77.4620185, 23.1899386, 0.0 ], [ 77.4620145, 23.1899678, 0.0 ], [ 77.462009, 23.1899861, 0.0 ], [ 77.462001, 23.1900043, 0.0 ], [ 77.4619867, 23.1900255, 0.0 ], [ 77.4619677, 23.1900474, 0.0 ], [ 77.4619192, 23.1900861, 0.0 ], [ 77.4618861, 23.1901003, 0.0 ], [ 77.4618193, 23.190129, 0.0 ], [ 77.4613952, 23.1902583, 0.0 ], [ 77.4613786, 23.1902663, 0.0 ], [ 77.4613706, 23.1902714, 0.0 ], [ 77.4613611, 23.1902809, 0.0 ], [ 77.4613503, 23.1903078, 0.0 ], [ 77.4613248, 23.1904234, 0.0 ], [ 77.4613093, 23.190494, 0.0 ], [ 77.4612601, 23.1906503, 0.0 ], [ 77.4612376, 23.1907021, 0.0 ], [ 77.4611841, 23.1907787, 0.0 ], [ 77.4611402, 23.1908189, 0.0 ], [ 77.460928, 23.1910426, 0.0 ], [ 77.4607779, 23.1912365, 0.0 ], [ 77.4607307, 23.1912981, 0.0 ], [ 77.4607183, 23.191314, 0.0 ], [ 77.4607047, 23.1913311, 0.0 ], [ 77.4606886, 23.1913494, 0.0 ], [ 77.4606712, 23.1913665, 0.0 ], [ 77.4606476, 23.1913825, 0.0 ], [ 77.4606352, 23.1913904, 0.0 ], [ 77.4604225, 23.191418, 0.0 ], [ 77.4603781, 23.1914237, 0.0 ], [ 77.4603502, 23.1914312, 0.0 ], [ 77.4603273, 23.1914391, 0.0 ], [ 77.4602506, 23.191484, 0.0 ], [ 77.4601998, 23.1915243, 0.0 ], [ 77.4601383, 23.1915732, 0.0 ], [ 77.4601108, 23.1916007, 0.0 ], [ 77.4600961, 23.1916246, 0.0 ], [ 77.4600097, 23.191752, 0.0 ], [ 77.4597701, 23.1920824, 0.0 ], [ 77.459695, 23.1921859, 0.0 ], [ 77.4595884, 23.1923392, 0.0 ], [ 77.4595632, 23.1923659, 0.0 ], [ 77.4595167, 23.1924033, 0.0 ], [ 77.4594876, 23.1924211, 0.0 ], [ 77.4594101, 23.1924514, 0.0 ], [ 77.4592395, 23.1925458, 0.0 ], [ 77.4591349, 23.192594, 0.0 ], [ 77.4590554, 23.1926207, 0.0 ], [ 77.4589992, 23.1926242, 0.0 ], [ 77.458972, 23.1926207, 0.0 ], [ 77.4587037, 23.192582, 0.0 ], [ 77.4586666, 23.1925768, 0.0 ], [ 77.4586426, 23.1925711, 0.0 ], [ 77.4586302, 23.1925649, 0.0 ], [ 77.4586245, 23.1925593, 0.0 ], [ 77.458595, 23.1925221, 0.0 ], [ 77.4585823, 23.1925112, 0.0 ], [ 77.4585553, 23.1924951, 0.0 ], [ 77.4585235, 23.1924834, 0.0 ], [ 77.4585084, 23.1924805, 0.0 ], [ 77.4584814, 23.1924827, 0.0 ], [ 77.4584433, 23.1924907, 0.0 ], [ 77.4583806, 23.192509, 0.0 ], [ 77.4581107, 23.1926356, 0.0 ], [ 77.4580995, 23.1926436, 0.0 ], [ 77.4580871, 23.1926562, 0.0 ], [ 77.458076, 23.1926687, 0.0 ], [ 77.458066, 23.1926847, 0.0 ], [ 77.4580598, 23.1927143, 0.0 ], [ 77.4580611, 23.1927451, 0.0 ], [ 77.4580673, 23.1927622, 0.0 ], [ 77.4580834, 23.1927919, 0.0 ], [ 77.4581137, 23.1929284, 0.0 ], [ 77.4581175, 23.1929454, 0.0 ], [ 77.458119, 23.1929576, 0.0 ], [ 77.4581139, 23.1929748, 0.0 ], [ 77.4581022, 23.1929945, 0.0 ], [ 77.4580875, 23.1930089, 0.0 ], [ 77.4580626, 23.1930225, 0.0 ], [ 77.4580494, 23.1930276, 0.0 ], [ 77.4580118, 23.1930318, 0.0 ], [ 77.4574975, 23.1931271, 0.0 ], [ 77.4574716, 23.1931322, 0.0 ], [ 77.4574472, 23.1931341, 0.0 ], [ 77.457434, 23.1931341, 0.0 ], [ 77.4574127, 23.1931262, 0.0 ], [ 77.4574056, 23.1931192, 0.0 ], [ 77.4573954, 23.1931075, 0.0 ], [ 77.4573873, 23.193093, 0.0 ], [ 77.4573863, 23.1930771, 0.0 ], [ 77.4573878, 23.1930599, 0.0 ], [ 77.4574108, 23.1930019, 0.0 ], [ 77.4574408, 23.1929264, 0.0 ], [ 77.4574483, 23.1929025, 0.0 ], [ 77.4574532, 23.1928717, 0.0 ], [ 77.4574532, 23.1928512, 0.0 ], [ 77.4574433, 23.192809, 0.0 ], [ 77.4574346, 23.1927953, 0.0 ], [ 77.4574234, 23.1927805, 0.0 ], [ 77.4574098, 23.1927656, 0.0 ], [ 77.4573622, 23.1927327, 0.0 ], [ 77.4573067, 23.1926944, 0.0 ], [ 77.4571679, 23.192614, 0.0 ], [ 77.4571493, 23.1926049, 0.0 ], [ 77.457122, 23.192598, 0.0 ], [ 77.4571034, 23.1925969, 0.0 ], [ 77.4570786, 23.1926026, 0.0 ], [ 77.4570612, 23.192614, 0.0 ], [ 77.4570389, 23.1926356, 0.0 ], [ 77.4570103, 23.1926687, 0.0 ], [ 77.4569868, 23.1927052, 0.0 ], [ 77.4569185, 23.1928249, 0.0 ], [ 77.4569037, 23.1928477, 0.0 ], [ 77.45689, 23.192866, 0.0 ], [ 77.4568702, 23.1928819, 0.0 ], [ 77.4568466, 23.1928979, 0.0 ], [ 77.456761, 23.1929184, 0.0 ], [ 77.45673, 23.1929162, 0.0 ], [ 77.4566804, 23.1928979, 0.0 ], [ 77.4566481, 23.1928751, 0.0 ], [ 77.4566283, 23.1928637, 0.0 ], [ 77.4565824, 23.1928557, 0.0 ], [ 77.4565464, 23.1928569, 0.0 ], [ 77.4564906, 23.1928671, 0.0 ], [ 77.4563649, 23.1929022, 0.0 ], [ 77.4563029, 23.1929236, 0.0 ], [ 77.4562622, 23.1929414, 0.0 ], [ 77.4562138, 23.1929699, 0.0 ], [ 77.4561847, 23.1929913, 0.0 ], [ 77.4561517, 23.193018, 0.0 ], [ 77.456113, 23.1930536, 0.0 ], [ 77.4560761, 23.1930821, 0.0 ], [ 77.4560044, 23.1931124, 0.0 ], [ 77.4559695, 23.1931196, 0.0 ], [ 77.4559094, 23.1931213, 0.0 ], [ 77.4558397, 23.1931089, 0.0 ], [ 77.4558067, 23.1930982, 0.0 ], [ 77.4557737, 23.1930875, 0.0 ], [ 77.455733, 23.1930786, 0.0 ], [ 77.4556962, 23.1930786, 0.0 ], [ 77.4556691, 23.1930893, 0.0 ], [ 77.4556536, 23.1931053, 0.0 ], [ 77.4555974, 23.1931498, 0.0 ], [ 77.4549783, 23.193875, 0.0 ], [ 77.4558334, 23.1941183, 0.0 ], [ 77.4561146, 23.1941812, 0.0 ], [ 77.4568262, 23.1943034, 0.0 ], [ 77.4574116, 23.1943787, 0.0 ], [ 77.4574302, 23.1948614, 0.0 ], [ 77.4576243, 23.1948904, 0.0 ], [ 77.4576683, 23.1948969, 0.0 ], [ 77.4577904, 23.1949151, 0.0 ], [ 77.4579405, 23.1949375, 0.0 ], [ 77.4581614, 23.1949705, 0.0 ], [ 77.4582363, 23.1949823, 0.0 ], [ 77.458237, 23.194999, 0.0 ], [ 77.4583509, 23.1950163, 0.0 ], [ 77.4584419, 23.1950301, 0.0 ], [ 77.4584532, 23.1950318, 0.0 ], [ 77.4585221, 23.1950423, 0.0 ], [ 77.4587243, 23.1950729, 0.0 ], [ 77.4588971, 23.1950991, 0.0 ], [ 77.4592336, 23.1951526, 0.0 ], [ 77.4588913, 23.1966236, 0.0 ], [ 77.458412, 23.196575, 0.0 ], [ 77.4583144, 23.1968942, 0.0 ], [ 77.4582524, 23.1971959, 0.0 ], [ 77.4582259, 23.1975229, 0.0 ], [ 77.4582311, 23.1977769, 0.0 ], [ 77.4582847, 23.1983083, 0.0 ], [ 77.4583032, 23.1988376, 0.0 ], [ 77.458777, 23.1989518, 0.0 ], [ 77.4599416, 23.1992226, 0.0 ], [ 77.4609984, 23.1994589, 0.0 ], [ 77.4638002, 23.200115, 0.0 ], [ 77.4637774, 23.2002666, 0.0 ], [ 77.4636617, 23.2010061, 0.0 ], [ 77.4635875, 23.20146, 0.0 ], [ 77.4635375, 23.2017429, 0.0 ], [ 77.4635226, 23.201827, 0.0 ], [ 77.4634511, 23.2020789, 0.0 ], [ 77.4633803, 23.2023075, 0.0 ], [ 77.4632944, 23.2025936, 0.0 ], [ 77.4628589, 23.203941, 0.0 ], [ 77.4625295, 23.2050343, 0.0 ], [ 77.4624262, 23.2053247, 0.0 ], [ 77.4624023, 23.2053675, 0.0 ], [ 77.4623219, 23.2054564, 0.0 ], [ 77.4616871, 23.206133, 0.0 ], [ 77.4616799, 23.2061397, 0.0 ], [ 77.4609674, 23.206913, 0.0 ], [ 77.4606138, 23.2072882, 0.0 ], [ 77.460333, 23.2075982, 0.0 ], [ 77.4602463, 23.2077039, 0.0 ], [ 77.4601082, 23.2079512, 0.0 ], [ 77.4598924, 23.2083696, 0.0 ], [ 77.4596364, 23.2088752, 0.0 ], [ 77.4593295, 23.2094877, 0.0 ], [ 77.4582746, 23.2119611, 0.0 ], [ 77.457462, 23.2117345, 0.0 ], [ 77.4570778, 23.2116168, 0.0 ], [ 77.4567648, 23.2115383, 0.0 ], [ 77.4562337, 23.2114206, 0.0 ], [ 77.4556741, 23.2113248, 0.0 ], [ 77.4549437, 23.2112376, 0.0 ], [ 77.4544434, 23.2111831, 0.0 ], [ 77.4536704, 23.2111112, 0.0 ], [ 77.453163, 23.2110763, 0.0 ], [ 77.4529235, 23.2110502, 0.0 ], [ 77.452729, 23.2110415, 0.0 ], [ 77.4524753, 23.211048, 0.0 ] ] ] } },
{ "type": "Feature", "properties": { "objectid": 29, "townname": "Bhopal", "towncensuscode2011": 802312, "town_lgd_code": 250946, "ward_lgd_code": 34379, "ward_lgd_name": "Bag Mugaliya Ward", "sourcewardcode": 55, "state": "Madhya Pradesh" }, "geometry": { "type": "Polygon", "coordinates": [ [ [ 77.4694023, 23.2036365, 0.0 ], [ 77.4693526, 23.2036479, 0.0 ], [ 77.4692606, 23.2036959, 0.0 ], [ 77.4691736, 23.2037508, 0.0 ], [ 77.4691189, 23.2037851, 0.0 ], [ 77.4686766, 23.2039388, 0.0 ], [ 77.4685897, 23.2039947, 0.0 ], [ 77.4685506, 23.2040206, 0.0 ], [ 77.4685007, 23.2040745, 0.0 ], [ 77.4684204, 23.2042122, 0.0 ], [ 77.4681133, 23.2048554, 0.0 ], [ 77.4680725, 23.2049739, 0.0 ], [ 77.4680556, 23.2050924, 0.0 ], [ 77.4680556, 23.2051548, 0.0 ], [ 77.4680861, 23.2053013, 0.0 ], [ 77.4681031, 23.2054136, 0.0 ], [ 77.4681233, 23.205954, 0.0 ], [ 77.4681511, 23.2061162, 0.0 ], [ 77.468165, 23.206175, 0.0 ], [ 77.4681469, 23.2062146, 0.0 ], [ 77.4681219, 23.2062375, 0.0 ], [ 77.4679552, 23.2063065, 0.0 ], [ 77.4677968, 23.2063704, 0.0 ], [ 77.4677662, 23.206387, 0.0 ], [ 77.4677134, 23.2064342, 0.0 ], [ 77.467152, 23.2073526, 0.0 ], [ 77.4671047, 23.2074854, 0.0 ], [ 77.4670541, 23.207783, 0.0 ], [ 77.4670354, 23.2079702, 0.0 ], [ 77.4670329, 23.2080075, 0.0 ], [ 77.4670358, 23.2080222, 0.0 ], [ 77.4673521, 23.2084446, 0.0 ], [ 77.4673785, 23.2085059, 0.0 ], [ 77.467391, 23.2085621, 0.0 ], [ 77.4673872, 23.208652, 0.0 ], [ 77.4673269, 23.2097821, 0.0 ], [ 77.4671728, 23.2102122, 0.0 ], [ 77.4670647, 23.2101868, 0.0 ], [ 77.4670085, 23.2101666, 0.0 ], [ 77.4669346, 23.2101263, 0.0 ], [ 77.4668365, 23.2100474, 0.0 ], [ 77.4667229, 23.2099404, 0.0 ], [ 77.4665825, 23.209808, 0.0 ], [ 77.466028, 23.2092073, 0.0 ], [ 77.465572, 23.2087285, 0.0 ], [ 77.4646991, 23.2079507, 0.0 ], [ 77.4645077, 23.2078059, 0.0 ], [ 77.4644186, 23.2077445, 0.0 ], [ 77.4643212, 23.2076822, 0.0 ], [ 77.4641851, 23.2076215, 0.0 ], [ 77.4635441, 23.2073921, 0.0 ], [ 77.4634483, 23.207351, 0.0 ], [ 77.4633832, 23.2073078, 0.0 ], [ 77.4632924, 23.2072292, 0.0 ], [ 77.4630776, 23.2070371, 0.0 ], [ 77.4628759, 23.2068857, 0.0 ], [ 77.4625136, 23.2067025, 0.0 ], [ 77.4616871, 23.206133, 0.0 ], [ 77.4623219, 23.2054564, 0.0 ], [ 77.4624023, 23.2053675, 0.0 ], [ 77.4624262, 23.2053247, 0.0 ], [ 77.4625295, 23.2050343, 0.0 ], [ 77.4628589, 23.203941, 0.0 ], [ 77.4632944, 23.2025936, 0.0 ], [ 77.4633803, 23.2023075, 0.0 ], [ 77.4634511, 23.2020789, 0.0 ], [ 77.4635226, 23.201827, 0.0 ], [ 77.4635375, 23.2017429, 0.0 ], [ 77.4635875, 23.20146, 0.0 ], [ 77.4636617, 23.2010061, 0.0 ], [ 77.4637774, 23.2002666, 0.0 ], [ 77.4638002, 23.200115, 0.0 ], [ 77.4609984, 23.1994589, 0.0 ], [ 77.4599416, 23.1992226, 0.0 ], [ 77.458777, 23.1989518, 0.0 ], [ 77.4583032, 23.1988376, 0.0 ], [ 77.4582847, 23.1983083, 0.0 ], [ 77.4582311, 23.1977769, 0.0 ], [ 77.4582259, 23.1975229, 0.0 ], [ 77.4582524, 23.1971959, 0.0 ], [ 77.4583144, 23.1968942, 0.0 ], [ 77.458412, 23.196575, 0.0 ], [ 77.4588913, 23.1966236, 0.0 ], [ 77.4592336, 23.1951526, 0.0 ], [ 77.4588971, 23.1950991, 0.0 ], [ 77.4587243, 23.1950729, 0.0 ], [ 77.4585221, 23.1950423, 0.0 ], [ 77.4584532, 23.1950318, 0.0 ], [ 77.4584419, 23.1950301, 0.0 ], [ 77.4583509, 23.1950163, 0.0 ], [ 77.458237, 23.194999, 0.0 ], [ 77.4582363, 23.1949823, 0.0 ], [ 77.4581614, 23.1949705, 0.0 ], [ 77.4579405, 23.1949375, 0.0 ], [ 77.4577904, 23.1949151, 0.0 ], [ 77.4576683, 23.1948969, 0.0 ], [ 77.4576243, 23.1948904, 0.0 ], [ 77.4574302, 23.1948614, 0.0 ], [ 77.4574116, 23.1943787, 0.0 ], [ 77.458836, 23.1946079, 0.0 ], [ 77.4597549, 23.1947593, 0.0 ], [ 77.4607863, 23.1949186, 0.0 ], [ 77.4610617, 23.1949601, 0.0 ], [ 77.4612312, 23.1949894, 0.0 ], [ 77.4613031, 23.1950019, 0.0 ], [ 77.4613857, 23.1950245, 0.0 ], [ 77.4615294, 23.1950734, 0.0 ], [ 77.4619207, 23.1952068, 0.0 ], [ 77.4624164, 23.1953657, 0.0 ], [ 77.4624643, 23.1953774, 0.0 ], [ 77.4625317, 23.1953881, 0.0 ], [ 77.4625544, 23.195389, 0.0 ], [ 77.4625837, 23.1953884, 0.0 ], [ 77.4627228, 23.1953827, 0.0 ], [ 77.4632484, 23.195333, 0.0 ], [ 77.463438, 23.1953252, 0.0 ], [ 77.4636377, 23.1953236, 0.0 ], [ 77.4637102, 23.1953258, 0.0 ], [ 77.4640661, 23.1953367, 0.0 ], [ 77.4654093, 23.1953966, 0.0 ], [ 77.4660897, 23.1954251, 0.0 ], [ 77.4667138, 23.1954197, 0.0 ], [ 77.4673419, 23.1953894, 0.0 ], [ 77.4676518, 23.1953609, 0.0 ], [ 77.4676929, 23.1953508, 0.0 ], [ 77.4677842, 23.195315, 0.0 ], [ 77.4678672, 23.1952633, 0.0 ], [ 77.4679645, 23.1952027, 0.0 ], [ 77.4679838, 23.1951953, 0.0 ], [ 77.4679965, 23.1951915, 0.0 ], [ 77.4680183, 23.195189, 0.0 ], [ 77.4680446, 23.1951859, 0.0 ], [ 77.4680732, 23.1951848, 0.0 ], [ 77.4693568, 23.1951219, 0.0 ], [ 77.4706448, 23.1950324, 0.0 ], [ 77.4707344, 23.1962835, 0.0 ], [ 77.4719973, 23.1962083, 0.0 ], [ 77.4719208, 23.1949253, 0.0 ], [ 77.4716399, 23.19495, 0.0 ], [ 77.4715975, 23.1943237, 0.0 ], [ 77.4720973, 23.1942568, 0.0 ], [ 77.472812, 23.194165, 0.0 ], [ 77.47313, 23.1941065, 0.0 ], [ 77.4734905, 23.1939868, 0.0 ], [ 77.4739448, 23.1938114, 0.0 ], [ 77.4743849, 23.1936313, 0.0 ], [ 77.4744677, 23.1923254, 0.0 ], [ 77.474581, 23.1921974, 0.0 ], [ 77.4747514, 23.1920345, 0.0 ], [ 77.475431, 23.1914418, 0.0 ], [ 77.4755578, 23.1910978, 0.0 ], [ 77.4755714, 23.1906314, 0.0 ], [ 77.4755774, 23.1901037, 0.0 ], [ 77.4756933, 23.1897021, 0.0 ], [ 77.4759692, 23.189126, 0.0 ], [ 77.4766421, 23.1877868, 0.0 ], [ 77.4771891, 23.1874698, 0.0 ], [ 77.477464, 23.1872131, 0.0 ], [ 77.4769618, 23.1871062, 0.0 ], [ 77.4765319, 23.1870142, 0.0 ], [ 77.4738054, 23.1863866, 0.0 ], [ 77.4726606, 23.1860998, 0.0 ], [ 77.4741537, 23.1839366, 0.0 ], [ 77.474474, 23.1834727, 0.0 ], [ 77.4743626, 23.1832567, 0.0 ], [ 77.4742337, 23.1825, 0.0 ], [ 77.4741308, 23.1818962, 0.0 ], [ 77.4749023, 23.1810523, 0.0 ], [ 77.474989, 23.1809575, 0.0 ], [ 77.4748345, 23.1808091, 0.0 ], [ 77.4747924, 23.1807624, 0.0 ], [ 77.47477, 23.1807259, 0.0 ], [ 77.4747576, 23.1806939, 0.0 ], [ 77.4747489, 23.1806563, 0.0 ], [ 77.4747115, 23.180574, 0.0 ], [ 77.4746902, 23.1805366, 0.0 ], [ 77.4746689, 23.1804849, 0.0 ], [ 77.4746553, 23.1804332, 0.0 ], [ 77.4746514, 23.1803905, 0.0 ], [ 77.4746417, 23.1803566, 0.0 ], [ 77.4746262, 23.1803245, 0.0 ], [ 77.4746088, 23.1803049, 0.0 ], [ 77.4744324, 23.1801588, 0.0 ], [ 77.474413, 23.180116, 0.0 ], [ 77.4743994, 23.1800804, 0.0 ], [ 77.4743878, 23.1800412, 0.0 ], [ 77.4743917, 23.1799806, 0.0 ], [ 77.4743955, 23.1799307, 0.0 ], [ 77.4744014, 23.1798951, 0.0 ], [ 77.4744227, 23.1798256, 0.0 ], [ 77.4744576, 23.17979, 0.0 ], [ 77.474475, 23.1797811, 0.0 ], [ 77.4745022, 23.1797704, 0.0 ], [ 77.4745661, 23.1797597, 0.0 ], [ 77.4745991, 23.1797668, 0.0 ], [ 77.4746572, 23.1797846, 0.0 ], [ 77.4746999, 23.1798078, 0.0 ], [ 77.4747813, 23.1798737, 0.0 ], [ 77.474822, 23.1799272, 0.0 ], [ 77.4748491, 23.1799699, 0.0 ], [ 77.4748976, 23.1800394, 0.0 ], [ 77.4749402, 23.1800893, 0.0 ], [ 77.4749577, 23.1801071, 0.0 ], [ 77.4749964, 23.1801356, 0.0 ], [ 77.4750197, 23.1801356, 0.0 ], [ 77.4750759, 23.1801303, 0.0 ], [ 77.4751941, 23.1800644, 0.0 ], [ 77.4752349, 23.1800216, 0.0 ], [ 77.4752872, 23.1799111, 0.0 ], [ 77.4753124, 23.1798595, 0.0 ], [ 77.4753415, 23.1798131, 0.0 ], [ 77.4753589, 23.1797917, 0.0 ], [ 77.475388, 23.1797686, 0.0 ], [ 77.4754481, 23.1797454, 0.0 ], [ 77.4755314, 23.1797276, 0.0 ], [ 77.4756862, 23.1797158, 0.0 ], [ 77.4757771, 23.179713, 0.0 ], [ 77.4759225, 23.1796991, 0.0 ], [ 77.4760043, 23.1796685, 0.0 ], [ 77.4762691, 23.1795346, 0.0 ], [ 77.4764344, 23.1794632, 0.0 ], [ 77.478078, 23.1787539, 0.0 ], [ 77.47808, 23.17906, 0.0 ], [ 77.47917, 23.18073, 0.0 ], [ 77.4789489, 23.1827981, 0.0 ], [ 77.47883, 23.18391, 0.0 ], [ 77.47849, 23.18658, 0.0 ], [ 77.47922, 23.18792, 0.0 ], [ 77.48084, 23.1891, 0.0 ], [ 77.48283, 23.18994, 0.0 ], [ 77.4859419, 23.1899491, 0.0 ], [ 77.4860345, 23.1901993, 0.0 ], [ 77.4860909, 23.1901777, 0.0 ], [ 77.4861341, 23.1903345, 0.0 ], [ 77.486068, 23.1905248, 0.0 ], [ 77.485685, 23.1914077, 0.0 ], [ 77.4855533, 23.1917607, 0.0 ], [ 77.4852069, 23.1919954, 0.0 ], [ 77.4850094, 23.1928392, 0.0 ], [ 77.4847086, 23.1938895, 0.0 ], [ 77.4847885, 23.1940576, 0.0 ], [ 77.4846732, 23.1943168, 0.0 ], [ 77.484257, 23.1950631, 0.0 ], [ 77.4840797, 23.1953916, 0.0 ], [ 77.4837765, 23.1960474, 0.0 ], [ 77.4827341, 23.1983186, 0.0 ], [ 77.4823104, 23.199159, 0.0 ], [ 77.4819236, 23.1998322, 0.0 ], [ 77.4809708, 23.1994692, 0.0 ], [ 77.4808012, 23.1983405, 0.0 ], [ 77.4798374, 23.1978069, 0.0 ], [ 77.4788766, 23.1971182, 0.0 ], [ 77.4787469, 23.1970171, 0.0 ], [ 77.4786172, 23.196943, 0.0 ], [ 77.4785143, 23.1968801, 0.0 ], [ 77.4784194, 23.1968881, 0.0 ], [ 77.478313, 23.1969178, 0.0 ], [ 77.4782159, 23.1969829, 0.0 ], [ 77.47817, 23.1970312, 0.0 ], [ 77.478109, 23.1971461, 0.0 ], [ 77.4780607, 23.1972444, 0.0 ], [ 77.4779508, 23.1976142, 0.0 ], [ 77.4778832, 23.1981074, 0.0 ], [ 77.4778769, 23.1981379, 0.0 ], [ 77.4778658, 23.1981612, 0.0 ], [ 77.4778405, 23.1981888, 0.0 ], [ 77.4777791, 23.1982096, 0.0 ], [ 77.4769969, 23.1984739, 0.0 ], [ 77.4763338, 23.1987183, 0.0 ], [ 77.4762483, 23.1987765, 0.0 ], [ 77.4761945, 23.1988158, 0.0 ], [ 77.4761724, 23.1988493, 0.0 ], [ 77.4761692, 23.1988682, 0.0 ], [ 77.4761391, 23.1989409, 0.0 ], [ 77.4760695, 23.1991227, 0.0 ], [ 77.4760473, 23.1991664, 0.0 ], [ 77.4759777, 23.1992551, 0.0 ], [ 77.4758, 23.1994017, 0.0 ], [ 77.4756707, 23.1995228, 0.0 ], [ 77.4756458, 23.1995708, 0.0 ], [ 77.4756284, 23.1996188, 0.0 ], [ 77.4755911, 23.1997514, 0.0 ], [ 77.4753151, 23.2002587, 0.0 ], [ 77.4752219, 23.200378, 0.0 ], [ 77.4751933, 23.2004102, 0.0 ], [ 77.4751105, 23.2004892, 0.0 ], [ 77.4750724, 23.2005272, 0.0 ], [ 77.4750182, 23.2005726, 0.0 ], [ 77.474953, 23.2006194, 0.0 ], [ 77.4749148, 23.2006457, 0.0 ], [ 77.4748798, 23.2006633, 0.0 ], [ 77.4747461, 23.2007101, 0.0 ], [ 77.4746777, 23.20077, 0.0 ], [ 77.4746697, 23.2007993, 0.0 ], [ 77.4746761, 23.2008461, 0.0 ], [ 77.4746697, 23.2008753, 0.0 ], [ 77.4746554, 23.2008914, 0.0 ], [ 77.474595, 23.2009178, 0.0 ], [ 77.4744438, 23.2009368, 0.0 ], [ 77.4743578, 23.2009514, 0.0 ], [ 77.4743181, 23.2009763, 0.0 ], [ 77.474264, 23.2010406, 0.0 ], [ 77.4742353, 23.2011225, 0.0 ], [ 77.4742098, 23.2011781, 0.0 ], [ 77.4741446, 23.2012746, 0.0 ], [ 77.474108, 23.2013083, 0.0 ], [ 77.4740348, 23.2013507, 0.0 ], [ 77.4738391, 23.2014428, 0.0 ], [ 77.473707, 23.201516, 0.0 ], [ 77.4729256, 23.2021361, 0.0 ], [ 77.4728779, 23.2021683, 0.0 ], [ 77.4728015, 23.2021932, 0.0 ], [ 77.4727029, 23.2022019, 0.0 ], [ 77.4724833, 23.2021785, 0.0 ], [ 77.4723798, 23.2021581, 0.0 ], [ 77.4722843, 23.2021551, 0.0 ], [ 77.4721682, 23.2021917, 0.0 ], [ 77.472095, 23.2022531, 0.0 ], [ 77.4718929, 23.2024696, 0.0 ], [ 77.4717719, 23.2025983, 0.0 ], [ 77.4716685, 23.2026568, 0.0 ], [ 77.4714712, 23.2027446, 0.0 ], [ 77.4714027, 23.2027885, 0.0 ], [ 77.4713184, 23.2028894, 0.0 ], [ 77.4712993, 23.2029303, 0.0 ], [ 77.4712643, 23.2030415, 0.0 ], [ 77.4712356, 23.2031059, 0.0 ], [ 77.4711895, 23.2031863, 0.0 ], [ 77.4711274, 23.2032448, 0.0 ], [ 77.4709858, 23.2033516, 0.0 ], [ 77.4708649, 23.2034232, 0.0 ], [ 77.4700637, 23.2036868, 0.0 ], [ 77.4699941, 23.2037028, 0.0 ], [ 77.4698971, 23.2036936, 0.0 ], [ 77.469825, 23.2036754, 0.0 ], [ 77.469738, 23.2036502, 0.0 ], [ 77.4696261, 23.2036296, 0.0 ], [ 77.4694023, 23.2036365, 0.0 ] ] ] } },
{ "type": "Feature", "properties": { "objectid": 30, "townname": "Bhopal", "towncensuscode2011": 802312, "town_lgd_code": 250946, "ward_lgd_code": 34381, "ward_lgd_name": "Saket Shakti Ward", "sourcewardcode": 57, "state": "Madhya Pradesh" }, "geometry": { "type": "Polygon", "coordinates": [ [ [ 77.4647031, 23.229356, 0.0 ], [ 77.4646987, 23.2296689, 0.0 ], [ 77.4649007, 23.229672, 0.0 ], [ 77.4661352, 23.2296913, 0.0 ], [ 77.4661352, 23.2298932, 0.0 ], [ 77.4661284, 23.2301258, 0.0 ], [ 77.4661198, 23.2308896, 0.0 ], [ 77.466127, 23.2313109, 0.0 ], [ 77.4661613, 23.2315589, 0.0 ], [ 77.466177, 23.2316088, 0.0 ], [ 77.4661898, 23.2316429, 0.0 ], [ 77.4662127, 23.231719, 0.0 ], [ 77.4663556, 23.231998, 0.0 ], [ 77.4617583, 23.2319401, 0.0 ], [ 77.4607053, 23.2319178, 0.0 ], [ 77.4555281, 23.231849, 0.0 ], [ 77.4519989, 23.2318001, 0.0 ], [ 77.4506637, 23.231789, 0.0 ], [ 77.4477809, 23.2317398, 0.0 ], [ 77.4463451, 23.2317322, 0.0 ], [ 77.4462377, 23.2306087, 0.0 ], [ 77.4462734, 23.2306042, 0.0 ], [ 77.4467675, 23.2305421, 0.0 ], [ 77.4468441, 23.2305291, 0.0 ], [ 77.4469166, 23.230505, 0.0 ], [ 77.4469307, 23.2304736, 0.0 ], [ 77.4469307, 23.2304551, 0.0 ], [ 77.4469025, 23.2303921, 0.0 ], [ 77.4467816, 23.2300071, 0.0 ], [ 77.4467736, 23.2299663, 0.0 ], [ 77.4467736, 23.229933, 0.0 ], [ 77.4467796, 23.2298941, 0.0 ], [ 77.4467937, 23.2298571, 0.0 ], [ 77.446828, 23.2298127, 0.0 ], [ 77.4468642, 23.2297849, 0.0 ], [ 77.4469045, 23.2297608, 0.0 ], [ 77.4471684, 23.2295998, 0.0 ], [ 77.4472067, 23.2295646, 0.0 ], [ 77.447243, 23.2295276, 0.0 ], [ 77.4472692, 23.2294887, 0.0 ], [ 77.4472933, 23.2294406, 0.0 ], [ 77.4475854, 23.2286482, 0.0 ], [ 77.4476298, 23.2285594, 0.0 ], [ 77.4476559, 23.2285242, 0.0 ], [ 77.4476842, 23.2285038, 0.0 ], [ 77.4477164, 23.228489, 0.0 ], [ 77.4477607, 23.2284798, 0.0 ], [ 77.4477889, 23.2284816, 0.0 ], [ 77.4478352, 23.2284946, 0.0 ], [ 77.4479239, 23.2285242, 0.0 ], [ 77.4488249, 23.2289143, 0.0 ], [ 77.4488614, 23.2289172, 0.0 ], [ 77.4488709, 23.2289167, 0.0 ], [ 77.4488846, 23.2289138, 0.0 ], [ 77.4488962, 23.2289094, 0.0 ], [ 77.4493394, 23.228747, 0.0 ], [ 77.4494541, 23.2287256, 0.0 ], [ 77.4495392, 23.2287256, 0.0 ], [ 77.4495947, 23.228728, 0.0 ], [ 77.4498126, 23.2287316, 0.0 ], [ 77.4498822, 23.228728, 0.0 ], [ 77.449908, 23.2287185, 0.0 ], [ 77.4499312, 23.228696, 0.0 ], [ 77.4499415, 23.2286782, 0.0 ], [ 77.4499479, 23.228651, 0.0 ], [ 77.4499505, 23.2286012, 0.0 ], [ 77.4499389, 23.2285349, 0.0 ], [ 77.4497229, 23.2277078, 0.0 ], [ 77.4497168, 23.2276597, 0.0 ], [ 77.4497108, 23.227569, 0.0 ], [ 77.4497168, 23.2275134, 0.0 ], [ 77.449735, 23.2274634, 0.0 ], [ 77.4497571, 23.2274209, 0.0 ], [ 77.4497833, 23.2273764, 0.0 ], [ 77.4500128, 23.2269704, 0.0 ], [ 77.4502563, 23.2266318, 0.0 ], [ 77.4506171, 23.2262292, 0.0 ], [ 77.4506738, 23.2261925, 0.0 ], [ 77.4507164, 23.2261712, 0.0 ], [ 77.4507796, 23.2261522, 0.0 ], [ 77.4508208, 23.2261463, 0.0 ], [ 77.4513238, 23.2261209, 0.0 ], [ 77.4513994, 23.2260891, 0.0 ], [ 77.4514371, 23.2260602, 0.0 ], [ 77.451519, 23.2259387, 0.0 ], [ 77.4515379, 23.2258953, 0.0 ], [ 77.4515693, 23.2258259, 0.0 ], [ 77.451626, 23.2256292, 0.0 ], [ 77.4516323, 23.2255569, 0.0 ], [ 77.4516354, 23.2255077, 0.0 ], [ 77.4516386, 23.2254585, 0.0 ], [ 77.4516417, 23.2254093, 0.0 ], [ 77.4516575, 23.2253602, 0.0 ], [ 77.451689, 23.2252965, 0.0 ], [ 77.4517551, 23.22523, 0.0 ], [ 77.4518432, 23.2251721, 0.0 ], [ 77.4519093, 23.2251345, 0.0 ], [ 77.451988, 23.2251027, 0.0 ], [ 77.4520793, 23.2250622, 0.0 ], [ 77.4521265, 23.2250391, 0.0 ], [ 77.4521894, 23.2249552, 0.0 ], [ 77.4522052, 23.2249089, 0.0 ], [ 77.4522083, 23.2248684, 0.0 ], [ 77.4522052, 23.2248308, 0.0 ], [ 77.4521674, 23.2247758, 0.0 ], [ 77.4521076, 23.2247151, 0.0 ], [ 77.4518966, 23.2246585, 0.0 ], [ 77.4508416, 23.2244255, 0.0 ], [ 77.4494832, 23.2241793, 0.0 ], [ 77.4486545, 23.2241076, 0.0 ], [ 77.447578, 23.2240122, 0.0 ], [ 77.4459034, 23.223937, 0.0 ], [ 77.4448521, 23.2238564, 0.0 ], [ 77.443322, 23.2238073, 0.0 ], [ 77.4394668, 23.2236586, 0.0 ], [ 77.4413974, 23.2160095, 0.0 ], [ 77.4419708, 23.2161016, 0.0 ], [ 77.4465983, 23.2163018, 0.0 ], [ 77.4486424, 23.2164103, 0.0 ], [ 77.4510558, 23.2165067, 0.0 ], [ 77.4510743, 23.2165074, 0.0 ], [ 77.451091, 23.2153052, 0.0 ], [ 77.451088, 23.2127347, 0.0 ], [ 77.4510957, 23.2117759, 0.0 ], [ 77.4510905, 23.2111308, 0.0 ], [ 77.4518564, 23.2110872, 0.0 ], [ 77.4524753, 23.211048, 0.0 ], [ 77.452729, 23.2110415, 0.0 ], [ 77.4529235, 23.2110502, 0.0 ], [ 77.453163, 23.2110763, 0.0 ], [ 77.4536704, 23.2111112, 0.0 ], [ 77.4544434, 23.2111831, 0.0 ], [ 77.4549437, 23.2112376, 0.0 ], [ 77.4556741, 23.2113248, 0.0 ], [ 77.4562337, 23.2114206, 0.0 ], [ 77.4567648, 23.2115383, 0.0 ], [ 77.4570778, 23.2116168, 0.0 ], [ 77.457462, 23.2117345, 0.0 ], [ 77.4582746, 23.2119611, 0.0 ], [ 77.4593295, 23.2094877, 0.0 ], [ 77.4596364, 23.2088752, 0.0 ], [ 77.4598924, 23.2083696, 0.0 ], [ 77.4601082, 23.2079512, 0.0 ], [ 77.4602463, 23.2077039, 0.0 ], [ 77.460333, 23.2075982, 0.0 ], [ 77.4606138, 23.2072882, 0.0 ], [ 77.4609674, 23.206913, 0.0 ], [ 77.4616799, 23.2061397, 0.0 ], [ 77.4616871, 23.206133, 0.0 ], [ 77.4625136, 23.2067025, 0.0 ], [ 77.4628759, 23.2068857, 0.0 ], [ 77.4630776, 23.2070371, 0.0 ], [ 77.4632924, 23.2072292, 0.0 ], [ 77.4633832, 23.2073078, 0.0 ], [ 77.4634483, 23.207351, 0.0 ], [ 77.4635441, 23.2073921, 0.0 ], [ 77.4641851, 23.2076215, 0.0 ], [ 77.4643212, 23.2076822, 0.0 ], [ 77.4644186, 23.2077445, 0.0 ], [ 77.4645077, 23.2078059, 0.0 ], [ 77.4646991, 23.2079507, 0.0 ], [ 77.465572, 23.2087285, 0.0 ], [ 77.465553, 23.2087574, 0.0 ], [ 77.4653179, 23.2091446, 0.0 ], [ 77.4653086, 23.2091599, 0.0 ], [ 77.4652987, 23.2091804, 0.0 ], [ 77.4652979, 23.2091963, 0.0 ], [ 77.4653067, 23.2094266, 0.0 ], [ 77.465307, 23.2094351, 0.0 ], [ 77.4653044, 23.2094482, 0.0 ], [ 77.4653001, 23.2094579, 0.0 ], [ 77.4652728, 23.2094931, 0.0 ], [ 77.4652547, 23.2095141, 0.0 ], [ 77.465229, 23.2095394, 0.0 ], [ 77.4652161, 23.2095566, 0.0 ], [ 77.4651781, 23.2096832, 0.0 ], [ 77.4650939, 23.2101519, 0.0 ], [ 77.4650631, 23.2104602, 0.0 ], [ 77.46505, 23.210592, 0.0 ], [ 77.46505, 23.2106092, 0.0 ], [ 77.4650464, 23.2106243, 0.0 ], [ 77.4650388, 23.210648, 0.0 ], [ 77.4647434, 23.2110877, 0.0 ], [ 77.4647387, 23.2111033, 0.0 ], [ 77.4647347, 23.2111168, 0.0 ], [ 77.4647298, 23.2111391, 0.0 ], [ 77.4647224, 23.2111738, 0.0 ], [ 77.464714, 23.2112597, 0.0 ], [ 77.4647193, 23.2116438, 0.0 ], [ 77.4647038, 23.2118656, 0.0 ], [ 77.4646505, 23.2121274, 0.0 ], [ 77.4646142, 23.2122359, 0.0 ], [ 77.4645424, 23.2124038, 0.0 ], [ 77.4644376, 23.2125967, 0.0 ], [ 77.4642974, 23.2128295, 0.0 ], [ 77.464131, 23.2129945, 0.0 ], [ 77.4638176, 23.2132221, 0.0 ], [ 77.4637747, 23.2132666, 0.0 ], [ 77.4637418, 23.2133052, 0.0 ], [ 77.4637161, 23.2133529, 0.0 ], [ 77.4636386, 23.2134971, 0.0 ], [ 77.4635516, 23.2136589, 0.0 ], [ 77.4635795, 23.2136663, 0.0 ], [ 77.4643659, 23.2138765, 0.0 ], [ 77.4644126, 23.213889, 0.0 ], [ 77.4656785, 23.2142443, 0.0 ], [ 77.4658579, 23.2142957, 0.0 ], [ 77.4661534, 23.2143827, 0.0 ], [ 77.4665433, 23.2145245, 0.0 ], [ 77.4672187, 23.214787, 0.0 ], [ 77.4675606, 23.2149072, 0.0 ], [ 77.4677543, 23.2149769, 0.0 ], [ 77.4680664, 23.2150982, 0.0 ], [ 77.4680739, 23.2150854, 0.0 ], [ 77.468113, 23.2150186, 0.0 ], [ 77.4681693, 23.2149145, 0.0 ], [ 77.4681792, 23.2148882, 0.0 ], [ 77.4681921, 23.2148659, 0.0 ], [ 77.4682321, 23.2148344, 0.0 ], [ 77.4682464, 23.2148239, 0.0 ], [ 77.4682792, 23.214816, 0.0 ], [ 77.4682978, 23.2148147, 0.0 ], [ 77.4683421, 23.2148029, 0.0 ], [ 77.4683649, 23.2147884, 0.0 ], [ 77.4683806, 23.2147674, 0.0 ], [ 77.4683878, 23.2147491, 0.0 ], [ 77.468502, 23.2145404, 0.0 ], [ 77.4685192, 23.2145141, 0.0 ], [ 77.4685563, 23.2144761, 0.0 ], [ 77.4685706, 23.2144656, 0.0 ], [ 77.4686063, 23.2144472, 0.0 ], [ 77.4686248, 23.2144249, 0.0 ], [ 77.4686448, 23.2143724, 0.0 ], [ 77.4686805, 23.2142707, 0.0 ], [ 77.4692873, 23.2145587, 0.0 ], [ 77.4693396, 23.2145866, 0.0 ], [ 77.468778, 23.2155159, 0.0 ], [ 77.4711277, 23.2168212, 0.0 ], [ 77.4711537, 23.2168406, 0.0 ], [ 77.4712055, 23.2168835, 0.0 ], [ 77.4712377, 23.2169198, 0.0 ], [ 77.4712523, 23.2169417, 0.0 ], [ 77.4712605, 23.2169593, 0.0 ], [ 77.4712651, 23.2169744, 0.0 ], [ 77.4712697, 23.2170156, 0.0 ], [ 77.4712697, 23.217045, 0.0 ], [ 77.4712651, 23.217066, 0.0 ], [ 77.4712569, 23.2170887, 0.0 ], [ 77.4712413, 23.2171113, 0.0 ], [ 77.471224, 23.2171298, 0.0 ], [ 77.471213, 23.2171399, 0.0 ], [ 77.4711655, 23.2171575, 0.0 ], [ 77.4701854, 23.21722, 0.0 ], [ 77.4696788, 23.217261, 0.0 ], [ 77.4689947, 23.2174069, 0.0 ], [ 77.4688591, 23.2174437, 0.0 ], [ 77.4687491, 23.2174804, 0.0 ], [ 77.4686534, 23.2175159, 0.0 ], [ 77.468602, 23.217529, 0.0 ], [ 77.4685449, 23.2175356, 0.0 ], [ 77.4663583, 23.2176038, 0.0 ], [ 77.4656257, 23.2176458, 0.0 ], [ 77.4656282, 23.2177038, 0.0 ], [ 77.4656441, 23.2180729, 0.0 ], [ 77.4656991, 23.2193502, 0.0 ], [ 77.4648368, 23.2193567, 0.0 ], [ 77.4646521, 23.2193516, 0.0 ], [ 77.4645223, 23.2193424, 0.0 ], [ 77.4643898, 23.2193214, 0.0 ], [ 77.4643499, 23.2193117, 0.0 ], [ 77.4639406, 23.2191868, 0.0 ], [ 77.4638675, 23.2191583, 0.0 ], [ 77.463615, 23.2190527, 0.0 ], [ 77.4631922, 23.2188515, 0.0 ], [ 77.4636312, 23.217182, 0.0 ], [ 77.4636794, 23.216973, 0.0 ], [ 77.4618592, 23.2168921, 0.0 ], [ 77.4565258, 23.216693, 0.0 ], [ 77.456504, 23.2176096, 0.0 ], [ 77.4564192, 23.2196194, 0.0 ], [ 77.4563959, 23.2205639, 0.0 ], [ 77.4572321, 23.2205798, 0.0 ], [ 77.4574131, 23.2205894, 0.0 ], [ 77.4574394, 23.2205959, 0.0 ], [ 77.4574575, 23.2206039, 0.0 ], [ 77.4574769, 23.220619, 0.0 ], [ 77.4574932, 23.2206384, 0.0 ], [ 77.4575283, 23.2206953, 0.0 ], [ 77.4576733, 23.2209154, 0.0 ], [ 77.4577093, 23.2209709, 0.0 ], [ 77.457756, 23.2210311, 0.0 ], [ 77.4578378, 23.2211255, 0.0 ], [ 77.457892, 23.22118, 0.0 ], [ 77.4580594, 23.2213236, 0.0 ], [ 77.4582245, 23.2214343, 0.0 ], [ 77.4591792, 23.2220573, 0.0 ], [ 77.4610296, 23.2231942, 0.0 ], [ 77.4624605, 23.2240986, 0.0 ], [ 77.4625384, 23.224151, 0.0 ], [ 77.4619925, 23.2248954, 0.0 ], [ 77.4626868, 23.2253455, 0.0 ], [ 77.4640315, 23.2261882, 0.0 ], [ 77.4646626, 23.2265617, 0.0 ], [ 77.4632334, 23.2284671, 0.0 ], [ 77.4647031, 23.229356, 0.0 ] ] ] } },
{ "type": "Feature", "properties": { "objectid": 31, "townname": "Bhopal", "towncensuscode2011": 802312, "town_lgd_code": 250946, "ward_lgd_code": 34387, "ward_lgd_name": "Gautam Buddha Ward", "sourcewardcode": 63, "state": "Madhya Pradesh" }, "geometry": { "type": "Polygon", "coordinates": [ [ [ 77.4851323, 23.2490132, 0.0 ], [ 77.4851904, 23.2497254, 0.0 ], [ 77.4851307, 23.2500021, 0.0 ], [ 77.4849329, 23.2509077, 0.0 ], [ 77.4847665, 23.2518939, 0.0 ], [ 77.4846376, 23.2518772, 0.0 ], [ 77.4804561, 23.2512215, 0.0 ], [ 77.479973, 23.2511033, 0.0 ], [ 77.4786756, 23.2504459, 0.0 ], [ 77.4779539, 23.2500881, 0.0 ], [ 77.4765192, 23.249365, 0.0 ], [ 77.4762312, 23.2492252, 0.0 ], [ 77.4761497, 23.2491881, 0.0 ], [ 77.4760464, 23.2491553, 0.0 ], [ 77.4757957, 23.249089, 0.0 ], [ 77.4756466, 23.2490512, 0.0 ], [ 77.4754673, 23.2490269, 0.0 ], [ 77.4750411, 23.2490091, 0.0 ], [ 77.4740004, 23.2489567, 0.0 ], [ 77.4730704, 23.2489257, 0.0 ], [ 77.4729068, 23.2489177, 0.0 ], [ 77.4728542, 23.2489161, 0.0 ], [ 77.4727283, 23.248915, 0.0 ], [ 77.4725538, 23.2489135, 0.0 ], [ 77.4724684, 23.2489142, 0.0 ], [ 77.4723318, 23.2489221, 0.0 ], [ 77.4721626, 23.2489392, 0.0 ], [ 77.4719791, 23.2489683, 0.0 ], [ 77.4715431, 23.2490376, 0.0 ], [ 77.4703087, 23.249238, 0.0 ], [ 77.4679099, 23.2496332, 0.0 ], [ 77.4670183, 23.249783, 0.0 ], [ 77.4661401, 23.2499304, 0.0 ], [ 77.4661898, 23.2458735, 0.0 ], [ 77.4661904, 23.2457858, 0.0 ], [ 77.4661951, 23.2457494, 0.0 ], [ 77.4661974, 23.2457358, 0.0 ], [ 77.4662067, 23.2457116, 0.0 ], [ 77.4663193, 23.2454655, 0.0 ], [ 77.4665568, 23.2449762, 0.0 ], [ 77.4667419, 23.2445789, 0.0 ], [ 77.4667952, 23.2444641, 0.0 ], [ 77.4668183, 23.2443817, 0.0 ], [ 77.466828, 23.2443282, 0.0 ], [ 77.4668344, 23.2441001, 0.0 ], [ 77.4668353, 23.2431608, 0.0 ], [ 77.4668237, 23.2413568, 0.0 ], [ 77.4668254, 23.2389822, 0.0 ], [ 77.4668137, 23.2374234, 0.0 ], [ 77.4668014, 23.2354569, 0.0 ], [ 77.4667928, 23.2337152, 0.0 ], [ 77.4667899, 23.2334625, 0.0 ], [ 77.4667834, 23.2334081, 0.0 ], [ 77.4667656, 23.2333196, 0.0 ], [ 77.466697, 23.2330754, 0.0 ], [ 77.4663709, 23.2320494, 0.0 ], [ 77.4663556, 23.231998, 0.0 ], [ 77.4692495, 23.2320099, 0.0 ], [ 77.4693439, 23.2320112, 0.0 ], [ 77.4707701, 23.2320251, 0.0 ], [ 77.471096, 23.2320265, 0.0 ], [ 77.4714479, 23.232029, 0.0 ], [ 77.4718071, 23.2320215, 0.0 ], [ 77.4721296, 23.2320051, 0.0 ], [ 77.4727841, 23.2320115, 0.0 ], [ 77.4734749, 23.2320183, 0.0 ], [ 77.4741747, 23.2320235, 0.0 ], [ 77.4746172, 23.2320095, 0.0 ], [ 77.4749027, 23.2319925, 0.0 ], [ 77.4752079, 23.2319585, 0.0 ], [ 77.4755374, 23.2319131, 0.0 ], [ 77.4758791, 23.2318453, 0.0 ], [ 77.4765653, 23.2316778, 0.0 ], [ 77.4780544, 23.2312333, 0.0 ], [ 77.4809049, 23.2304109, 0.0 ], [ 77.4811085, 23.2303657, 0.0 ], [ 77.4811595, 23.2303596, 0.0 ], [ 77.4814514, 23.230338, 0.0 ], [ 77.4816182, 23.2303283, 0.0 ], [ 77.4832854, 23.2302519, 0.0 ], [ 77.484784, 23.2301738, 0.0 ], [ 77.4857374, 23.2301042, 0.0 ], [ 77.4857411, 23.2301483, 0.0 ], [ 77.4857644, 23.230791, 0.0 ], [ 77.4857928, 23.2311185, 0.0 ], [ 77.485861, 23.2328113, 0.0 ], [ 77.4859156, 23.2337294, 0.0 ], [ 77.4859798, 23.2349407, 0.0 ], [ 77.4859907, 23.2350817, 0.0 ], [ 77.4859883, 23.2352868, 0.0 ], [ 77.4859095, 23.2377244, 0.0 ], [ 77.485909, 23.2377974, 0.0 ], [ 77.4858731, 23.2391366, 0.0 ], [ 77.4858707, 23.2400773, 0.0 ], [ 77.4858779, 23.2408419, 0.0 ], [ 77.4858658, 23.2418895, 0.0 ], [ 77.4858804, 23.2425427, 0.0 ], [ 77.485887, 23.2427621, 0.0 ], [ 77.4858631, 23.2430541, 0.0 ], [ 77.485829, 23.2432144, 0.0 ], [ 77.4857759, 23.2433155, 0.0 ], [ 77.4856697, 23.2434375, 0.0 ], [ 77.485645, 23.2434863, 0.0 ], [ 77.485645, 23.2435456, 0.0 ], [ 77.4856791, 23.2436397, 0.0 ], [ 77.4859337, 23.2444092, 0.0 ], [ 77.4859992, 23.2446614, 0.0 ], [ 77.4860679, 23.2449948, 0.0 ], [ 77.4862218, 23.2455743, 0.0 ], [ 77.4863403, 23.2460179, 0.0 ], [ 77.486438, 23.2463335, 0.0 ], [ 77.4867611, 23.2473462, 0.0 ], [ 77.4868482, 23.2476527, 0.0 ], [ 77.486298, 23.2478567, 0.0 ], [ 77.4860308, 23.2480129, 0.0 ], [ 77.485859, 23.2481389, 0.0 ], [ 77.485364, 23.2485728, 0.0 ], [ 77.4851361, 23.2488496, 0.0 ], [ 77.4851323, 23.2490132, 0.0 ] ] ] } },
{ "type": "Feature", "properties": { "objectid": 39, "townname": "Bhopal", "towncensuscode2011": 802312, "town_lgd_code": 250946, "ward_lgd_code": 881936, "ward_lgd_name": "Bhanpur Ward", "sourcewardcode": 74, "state": "Madhya Pradesh" }, "geometry": { "type": "Polygon", "coordinates": [ [ [ 77.4589166, 23.2862961, 0.0 ], [ 77.4591744, 23.2879658, 0.0 ], [ 77.4593829, 23.2894765, 0.0 ], [ 77.4596146, 23.2906983, 0.0 ], [ 77.4576465, 23.2911056, 0.0 ], [ 77.4578258, 23.2919319, 0.0 ], [ 77.4579267, 23.2919889, 0.0 ], [ 77.4581028, 23.2920652, 0.0 ], [ 77.4585484, 23.292171, 0.0 ], [ 77.4587207, 23.2924598, 0.0 ], [ 77.4594209, 23.2932946, 0.0 ], [ 77.4606768, 23.2945221, 0.0 ], [ 77.4611645, 23.2949411, 0.0 ], [ 77.4612579, 23.2950008, 0.0 ], [ 77.4613533, 23.2950604, 0.0 ], [ 77.4617166, 23.2952655, 0.0 ], [ 77.462228, 23.2956066, 0.0 ], [ 77.4622808, 23.296054, 0.0 ], [ 77.4624481, 23.2977046, 0.0 ], [ 77.4624576, 23.2980628, 0.0 ], [ 77.4623319, 23.2993565, 0.0 ], [ 77.4620173, 23.3005901, 0.0 ], [ 77.4615772, 23.3025823, 0.0 ], [ 77.4561104, 23.3098135, 0.0 ], [ 77.4546119, 23.3100596, 0.0 ], [ 77.452668, 23.3106828, 0.0 ], [ 77.4518149, 23.3109886, 0.0 ], [ 77.4502865, 23.3118126, 0.0 ], [ 77.4498037, 23.3115336, 0.0 ], [ 77.4468057, 23.3099024, 0.0 ], [ 77.4459662, 23.3094243, 0.0 ], [ 77.4421401, 23.3071054, 0.0 ], [ 77.4390763, 23.305335, 0.0 ], [ 77.4382245, 23.3046632, 0.0 ], [ 77.4373448, 23.3038027, 0.0 ], [ 77.4365564, 23.302837, 0.0 ], [ 77.4298102, 23.2937902, 0.0 ], [ 77.4281286, 23.2914471, 0.0 ], [ 77.4279483, 23.2911958, 0.0 ], [ 77.4247044, 23.2866756, 0.0 ], [ 77.4211123, 23.2816699, 0.0 ], [ 77.4220928, 23.281113, 0.0 ], [ 77.4211309, 23.2797263, 0.0 ], [ 77.4210936, 23.27968, 0.0 ], [ 77.421066, 23.2796456, 0.0 ], [ 77.4209332, 23.2794498, 0.0 ], [ 77.4220622, 23.2787673, 0.0 ], [ 77.4227646, 23.2795005, 0.0 ], [ 77.4256269, 23.2783766, 0.0 ], [ 77.4254355, 23.2779482, 0.0 ], [ 77.4253227, 23.2777385, 0.0 ], [ 77.4249948, 23.2770824, 0.0 ], [ 77.4247677, 23.276632, 0.0 ], [ 77.4245443, 23.2762108, 0.0 ], [ 77.4249608, 23.2762576, 0.0 ], [ 77.4251803, 23.2762855, 0.0 ], [ 77.425406, 23.276323, 0.0 ], [ 77.4257739, 23.2763972, 0.0 ], [ 77.4265472, 23.2765914, 0.0 ], [ 77.4272715, 23.2768039, 0.0 ], [ 77.4281094, 23.2771284, 0.0 ], [ 77.4286744, 23.2773199, 0.0 ], [ 77.4290134, 23.2774156, 0.0 ], [ 77.4289452, 23.2769017, 0.0 ], [ 77.4288747, 23.2763597, 0.0 ], [ 77.4287907, 23.2758672, 0.0 ], [ 77.4288181, 23.2757425, 0.0 ], [ 77.428911, 23.2756368, 0.0 ], [ 77.4292005, 23.2753073, 0.0 ], [ 77.4297047, 23.2753839, 0.0 ], [ 77.4299717, 23.2754024, 0.0 ], [ 77.4302897, 23.2753638, 0.0 ], [ 77.4304495, 23.2753139, 0.0 ], [ 77.4308027, 23.2750372, 0.0 ], [ 77.4309271, 23.2749661, 0.0 ], [ 77.4310189, 23.2749468, 0.0 ], [ 77.431113, 23.2749576, 0.0 ], [ 77.4312325, 23.2749747, 0.0 ], [ 77.4313421, 23.2749634, 0.0 ], [ 77.4315703, 23.2748136, 0.0 ], [ 77.431664, 23.2748565, 0.0 ], [ 77.4319313, 23.2746977, 0.0 ], [ 77.4319314, 23.2746166, 0.0 ], [ 77.4319773, 23.2745922, 0.0 ], [ 77.4321351, 23.2745277, 0.0 ], [ 77.4321783, 23.2745223, 0.0 ], [ 77.4322568, 23.2745244, 0.0 ], [ 77.4323528, 23.2745323, 0.0 ], [ 77.4323397, 23.2739586, 0.0 ], [ 77.4323187, 23.2738316, 0.0 ], [ 77.4322821, 23.2737868, 0.0 ], [ 77.4319564, 23.2735736, 0.0 ], [ 77.4319443, 23.2735628, 0.0 ], [ 77.4319225, 23.2735356, 0.0 ], [ 77.4319129, 23.2735192, 0.0 ], [ 77.4318995, 23.2734864, 0.0 ], [ 77.4318298, 23.2732698, 0.0 ], [ 77.4318136, 23.2732325, 0.0 ], [ 77.4316525, 23.2729587, 0.0 ], [ 77.4316322, 23.272919, 0.0 ], [ 77.431618, 23.2728849, 0.0 ], [ 77.4316138, 23.2727442, 0.0 ], [ 77.431612, 23.2726783, 0.0 ], [ 77.4315801, 23.2726075, 0.0 ], [ 77.431249, 23.2723198, 0.0 ], [ 77.4311482, 23.2722431, 0.0 ], [ 77.4308991, 23.2721047, 0.0 ], [ 77.4308216, 23.2720441, 0.0 ], [ 77.4307771, 23.271985, 0.0 ], [ 77.4307639, 23.2719305, 0.0 ], [ 77.4308163, 23.27107, 0.0 ], [ 77.4308152, 23.2710573, 0.0 ], [ 77.4308141, 23.2710422, 0.0 ], [ 77.4308094, 23.2710265, 0.0 ], [ 77.4307998, 23.2710085, 0.0 ], [ 77.4307343, 23.2708907, 0.0 ], [ 77.4307274, 23.2708776, 0.0 ], [ 77.4307987, 23.2707631, 0.0 ], [ 77.4308147, 23.2707416, 0.0 ], [ 77.4308296, 23.2707211, 0.0 ], [ 77.4308525, 23.2706996, 0.0 ], [ 77.4309979, 23.2705788, 0.0 ], [ 77.4311675, 23.2704488, 0.0 ], [ 77.4312102, 23.2704182, 0.0 ], [ 77.4312798, 23.2703622, 0.0 ], [ 77.4313581, 23.2702935, 0.0 ], [ 77.4313914, 23.2702596, 0.0 ], [ 77.431472, 23.2701645, 0.0 ], [ 77.4315646, 23.2700343, 0.0 ], [ 77.431689, 23.2698222, 0.0 ], [ 77.4317053, 23.2697929, 0.0 ], [ 77.4317803, 23.2696461, 0.0 ], [ 77.4318528, 23.2694822, 0.0 ], [ 77.431894, 23.2693786, 0.0 ], [ 77.4320679, 23.2691286, 0.0 ], [ 77.4323249, 23.268702, 0.0 ], [ 77.4325411, 23.268311, 0.0 ], [ 77.432592, 23.2682009, 0.0 ], [ 77.4326707, 23.2679907, 0.0 ], [ 77.4327115, 23.2679083, 0.0 ], [ 77.4328731, 23.2676447, 0.0 ], [ 77.4329158, 23.2675886, 0.0 ], [ 77.4329785, 23.2675219, 0.0 ], [ 77.4330126, 23.2674901, 0.0 ], [ 77.4330809, 23.2674194, 0.0 ], [ 77.4331265, 23.2673674, 0.0 ], [ 77.4333402, 23.2671234, 0.0 ], [ 77.4334042, 23.2670504, 0.0 ], [ 77.4334249, 23.2670313, 0.0 ], [ 77.4334451, 23.2670157, 0.0 ], [ 77.4334717, 23.267003, 0.0 ], [ 77.4335031, 23.2669917, 0.0 ], [ 77.4335287, 23.2669859, 0.0 ], [ 77.4335441, 23.2669834, 0.0 ], [ 77.4336639, 23.2669851, 0.0 ], [ 77.4346265, 23.2669687, 0.0 ], [ 77.4374245, 23.2669208, 0.0 ], [ 77.4374511, 23.2680786, 0.0 ], [ 77.4375696, 23.2710778, 0.0 ], [ 77.4376989, 23.2732557, 0.0 ], [ 77.4377063, 23.2733147, 0.0 ], [ 77.4377149, 23.2733823, 0.0 ], [ 77.4377232, 23.2734167, 0.0 ], [ 77.4377299, 23.2734358, 0.0 ], [ 77.4377374, 23.273448, 0.0 ], [ 77.4377515, 23.2734572, 0.0 ], [ 77.4377562, 23.2734596, 0.0 ], [ 77.4377641, 23.2734612, 0.0 ], [ 77.4377767, 23.2734618, 0.0 ], [ 77.4379039, 23.2734584, 0.0 ], [ 77.4385812, 23.2734403, 0.0 ], [ 77.4394333, 23.2733818, 0.0 ], [ 77.4399803, 23.2733319, 0.0 ], [ 77.4405176, 23.2732802, 0.0 ], [ 77.4408136, 23.2732474, 0.0 ], [ 77.4420115, 23.273115, 0.0 ], [ 77.4427318, 23.2730506, 0.0 ], [ 77.4429292, 23.273038, 0.0 ], [ 77.4430054, 23.2730346, 0.0 ], [ 77.4431185, 23.2730339, 0.0 ], [ 77.4431732, 23.2730356, 0.0 ], [ 77.4433195, 23.2730476, 0.0 ], [ 77.4438988, 23.2731057, 0.0 ], [ 77.4443109, 23.273164, 0.0 ], [ 77.4448471, 23.2732293, 0.0 ], [ 77.4452402, 23.2740069, 0.0 ], [ 77.4452423, 23.2740591, 0.0 ], [ 77.4452362, 23.2741038, 0.0 ], [ 77.4451545, 23.2743239, 0.0 ], [ 77.4451497, 23.2743559, 0.0 ], [ 77.4451481, 23.2743698, 0.0 ], [ 77.4451465, 23.2743902, 0.0 ], [ 77.4451442, 23.2744098, 0.0 ], [ 77.445141, 23.2744273, 0.0 ], [ 77.4451354, 23.2744499, 0.0 ], [ 77.4451267, 23.2744703, 0.0 ], [ 77.4451172, 23.2744885, 0.0 ], [ 77.4451045, 23.2745067, 0.0 ], [ 77.4450847, 23.2745307, 0.0 ], [ 77.4450561, 23.2745881, 0.0 ], [ 77.445051, 23.2746165, 0.0 ], [ 77.4450495, 23.2746291, 0.0 ], [ 77.445049, 23.2746399, 0.0 ], [ 77.445049, 23.2746524, 0.0 ], [ 77.44505, 23.2746692, 0.0 ], [ 77.4450566, 23.2746976, 0.0 ], [ 77.4450708, 23.2747251, 0.0 ], [ 77.4451256, 23.2747927, 0.0 ], [ 77.4451317, 23.274803, 0.0 ], [ 77.4451357, 23.2748165, 0.0 ], [ 77.4451398, 23.2748361, 0.0 ], [ 77.445152, 23.2749004, 0.0 ], [ 77.445155, 23.2749125, 0.0 ], [ 77.445155, 23.274927, 0.0 ], [ 77.445153, 23.27494, 0.0 ], [ 77.4451261, 23.275057, 0.0 ], [ 77.4451225, 23.2750743, 0.0 ], [ 77.4451256, 23.275099, 0.0 ], [ 77.4451332, 23.2751148, 0.0 ], [ 77.4451388, 23.2751255, 0.0 ], [ 77.445152, 23.2751582, 0.0 ], [ 77.4451545, 23.275202, 0.0 ], [ 77.4451545, 23.275215, 0.0 ], [ 77.4451545, 23.2752602, 0.0 ], [ 77.4451682, 23.2752971, 0.0 ], [ 77.4452027, 23.2754047, 0.0 ], [ 77.4452126, 23.2754628, 0.0 ], [ 77.4452089, 23.2754764, 0.0 ], [ 77.4451965, 23.2755014, 0.0 ], [ 77.4450799, 23.2757114, 0.0 ], [ 77.4450789, 23.2757166, 0.0 ], [ 77.4450769, 23.2757324, 0.0 ], [ 77.4450769, 23.2757459, 0.0 ], [ 77.4450759, 23.2758555, 0.0 ], [ 77.4450774, 23.275868, 0.0 ], [ 77.445089, 23.2758969, 0.0 ], [ 77.4451017, 23.2759105, 0.0 ], [ 77.4451205, 23.2759189, 0.0 ], [ 77.4451408, 23.2759263, 0.0 ], [ 77.445187, 23.2759501, 0.0 ], [ 77.4452052, 23.2759711, 0.0 ], [ 77.4452169, 23.2759925, 0.0 ], [ 77.4452194, 23.2759995, 0.0 ], [ 77.445221, 23.2760074, 0.0 ], [ 77.445221, 23.2760205, 0.0 ], [ 77.4451405, 23.2761718, 0.0 ], [ 77.4451257, 23.2762126, 0.0 ], [ 77.4451257, 23.2762183, 0.0 ], [ 77.4451267, 23.2762228, 0.0 ], [ 77.4451293, 23.2762282, 0.0 ], [ 77.4451601, 23.2762443, 0.0 ], [ 77.4452529, 23.276295, 0.0 ], [ 77.445257, 23.2763011, 0.0 ], [ 77.44526, 23.2763113, 0.0 ], [ 77.4452626, 23.2763234, 0.0 ], [ 77.4452656, 23.2763523, 0.0 ], [ 77.4452634, 23.2770149, 0.0 ], [ 77.445246, 23.2772129, 0.0 ], [ 77.4452163, 23.2774352, 0.0 ], [ 77.444043, 23.2777134, 0.0 ], [ 77.4438775, 23.2780867, 0.0 ], [ 77.4437846, 23.2783001, 0.0 ], [ 77.4437752, 23.2783353, 0.0 ], [ 77.4439104, 23.2788815, 0.0 ], [ 77.4439201, 23.2789473, 0.0 ], [ 77.4439607, 23.2793278, 0.0 ], [ 77.443984, 23.2793776, 0.0 ], [ 77.444282, 23.2799287, 0.0 ], [ 77.4443343, 23.2800443, 0.0 ], [ 77.444344, 23.2801012, 0.0 ], [ 77.4443478, 23.2801634, 0.0 ], [ 77.4442912, 23.2809832, 0.0 ], [ 77.4442959, 23.2811077, 0.0 ], [ 77.4443072, 23.2814116, 0.0 ], [ 77.4443328, 23.281394, 0.0 ], [ 77.4444911, 23.2812853, 0.0 ], [ 77.4447253, 23.2811555, 0.0 ], [ 77.4449305, 23.2810613, 0.0 ], [ 77.445004, 23.2810311, 0.0 ], [ 77.4451187, 23.2809962, 0.0 ], [ 77.445252, 23.2809557, 0.0 ], [ 77.4452942, 23.2809438, 0.0 ], [ 77.4458093, 23.2808209, 0.0 ], [ 77.4465094, 23.2806723, 0.0 ], [ 77.4472326, 23.2805052, 0.0 ], [ 77.449235, 23.2800424, 0.0 ], [ 77.4513113, 23.2795702, 0.0 ], [ 77.4517736, 23.2794612, 0.0 ], [ 77.4553473, 23.2786563, 0.0 ], [ 77.4554089, 23.2787348, 0.0 ], [ 77.4563504, 23.2798506, 0.0 ], [ 77.4563603, 23.279862, 0.0 ], [ 77.4564012, 23.2799371, 0.0 ], [ 77.456447, 23.2801943, 0.0 ], [ 77.4567549, 23.2819307, 0.0 ], [ 77.4569891, 23.2831522, 0.0 ], [ 77.4570895, 23.2836961, 0.0 ], [ 77.4582169, 23.2836204, 0.0 ], [ 77.4583566, 23.2846102, 0.0 ], [ 77.4585337, 23.2845893, 0.0 ], [ 77.4589166, 23.2862961, 0.0 ] ] ] } },
{ "type": "Feature", "properties": { "objectid": 41, "townname": "Bhopal", "towncensuscode2011": 802312, "town_lgd_code": 250946, "ward_lgd_code": 34390, "ward_lgd_name": "Narela Shankri Ward", "sourcewardcode": 66, "state": "Madhya Pradesh" }, "geometry": { "type": "Polygon", "coordinates": [ [ [ 77.4627001, 23.2727481, 0.0 ], [ 77.4627137, 23.2731094, 0.0 ], [ 77.4627857, 23.2733675, 0.0 ], [ 77.462473, 23.2734712, 0.0 ], [ 77.4626317, 23.2738119, 0.0 ], [ 77.4628288, 23.2742824, 0.0 ], [ 77.4630028, 23.2746074, 0.0 ], [ 77.4630827, 23.2747045, 0.0 ], [ 77.4628308, 23.2749638, 0.0 ], [ 77.4617306, 23.2742433, 0.0 ], [ 77.4613478, 23.2740308, 0.0 ], [ 77.4612333, 23.2739356, 0.0 ], [ 77.4594305, 23.2717412, 0.0 ], [ 77.4590052, 23.2712229, 0.0 ], [ 77.4586356, 23.2695696, 0.0 ], [ 77.4585296, 23.2684506, 0.0 ], [ 77.4590824, 23.2683093, 0.0 ], [ 77.4590279, 23.2678543, 0.0 ], [ 77.4586385, 23.2678679, 0.0 ], [ 77.4585638, 23.2675639, 0.0 ], [ 77.4582947, 23.2675792, 0.0 ], [ 77.4578768, 23.267605, 0.0 ], [ 77.4577838, 23.2665864, 0.0 ], [ 77.4576612, 23.264901, 0.0 ], [ 77.4575694, 23.2640211, 0.0 ], [ 77.4573422, 23.2619449, 0.0 ], [ 77.4570416, 23.2590768, 0.0 ], [ 77.4569103, 23.2578467, 0.0 ], [ 77.4567527, 23.2565162, 0.0 ], [ 77.4565433, 23.2545634, 0.0 ], [ 77.4563715, 23.2529504, 0.0 ], [ 77.4561962, 23.2514913, 0.0 ], [ 77.4572982, 23.2513444, 0.0 ], [ 77.4629629, 23.2504577, 0.0 ], [ 77.4631042, 23.2512167, 0.0 ], [ 77.4633171, 23.2523147, 0.0 ], [ 77.4634473, 23.2531527, 0.0 ], [ 77.4636296, 23.2545319, 0.0 ], [ 77.4636757, 23.2557063, 0.0 ], [ 77.4637792, 23.2567435, 0.0 ], [ 77.4640801, 23.2588592, 0.0 ], [ 77.4643397, 23.2609091, 0.0 ], [ 77.4644397, 23.2616704, 0.0 ], [ 77.4647263, 23.2636495, 0.0 ], [ 77.4647962, 23.2640141, 0.0 ], [ 77.4648474, 23.2642804, 0.0 ], [ 77.4647739, 23.2642894, 0.0 ], [ 77.4641953, 23.2643515, 0.0 ], [ 77.4641837, 23.2643622, 0.0 ], [ 77.4641815, 23.2643675, 0.0 ], [ 77.4641797, 23.2643741, 0.0 ], [ 77.4641495, 23.2646392, 0.0 ], [ 77.4641484, 23.2646522, 0.0 ], [ 77.4641505, 23.2646852, 0.0 ], [ 77.4641972, 23.2648682, 0.0 ], [ 77.4642347, 23.2649291, 0.0 ], [ 77.4642636, 23.2649792, 0.0 ], [ 77.4642959, 23.2650323, 0.0 ], [ 77.4643146, 23.2650792, 0.0 ], [ 77.4643316, 23.2651526, 0.0 ], [ 77.4644504, 23.2655464, 0.0 ], [ 77.4645241, 23.2658158, 0.0 ], [ 77.464553, 23.265893, 0.0 ], [ 77.4646862, 23.26617, 0.0 ], [ 77.4644102, 23.2663255, 0.0 ], [ 77.4638838, 23.2663621, 0.0 ], [ 77.4636271, 23.2667066, 0.0 ], [ 77.4631896, 23.2672607, 0.0 ], [ 77.463081, 23.2674119, 0.0 ], [ 77.4628346, 23.2676673, 0.0 ], [ 77.4627053, 23.267822, 0.0 ], [ 77.4626134, 23.268022, 0.0 ], [ 77.4629349, 23.2679454, 0.0 ], [ 77.4630506, 23.2679236, 0.0 ], [ 77.4631584, 23.2679122, 0.0 ], [ 77.4631876, 23.2679091, 0.0 ], [ 77.4632056, 23.2679081, 0.0 ], [ 77.4632211, 23.2679083, 0.0 ], [ 77.4632587, 23.2679119, 0.0 ], [ 77.463298, 23.2679184, 0.0 ], [ 77.4635028, 23.2679743, 0.0 ], [ 77.4636617, 23.2680258, 0.0 ], [ 77.4639228, 23.2681171, 0.0 ], [ 77.4639069, 23.2687098, 0.0 ], [ 77.4639171, 23.2690033, 0.0 ], [ 77.4639235, 23.2691878, 0.0 ], [ 77.4638905, 23.2699819, 0.0 ], [ 77.463875, 23.270308, 0.0 ], [ 77.4638049, 23.270642, 0.0 ], [ 77.4635846, 23.2714938, 0.0 ], [ 77.4633451, 23.2725548, 0.0 ], [ 77.4631934, 23.27289, 0.0 ], [ 77.4628032, 23.2727325, 0.0 ], [ 77.4627001, 23.2727481, 0.0 ] ] ] } },
{ "type": "Feature", "properties": { "objectid": 32, "townname": "Bhopal", "towncensuscode2011": 802312, "town_lgd_code": 250946, "ward_lgd_code": 34384, "ward_lgd_name": "Govindpura Ward", "sourcewardcode": 60, "state": "Madhya Pradesh" }, "geometry": { "type": "Polygon", "coordinates": [ [ [ 77.4836527, 23.2135242, 0.0 ], [ 77.483975, 23.2134574, 0.0 ], [ 77.4844132, 23.2133499, 0.0 ], [ 77.4856729, 23.2131408, 0.0 ], [ 77.486067, 23.2130591, 0.0 ], [ 77.4862147, 23.2134936, 0.0 ], [ 77.4865854, 23.2142317, 0.0 ], [ 77.487173, 23.2140238, 0.0 ], [ 77.4877189, 23.2138024, 0.0 ], [ 77.4881036, 23.2137391, 0.0 ], [ 77.4880407, 23.2134404, 0.0 ], [ 77.487887, 23.2129428, 0.0 ], [ 77.4877805, 23.2127118, 0.0 ], [ 77.4877564, 23.212665, 0.0 ], [ 77.4875964, 23.2124041, 0.0 ], [ 77.4875611, 23.212325, 0.0 ], [ 77.4875567, 23.2122997, 0.0 ], [ 77.4875622, 23.2122297, 0.0 ], [ 77.4875699, 23.2121912, 0.0 ], [ 77.4875964, 23.212101, 0.0 ], [ 77.4876497, 23.2119112, 0.0 ], [ 77.4876563, 23.2117173, 0.0 ], [ 77.4876554, 23.2116849, 0.0 ], [ 77.4876536, 23.211665, 0.0 ], [ 77.4876423, 23.2116396, 0.0 ], [ 77.4876319, 23.2116276, 0.0 ], [ 77.4876111, 23.211618, 0.0 ], [ 77.487589, 23.2116135, 0.0 ], [ 77.4875759, 23.2116122, 0.0 ], [ 77.4875587, 23.2116151, 0.0 ], [ 77.4875479, 23.2116209, 0.0 ], [ 77.4875075, 23.211652, 0.0 ], [ 77.4873603, 23.2118021, 0.0 ], [ 77.4872877, 23.2118705, 0.0 ], [ 77.4872758, 23.2118793, 0.0 ], [ 77.4872674, 23.211882, 0.0 ], [ 77.4872611, 23.2118822, 0.0 ], [ 77.4872553, 23.2118804, 0.0 ], [ 77.4872472, 23.2118761, 0.0 ], [ 77.48724, 23.2118692, 0.0 ], [ 77.4871831, 23.211805, 0.0 ], [ 77.4869709, 23.2114588, 0.0 ], [ 77.486793, 23.2110525, 0.0 ], [ 77.4866439, 23.2107502, 0.0 ], [ 77.4866102, 23.2106541, 0.0 ], [ 77.4865929, 23.2103463, 0.0 ], [ 77.4866492, 23.2101849, 0.0 ], [ 77.4866074, 23.2100511, 0.0 ], [ 77.4864447, 23.2097115, 0.0 ], [ 77.4862131, 23.2092017, 0.0 ], [ 77.4860257, 23.2088231, 0.0 ], [ 77.485878, 23.2085893, 0.0 ], [ 77.4856896, 23.2083681, 0.0 ], [ 77.4855191, 23.2079837, 0.0 ], [ 77.4854345, 23.2078258, 0.0 ], [ 77.485313, 23.2076684, 0.0 ], [ 77.4853277, 23.2066742, 0.0 ], [ 77.4853289, 23.2065934, 0.0 ], [ 77.4853491, 23.2063339, 0.0 ], [ 77.4853932, 23.2061218, 0.0 ], [ 77.485404, 23.2060747, 0.0 ], [ 77.485431, 23.2060079, 0.0 ], [ 77.4854767, 23.2059534, 0.0 ], [ 77.4855387, 23.2059163, 0.0 ], [ 77.4860778, 23.2057474, 0.0 ], [ 77.4863977, 23.205636, 0.0 ], [ 77.4866945, 23.2053238, 0.0 ], [ 77.4869824, 23.2053002, 0.0 ], [ 77.4879925, 23.2055513, 0.0 ], [ 77.4882241, 23.2054484, 0.0 ], [ 77.4885389, 23.2052709, 0.0 ], [ 77.488858, 23.2052227, 0.0 ], [ 77.4892725, 23.2052706, 0.0 ], [ 77.4918417, 23.2037089, 0.0 ], [ 77.4917336, 23.2034365, 0.0 ], [ 77.4916511, 23.2031275, 0.0 ], [ 77.4916464, 23.2029716, 0.0 ], [ 77.4916638, 23.2026536, 0.0 ], [ 77.4916895, 23.2024231, 0.0 ], [ 77.4917074, 23.202433, 0.0 ], [ 77.4919899, 23.2024258, 0.0 ], [ 77.4920302, 23.2024233, 0.0 ], [ 77.4920894, 23.2024197, 0.0 ], [ 77.4921707, 23.2024062, 0.0 ], [ 77.4922027, 23.2023962, 0.0 ], [ 77.4925327, 23.2022832, 0.0 ], [ 77.4926123, 23.2022698, 0.0 ], [ 77.4927035, 23.2022596, 0.0 ], [ 77.4927743, 23.2022553, 0.0 ], [ 77.4948703, 23.2025437, 0.0 ], [ 77.4955992, 23.2038315, 0.0 ], [ 77.496213, 23.2046838, 0.0 ], [ 77.4964192, 23.2048916, 0.0 ], [ 77.4965508, 23.2050243, 0.0 ], [ 77.4968777, 23.2052897, 0.0 ], [ 77.4970113, 23.2053947, 0.0 ], [ 77.4972848, 23.2055525, 0.0 ], [ 77.4973808, 23.205614, 0.0 ], [ 77.4974666, 23.2056713, 0.0 ], [ 77.4974823, 23.2056962, 0.0 ], [ 77.4974923, 23.2057369, 0.0 ], [ 77.4974938, 23.2057592, 0.0 ], [ 77.4974864, 23.2062522, 0.0 ], [ 77.4975072, 23.2065383, 0.0 ], [ 77.497711, 23.2073122, 0.0 ], [ 77.497986, 23.2083875, 0.0 ], [ 77.4980527, 23.2086485, 0.0 ], [ 77.4981261, 23.2090022, 0.0 ], [ 77.4981596, 23.2090986, 0.0 ], [ 77.4981953, 23.2091458, 0.0 ], [ 77.4982868, 23.2092237, 0.0 ], [ 77.4983649, 23.2092606, 0.0 ], [ 77.4984385, 23.2093016, 0.0 ], [ 77.4985278, 23.2093529, 0.0 ], [ 77.4986014, 23.209396, 0.0 ], [ 77.4986661, 23.2094411, 0.0 ], [ 77.4987353, 23.2095088, 0.0 ], [ 77.4989283, 23.2096621, 0.0 ], [ 77.4990142, 23.2097303, 0.0 ], [ 77.4990722, 23.2097959, 0.0 ], [ 77.4991124, 23.2098472, 0.0 ], [ 77.4991514, 23.2099389, 0.0 ], [ 77.4992039, 23.2100625, 0.0 ], [ 77.4994561, 23.2106614, 0.0 ], [ 77.4997662, 23.211451, 0.0 ], [ 77.5000816, 23.2121909, 0.0 ], [ 77.5001073, 23.2122251, 0.0 ], [ 77.5002016, 23.2122894, 0.0 ], [ 77.50048, 23.2124161, 0.0 ], [ 77.5006514, 23.2124941, 0.0 ], [ 77.5010827, 23.2127133, 0.0 ], [ 77.5017556, 23.2129746, 0.0 ], [ 77.5037361, 23.2129714, 0.0 ], [ 77.5039453, 23.2129971, 0.0 ], [ 77.504287, 23.2130868, 0.0 ], [ 77.5058177, 23.2135995, 0.0 ], [ 77.5060862, 23.2137213, 0.0 ], [ 77.506257, 23.2138014, 0.0 ], [ 77.5063408, 23.2138855, 0.0 ], [ 77.5064836, 23.2140289, 0.0 ], [ 77.5066057, 23.2141731, 0.0 ], [ 77.5066859, 23.2143077, 0.0 ], [ 77.5067486, 23.2144647, 0.0 ], [ 77.5067765, 23.2145608, 0.0 ], [ 77.5068079, 23.2146698, 0.0 ], [ 77.5069195, 23.214971, 0.0 ], [ 77.5069648, 23.2150671, 0.0 ], [ 77.5070868, 23.2152754, 0.0 ], [ 77.5071426, 23.2153523, 0.0 ], [ 77.5072054, 23.2154324, 0.0 ], [ 77.5072856, 23.2155222, 0.0 ], [ 77.5073658, 23.2156055, 0.0 ], [ 77.5076203, 23.2157977, 0.0 ], [ 77.5078923, 23.2159772, 0.0 ], [ 77.5095659, 23.2166822, 0.0 ], [ 77.5114522, 23.2176114, 0.0 ], [ 77.512544, 23.217995, 0.0 ], [ 77.5131398, 23.2181626, 0.0 ], [ 77.513492, 23.2182491, 0.0 ], [ 77.5135582, 23.2182747, 0.0 ], [ 77.5137709, 23.2183452, 0.0 ], [ 77.5138197, 23.2183708, 0.0 ], [ 77.5139034, 23.2184157, 0.0 ], [ 77.5140882, 23.2184926, 0.0 ], [ 77.5141684, 23.2185215, 0.0 ], [ 77.5144229, 23.2185855, 0.0 ], [ 77.5147821, 23.2187458, 0.0 ], [ 77.5149927, 23.2188899, 0.0 ], [ 77.5151098, 23.2189701, 0.0 ], [ 77.5157793, 23.2191719, 0.0 ], [ 77.5162906, 23.2193692, 0.0 ], [ 77.5164512, 23.2194164, 0.0 ], [ 77.5165494, 23.2194266, 0.0 ], [ 77.5166543, 23.2194266, 0.0 ], [ 77.5167726, 23.2194143, 0.0 ], [ 77.5170205, 23.2194058, 0.0 ], [ 77.5171318, 23.219402, 0.0 ], [ 77.5172724, 23.2194266, 0.0 ], [ 77.5175164, 23.219532, 0.0 ], [ 77.5180701, 23.2197711, 0.0 ], [ 77.5182723, 23.2198288, 0.0 ], [ 77.5185129, 23.2198737, 0.0 ], [ 77.5186488, 23.2199057, 0.0 ], [ 77.5188058, 23.2199602, 0.0 ], [ 77.5189452, 23.2200307, 0.0 ], [ 77.5190359, 23.2201172, 0.0 ], [ 77.5191335, 23.2202133, 0.0 ], [ 77.5192834, 23.2203255, 0.0 ], [ 77.5194682, 23.2204216, 0.0 ], [ 77.5198832, 23.2206395, 0.0 ], [ 77.5203887, 23.220867, 0.0 ], [ 77.5209799, 23.2211415, 0.0 ], [ 77.5213894, 23.2213316, 0.0 ], [ 77.5221042, 23.2217552, 0.0 ], [ 77.5221844, 23.2218027, 0.0 ], [ 77.522425, 23.2218892, 0.0 ], [ 77.5225749, 23.221918, 0.0 ], [ 77.5226935, 23.221918, 0.0 ], [ 77.522805, 23.2218924, 0.0 ], [ 77.5232924, 23.2217406, 0.0 ], [ 77.5234326, 23.2216969, 0.0 ], [ 77.5235198, 23.2216937, 0.0 ], [ 77.5236209, 23.2217097, 0.0 ], [ 77.5236697, 23.221729, 0.0 ], [ 77.5237767, 23.2217999, 0.0 ], [ 77.5239835, 23.2219372, 0.0 ], [ 77.5243392, 23.2221295, 0.0 ], [ 77.5248204, 23.2222993, 0.0 ], [ 77.5251132, 23.2224147, 0.0 ], [ 77.5253886, 23.2225801, 0.0 ], [ 77.5253059, 23.2229377, 0.0 ], [ 77.5252373, 23.2232973, 0.0 ], [ 77.5252073, 23.2234128, 0.0 ], [ 77.525173, 23.2234916, 0.0 ], [ 77.5251216, 23.2235861, 0.0 ], [ 77.5250288, 23.223674, 0.0 ], [ 77.5248717, 23.2237987, 0.0 ], [ 77.5245461, 23.2239798, 0.0 ], [ 77.5239891, 23.224258, 0.0 ], [ 77.5236121, 23.2244785, 0.0 ], [ 77.5234221, 23.2246163, 0.0 ], [ 77.5232721, 23.2247633, 0.0 ], [ 77.5232166, 23.2248425, 0.0 ], [ 77.5231799, 23.2248948, 0.0 ], [ 77.5231221, 23.2249956, 0.0 ], [ 77.5229201, 23.2249709, 0.0 ], [ 77.5224127, 23.2250404, 0.0 ], [ 77.5217762, 23.2250573, 0.0 ], [ 77.5213867, 23.2250159, 0.0 ], [ 77.5206405, 23.2252987, 0.0 ], [ 77.5195298, 23.2255536, 0.0 ], [ 77.518615, 23.226004, 0.0 ], [ 77.5178537, 23.2264698, 0.0 ], [ 77.5174244, 23.2269683, 0.0 ], [ 77.5170853, 23.2272043, 0.0 ], [ 77.515483, 23.2278364, 0.0 ], [ 77.5152322, 23.2279581, 0.0 ], [ 77.5150766, 23.2280606, 0.0 ], [ 77.5145734, 23.2284348, 0.0 ], [ 77.514376, 23.2285947, 0.0 ], [ 77.5142753, 23.2286848, 0.0 ], [ 77.5142277, 23.2287535, 0.0 ], [ 77.5138826, 23.2294339, 0.0 ], [ 77.5138265, 23.2295345, 0.0 ], [ 77.5138034, 23.2295759, 0.0 ], [ 77.5137748, 23.2296166, 0.0 ], [ 77.513692, 23.229715, 0.0 ], [ 77.5135064, 23.2298804, 0.0 ], [ 77.5133426, 23.2299935, 0.0 ], [ 77.5129561, 23.2302604, 0.0 ], [ 77.5122716, 23.2306828, 0.0 ], [ 77.5115369, 23.2312413, 0.0 ], [ 77.5114941, 23.2312728, 0.0 ], [ 77.5114598, 23.231307, 0.0 ], [ 77.5114412, 23.2313358, 0.0 ], [ 77.5112654, 23.2317667, 0.0 ], [ 77.5108721, 23.2327303, 0.0 ], [ 77.5108164, 23.2328994, 0.0 ], [ 77.5106706, 23.2332789, 0.0 ], [ 77.5105973, 23.2334318, 0.0 ], [ 77.5103965, 23.233773, 0.0 ], [ 77.5102113, 23.234056, 0.0 ], [ 77.5100861, 23.2342118, 0.0 ], [ 77.5099192, 23.2343607, 0.0 ], [ 77.5092341, 23.2350296, 0.0 ], [ 77.5089088, 23.2353782, 0.0 ], [ 77.5088598, 23.235414, 0.0 ], [ 77.5088366, 23.2354008, 0.0 ], [ 77.5087708, 23.2353733, 0.0 ], [ 77.5087532, 23.2353681, 0.0 ], [ 77.5087439, 23.2353674, 0.0 ], [ 77.508736, 23.2353674, 0.0 ], [ 77.5086458, 23.2353654, 0.0 ], [ 77.5080062, 23.2354239, 0.0 ], [ 77.507636, 23.2354407, 0.0 ], [ 77.507519, 23.2354357, 0.0 ], [ 77.5074386, 23.235418, 0.0 ], [ 77.5073317, 23.2353895, 0.0 ], [ 77.5072814, 23.2353676, 0.0 ], [ 77.5071918, 23.2353156, 0.0 ], [ 77.5065322, 23.2347675, 0.0 ], [ 77.5065076, 23.2347285, 0.0 ], [ 77.5064942, 23.2346813, 0.0 ], [ 77.5062942, 23.2336946, 0.0 ], [ 77.5062716, 23.233616, 0.0 ], [ 77.5062659, 23.2335963, 0.0 ], [ 77.5062568, 23.2335812, 0.0 ], [ 77.5062367, 23.2335551, 0.0 ], [ 77.5062156, 23.2335299, 0.0 ], [ 77.5059415, 23.233395, 0.0 ], [ 77.505715, 23.2332836, 0.0 ], [ 77.5054963, 23.2331911, 0.0 ], [ 77.5052358, 23.2331062, 0.0 ], [ 77.5051716, 23.2330878, 0.0 ], [ 77.5051068, 23.2330776, 0.0 ], [ 77.5050116, 23.2330721, 0.0 ], [ 77.5049945, 23.2330721, 0.0 ], [ 77.5045931, 23.2330617, 0.0 ], [ 77.504089, 23.2330865, 0.0 ], [ 77.5040476, 23.2330983, 0.0 ], [ 77.5040048, 23.2331246, 0.0 ], [ 77.5039605, 23.2331653, 0.0 ], [ 77.5039219, 23.2332046, 0.0 ], [ 77.5032927, 23.2339553, 0.0 ], [ 77.5030639, 23.2342135, 0.0 ], [ 77.502972, 23.2342998, 0.0 ], [ 77.5026963, 23.2345076, 0.0 ], [ 77.5024813, 23.2346631, 0.0 ], [ 77.5023369, 23.2347675, 0.0 ], [ 77.5022477, 23.2348413, 0.0 ], [ 77.5021651, 23.2348864, 0.0 ], [ 77.5020602, 23.2349459, 0.0 ], [ 77.5018326, 23.2350053, 0.0 ], [ 77.5015425, 23.2350545, 0.0 ], [ 77.5010042, 23.2351456, 0.0 ], [ 77.5009713, 23.2351443, 0.0 ], [ 77.5009399, 23.2351377, 0.0 ], [ 77.5009199, 23.2351272, 0.0 ], [ 77.5008817, 23.2350894, 0.0 ], [ 77.5008323, 23.2350405, 0.0 ], [ 77.5005332, 23.234669, 0.0 ], [ 77.5003608, 23.2344792, 0.0 ], [ 77.5002677, 23.2343968, 0.0 ], [ 77.5002147, 23.2343574, 0.0 ], [ 77.5000236, 23.2342406, 0.0 ], [ 77.4998477, 23.2341526, 0.0 ], [ 77.4996765, 23.2340829, 0.0 ], [ 77.4994928, 23.2340188, 0.0 ], [ 77.4994635, 23.2340102, 0.0 ], [ 77.4994407, 23.2340081, 0.0 ], [ 77.4994004, 23.2340081, 0.0 ], [ 77.4990589, 23.2340046, 0.0 ], [ 77.4988504, 23.2340112, 0.0 ], [ 77.4988248, 23.2340036, 0.0 ], [ 77.4988102, 23.2339927, 0.0 ], [ 77.4987992, 23.2339742, 0.0 ], [ 77.4987947, 23.2339524, 0.0 ], [ 77.4987937, 23.2339087, 0.0 ], [ 77.4988733, 23.2336626, 0.0 ], [ 77.4988778, 23.2336374, 0.0 ], [ 77.4988787, 23.2336156, 0.0 ], [ 77.4988751, 23.233598, 0.0 ], [ 77.4988623, 23.2335753, 0.0 ], [ 77.4988358, 23.2335434, 0.0 ], [ 77.4986809, 23.2333478, 0.0 ], [ 77.498649, 23.2333075, 0.0 ], [ 77.4983782, 23.23268, 0.0 ], [ 77.4983127, 23.2325644, 0.0 ], [ 77.4982377, 23.2324319, 0.0 ], [ 77.4980169, 23.2321005, 0.0 ], [ 77.4979245, 23.2319929, 0.0 ], [ 77.4972351, 23.2315888, 0.0 ], [ 77.4970998, 23.2315137, 0.0 ], [ 77.4970527, 23.2314911, 0.0 ], [ 77.4968854, 23.2314108, 0.0 ], [ 77.4968241, 23.231375, 0.0 ], [ 77.4967581, 23.2313245, 0.0 ], [ 77.4966989, 23.2312736, 0.0 ], [ 77.4964429, 23.2310236, 0.0 ], [ 77.4964264, 23.2310094, 0.0 ], [ 77.4963981, 23.2309884, 0.0 ], [ 77.4963652, 23.2309724, 0.0 ], [ 77.4959859, 23.2308741, 0.0 ], [ 77.4959703, 23.2308666, 0.0 ], [ 77.4959475, 23.2308489, 0.0 ], [ 77.4959219, 23.2308221, 0.0 ], [ 77.4957975, 23.2306237, 0.0 ], [ 77.4956797, 23.2304743, 0.0 ], [ 77.4956193, 23.2304172, 0.0 ], [ 77.4954722, 23.2303089, 0.0 ], [ 77.4954192, 23.2302803, 0.0 ], [ 77.495399, 23.2302719, 0.0 ], [ 77.4950696, 23.2302256, 0.0 ], [ 77.4928514, 23.2298034, 0.0 ], [ 77.4927401, 23.2297822, 0.0 ], [ 77.4927255, 23.229778, 0.0 ], [ 77.4927072, 23.2297705, 0.0 ], [ 77.4926771, 23.2297587, 0.0 ], [ 77.4926542, 23.229747, 0.0 ], [ 77.4925884, 23.2297142, 0.0 ], [ 77.4925683, 23.2296974, 0.0 ], [ 77.492529, 23.229663, 0.0 ], [ 77.4925098, 23.2296378, 0.0 ], [ 77.4924934, 23.2296092, 0.0 ], [ 77.4924315, 23.2293697, 0.0 ], [ 77.4924095, 23.2292846, 0.0 ], [ 77.4924009, 23.2292636, 0.0 ], [ 77.4923824, 23.2292413, 0.0 ], [ 77.4923581, 23.2292255, 0.0 ], [ 77.4923324, 23.2292163, 0.0 ], [ 77.4923024, 23.2292124, 0.0 ], [ 77.4922186, 23.2292145, 0.0 ], [ 77.4916982, 23.2292273, 0.0 ], [ 77.4912858, 23.2292508, 0.0 ], [ 77.4906002, 23.229277, 0.0 ], [ 77.4889098, 23.2293398, 0.0 ], [ 77.4857795, 23.2294202, 0.0 ], [ 77.4857538, 23.2294235, 0.0 ], [ 77.485748, 23.2294254, 0.0 ], [ 77.4857319, 23.2294333, 0.0 ], [ 77.4857206, 23.2294421, 0.0 ], [ 77.4856993, 23.2294584, 0.0 ], [ 77.4856783, 23.2294835, 0.0 ], [ 77.4856711, 23.229496, 0.0 ], [ 77.485669, 23.2295035, 0.0 ], [ 77.4856679, 23.2295159, 0.0 ], [ 77.4856677, 23.2295682, 0.0 ], [ 77.4857374, 23.2301042, 0.0 ], [ 77.484784, 23.2301738, 0.0 ], [ 77.4832854, 23.2302519, 0.0 ], [ 77.4816182, 23.2303283, 0.0 ], [ 77.4814514, 23.230338, 0.0 ], [ 77.4811595, 23.2303596, 0.0 ], [ 77.4811085, 23.2303657, 0.0 ], [ 77.4809049, 23.2304109, 0.0 ], [ 77.4800471, 23.2306584, 0.0 ], [ 77.4788264, 23.2310106, 0.0 ], [ 77.4780405, 23.2289297, 0.0 ], [ 77.4773718, 23.2271613, 0.0 ], [ 77.4768386, 23.2258085, 0.0 ], [ 77.476416, 23.2247439, 0.0 ], [ 77.4758342, 23.2240348, 0.0 ], [ 77.4751352, 23.2231857, 0.0 ], [ 77.4746534, 23.2226003, 0.0 ], [ 77.4745355, 23.2210198, 0.0 ], [ 77.4743563, 23.2209142, 0.0 ], [ 77.4740883, 23.2207522, 0.0 ], [ 77.4735988, 23.2204726, 0.0 ], [ 77.4731607, 23.2202032, 0.0 ], [ 77.4722743, 23.2196532, 0.0 ], [ 77.4716156, 23.2192515, 0.0 ], [ 77.4711909, 23.2190021, 0.0 ], [ 77.4724609, 23.2171239, 0.0 ], [ 77.4732668, 23.2158454, 0.0 ], [ 77.4744407, 23.2160496, 0.0 ], [ 77.4749708, 23.2161787, 0.0 ], [ 77.4750857, 23.2162625, 0.0 ], [ 77.4751435, 23.2164901, 0.0 ], [ 77.4751738, 23.2170056, 0.0 ], [ 77.4751889, 23.2172827, 0.0 ], [ 77.475322, 23.2173919, 0.0 ], [ 77.4760325, 23.2184476, 0.0 ], [ 77.4761614, 23.21803, 0.0 ], [ 77.476235, 23.2179357, 0.0 ], [ 77.476322, 23.2178578, 0.0 ], [ 77.4763484, 23.2178404, 0.0 ], [ 77.4764781, 23.2177855, 0.0 ], [ 77.4765229, 23.2177716, 0.0 ], [ 77.47663, 23.2177491, 0.0 ], [ 77.4766796, 23.2177388, 0.0 ], [ 77.4769091, 23.2177241, 0.0 ], [ 77.4773641, 23.2177177, 0.0 ], [ 77.4773641, 23.2172774, 0.0 ], [ 77.4776447, 23.2172852, 0.0 ], [ 77.4776319, 23.2168344, 0.0 ], [ 77.4782821, 23.2167579, 0.0 ], [ 77.4788066, 23.2166955, 0.0 ], [ 77.4797094, 23.2166922, 0.0 ], [ 77.4799692, 23.2166912, 0.0 ], [ 77.4799879, 23.2166811, 0.0 ], [ 77.4799955, 23.2166768, 0.0 ], [ 77.4800107, 23.2166644, 0.0 ], [ 77.4800195, 23.2166558, 0.0 ], [ 77.4800335, 23.216644, 0.0 ], [ 77.480054, 23.2166279, 0.0 ], [ 77.4801862, 23.2165273, 0.0 ], [ 77.4802038, 23.2165166, 0.0 ], [ 77.4802225, 23.2165085, 0.0 ], [ 77.480241, 23.2165055, 0.0 ], [ 77.4803284, 23.2165128, 0.0 ], [ 77.4804573, 23.2165237, 0.0 ], [ 77.4805928, 23.2165161, 0.0 ], [ 77.4806495, 23.2165021, 0.0 ], [ 77.480701, 23.2164865, 0.0 ], [ 77.4807531, 23.2164687, 0.0 ], [ 77.4808699, 23.2164094, 0.0 ], [ 77.4809185, 23.2163819, 0.0 ], [ 77.4809442, 23.2163648, 0.0 ], [ 77.4809799, 23.2163372, 0.0 ], [ 77.4809899, 23.2163175, 0.0 ], [ 77.4809985, 23.2162939, 0.0 ], [ 77.4809985, 23.216269, 0.0 ], [ 77.4809842, 23.2162283, 0.0 ], [ 77.48094, 23.2161754, 0.0 ], [ 77.4808623, 23.2160823, 0.0 ], [ 77.4808242, 23.2160367, 0.0 ], [ 77.4808085, 23.2160065, 0.0 ], [ 77.4807942, 23.2159658, 0.0 ], [ 77.4807871, 23.2159369, 0.0 ], [ 77.4807942, 23.2158897, 0.0 ], [ 77.480928, 23.2155916, 0.0 ], [ 77.4810885, 23.2152337, 0.0 ], [ 77.4811099, 23.2151861, 0.0 ], [ 77.4811256, 23.2151678, 0.0 ], [ 77.4811584, 23.2151468, 0.0 ], [ 77.4814868, 23.2149354, 0.0 ], [ 77.4816354, 23.2148397, 0.0 ], [ 77.4817112, 23.2147927, 0.0 ], [ 77.4818952, 23.2147096, 0.0 ], [ 77.4821615, 23.2146149, 0.0 ], [ 77.4822631, 23.214585, 0.0 ], [ 77.482398, 23.2145502, 0.0 ], [ 77.4824216, 23.2145489, 0.0 ], [ 77.4824272, 23.2145513, 0.0 ], [ 77.482434, 23.2145571, 0.0 ], [ 77.4824411, 23.2145685, 0.0 ], [ 77.4825006, 23.2147312, 0.0 ], [ 77.4825043, 23.2147381, 0.0 ], [ 77.4825221, 23.2147519, 0.0 ], [ 77.4825433, 23.2147588, 0.0 ], [ 77.482565, 23.2147612, 0.0 ], [ 77.4825788, 23.2147605, 0.0 ], [ 77.4826047, 23.214756, 0.0 ], [ 77.4826245, 23.2147429, 0.0 ], [ 77.4826301, 23.2147357, 0.0 ], [ 77.4828215, 23.2144307, 0.0 ], [ 77.4828479, 23.2144016, 0.0 ], [ 77.4828613, 23.2143925, 0.0 ], [ 77.4828765, 23.2143871, 0.0 ], [ 77.4828923, 23.2143855, 0.0 ], [ 77.4829075, 23.2143909, 0.0 ], [ 77.4832909, 23.2145208, 0.0 ], [ 77.4834428, 23.2145565, 0.0 ], [ 77.4834638, 23.2145522, 0.0 ], [ 77.4834697, 23.2145473, 0.0 ], [ 77.483475, 23.2145398, 0.0 ], [ 77.483482, 23.2145161, 0.0 ], [ 77.4835288, 23.2143481, 0.0 ], [ 77.4836486, 23.213705, 0.0 ], [ 77.4836527, 23.2135242, 0.0 ] ] ] } },
{ "type": "Feature", "properties": { "objectid": 33, "townname": "Bhopal", "towncensuscode2011": 802312, "town_lgd_code": 250946, "ward_lgd_code": 34380, "ward_lgd_name": "Barkheda Pathani Ward", "sourcewardcode": 56, "state": "Madhya Pradesh" }, "geometry": { "type": "Polygon", "coordinates": [ [ [ 77.4718071, 23.2320215, 0.0 ], [ 77.4714479, 23.232029, 0.0 ], [ 77.471096, 23.2320265, 0.0 ], [ 77.4707701, 23.2320251, 0.0 ], [ 77.4693439, 23.2320112, 0.0 ], [ 77.4692495, 23.2320099, 0.0 ], [ 77.4663556, 23.231998, 0.0 ], [ 77.4662127, 23.231719, 0.0 ], [ 77.4661898, 23.2316429, 0.0 ], [ 77.466177, 23.2316088, 0.0 ], [ 77.4661613, 23.2315589, 0.0 ], [ 77.466127, 23.2313109, 0.0 ], [ 77.4661198, 23.2308896, 0.0 ], [ 77.4661284, 23.2301258, 0.0 ], [ 77.4661352, 23.2298932, 0.0 ], [ 77.4661352, 23.2296913, 0.0 ], [ 77.4649007, 23.229672, 0.0 ], [ 77.4646987, 23.2296689, 0.0 ], [ 77.4647031, 23.229356, 0.0 ], [ 77.4632334, 23.2284671, 0.0 ], [ 77.4646626, 23.2265617, 0.0 ], [ 77.4640315, 23.2261882, 0.0 ], [ 77.4626868, 23.2253455, 0.0 ], [ 77.4619925, 23.2248954, 0.0 ], [ 77.4625384, 23.224151, 0.0 ], [ 77.4624605, 23.2240986, 0.0 ], [ 77.4610296, 23.2231942, 0.0 ], [ 77.4591792, 23.2220573, 0.0 ], [ 77.4582245, 23.2214343, 0.0 ], [ 77.4580594, 23.2213236, 0.0 ], [ 77.457892, 23.22118, 0.0 ], [ 77.4578378, 23.2211255, 0.0 ], [ 77.457756, 23.2210311, 0.0 ], [ 77.4577093, 23.2209709, 0.0 ], [ 77.4576733, 23.2209154, 0.0 ], [ 77.4575283, 23.2206953, 0.0 ], [ 77.4574932, 23.2206384, 0.0 ], [ 77.4574769, 23.220619, 0.0 ], [ 77.4574575, 23.2206039, 0.0 ], [ 77.4574394, 23.2205959, 0.0 ], [ 77.4574131, 23.2205894, 0.0 ], [ 77.4572321, 23.2205798, 0.0 ], [ 77.4563959, 23.2205639, 0.0 ], [ 77.4564192, 23.2196194, 0.0 ], [ 77.456504, 23.2176096, 0.0 ], [ 77.4565258, 23.216693, 0.0 ], [ 77.4618592, 23.2168921, 0.0 ], [ 77.4636794, 23.216973, 0.0 ], [ 77.4636312, 23.217182, 0.0 ], [ 77.4631922, 23.2188515, 0.0 ], [ 77.463615, 23.2190527, 0.0 ], [ 77.4638675, 23.2191583, 0.0 ], [ 77.4639406, 23.2191868, 0.0 ], [ 77.4643499, 23.2193117, 0.0 ], [ 77.4643898, 23.2193214, 0.0 ], [ 77.4645223, 23.2193424, 0.0 ], [ 77.4646521, 23.2193516, 0.0 ], [ 77.4648368, 23.2193567, 0.0 ], [ 77.4656991, 23.2193502, 0.0 ], [ 77.4656441, 23.2180729, 0.0 ], [ 77.4656282, 23.2177038, 0.0 ], [ 77.4656257, 23.2176458, 0.0 ], [ 77.4663583, 23.2176038, 0.0 ], [ 77.4685449, 23.2175356, 0.0 ], [ 77.468602, 23.217529, 0.0 ], [ 77.4686534, 23.2175159, 0.0 ], [ 77.4687491, 23.2174804, 0.0 ], [ 77.4688591, 23.2174437, 0.0 ], [ 77.4689947, 23.2174069, 0.0 ], [ 77.4696788, 23.217261, 0.0 ], [ 77.4701854, 23.21722, 0.0 ], [ 77.4711655, 23.2171575, 0.0 ], [ 77.471213, 23.2171399, 0.0 ], [ 77.471224, 23.2171298, 0.0 ], [ 77.4712413, 23.2171113, 0.0 ], [ 77.4712569, 23.2170887, 0.0 ], [ 77.4712651, 23.217066, 0.0 ], [ 77.4712697, 23.217045, 0.0 ], [ 77.4712697, 23.2170156, 0.0 ], [ 77.4712651, 23.2169744, 0.0 ], [ 77.4712605, 23.2169593, 0.0 ], [ 77.4712523, 23.2169417, 0.0 ], [ 77.4712377, 23.2169198, 0.0 ], [ 77.4712055, 23.2168835, 0.0 ], [ 77.4711537, 23.2168406, 0.0 ], [ 77.4711277, 23.2168212, 0.0 ], [ 77.468778, 23.2155159, 0.0 ], [ 77.4693396, 23.2145866, 0.0 ], [ 77.4692873, 23.2145587, 0.0 ], [ 77.4686805, 23.2142707, 0.0 ], [ 77.4686448, 23.2143724, 0.0 ], [ 77.4686248, 23.2144249, 0.0 ], [ 77.4686063, 23.2144472, 0.0 ], [ 77.4685706, 23.2144656, 0.0 ], [ 77.4685563, 23.2144761, 0.0 ], [ 77.4685192, 23.2145141, 0.0 ], [ 77.468502, 23.2145404, 0.0 ], [ 77.4683878, 23.2147491, 0.0 ], [ 77.4683806, 23.2147674, 0.0 ], [ 77.4683649, 23.2147884, 0.0 ], [ 77.4683421, 23.2148029, 0.0 ], [ 77.4682978, 23.2148147, 0.0 ], [ 77.4682792, 23.214816, 0.0 ], [ 77.4682464, 23.2148239, 0.0 ], [ 77.4682321, 23.2148344, 0.0 ], [ 77.4681921, 23.2148659, 0.0 ], [ 77.4681792, 23.2148882, 0.0 ], [ 77.4681693, 23.2149145, 0.0 ], [ 77.468113, 23.2150186, 0.0 ], [ 77.4680739, 23.2150854, 0.0 ], [ 77.4680664, 23.2150982, 0.0 ], [ 77.4677543, 23.2149769, 0.0 ], [ 77.4675606, 23.2149072, 0.0 ], [ 77.4672187, 23.214787, 0.0 ], [ 77.4665433, 23.2145245, 0.0 ], [ 77.4661534, 23.2143827, 0.0 ], [ 77.4658579, 23.2142957, 0.0 ], [ 77.4656785, 23.2142443, 0.0 ], [ 77.4644126, 23.213889, 0.0 ], [ 77.4643659, 23.2138765, 0.0 ], [ 77.4635795, 23.2136663, 0.0 ], [ 77.4635516, 23.2136589, 0.0 ], [ 77.4636386, 23.2134971, 0.0 ], [ 77.4637161, 23.2133529, 0.0 ], [ 77.4637418, 23.2133052, 0.0 ], [ 77.4637747, 23.2132666, 0.0 ], [ 77.4638176, 23.2132221, 0.0 ], [ 77.464131, 23.2129945, 0.0 ], [ 77.4642974, 23.2128295, 0.0 ], [ 77.4644376, 23.2125967, 0.0 ], [ 77.4645424, 23.2124038, 0.0 ], [ 77.4646142, 23.2122359, 0.0 ], [ 77.4646505, 23.2121274, 0.0 ], [ 77.4647038, 23.2118656, 0.0 ], [ 77.4647193, 23.2116438, 0.0 ], [ 77.464714, 23.2112597, 0.0 ], [ 77.4647224, 23.2111738, 0.0 ], [ 77.4647298, 23.2111391, 0.0 ], [ 77.4647347, 23.2111168, 0.0 ], [ 77.4647387, 23.2111033, 0.0 ], [ 77.4647434, 23.2110877, 0.0 ], [ 77.4650388, 23.210648, 0.0 ], [ 77.4650464, 23.2106243, 0.0 ], [ 77.46505, 23.2106092, 0.0 ], [ 77.46505, 23.210592, 0.0 ], [ 77.4650631, 23.2104602, 0.0 ], [ 77.4650939, 23.2101519, 0.0 ], [ 77.4651781, 23.2096832, 0.0 ], [ 77.4652161, 23.2095566, 0.0 ], [ 77.465229, 23.2095394, 0.0 ], [ 77.4652547, 23.2095141, 0.0 ], [ 77.4652728, 23.2094931, 0.0 ], [ 77.4653001, 23.2094579, 0.0 ], [ 77.4653044, 23.2094482, 0.0 ], [ 77.465307, 23.2094351, 0.0 ], [ 77.4653067, 23.2094266, 0.0 ], [ 77.4652979, 23.2091963, 0.0 ], [ 77.4652987, 23.2091804, 0.0 ], [ 77.4653086, 23.2091599, 0.0 ], [ 77.4653179, 23.2091446, 0.0 ], [ 77.465553, 23.2087574, 0.0 ], [ 77.465572, 23.2087285, 0.0 ], [ 77.466028, 23.2092073, 0.0 ], [ 77.4665825, 23.209808, 0.0 ], [ 77.4667229, 23.2099404, 0.0 ], [ 77.4668365, 23.2100474, 0.0 ], [ 77.4669346, 23.2101263, 0.0 ], [ 77.4670085, 23.2101666, 0.0 ], [ 77.4670647, 23.2101868, 0.0 ], [ 77.4671728, 23.2102122, 0.0 ], [ 77.4673269, 23.2097821, 0.0 ], [ 77.4673872, 23.208652, 0.0 ], [ 77.467391, 23.2085621, 0.0 ], [ 77.4673785, 23.2085059, 0.0 ], [ 77.4673521, 23.2084446, 0.0 ], [ 77.4670358, 23.2080222, 0.0 ], [ 77.4670329, 23.2080075, 0.0 ], [ 77.4670354, 23.2079702, 0.0 ], [ 77.4670541, 23.207783, 0.0 ], [ 77.4671047, 23.2074854, 0.0 ], [ 77.467152, 23.2073526, 0.0 ], [ 77.4677134, 23.2064342, 0.0 ], [ 77.4677662, 23.206387, 0.0 ], [ 77.4677968, 23.2063704, 0.0 ], [ 77.4679552, 23.2063065, 0.0 ], [ 77.4681219, 23.2062375, 0.0 ], [ 77.4681469, 23.2062146, 0.0 ], [ 77.468165, 23.206175, 0.0 ], [ 77.4681511, 23.2061162, 0.0 ], [ 77.4681233, 23.205954, 0.0 ], [ 77.4681031, 23.2054136, 0.0 ], [ 77.4680861, 23.2053013, 0.0 ], [ 77.4680556, 23.2051548, 0.0 ], [ 77.4680556, 23.2050924, 0.0 ], [ 77.4680725, 23.2049739, 0.0 ], [ 77.4681133, 23.2048554, 0.0 ], [ 77.4684204, 23.2042122, 0.0 ], [ 77.4685007, 23.2040745, 0.0 ], [ 77.4685506, 23.2040206, 0.0 ], [ 77.4685897, 23.2039947, 0.0 ], [ 77.4686766, 23.2039388, 0.0 ], [ 77.4691189, 23.2037851, 0.0 ], [ 77.4691736, 23.2037508, 0.0 ], [ 77.4692606, 23.2036959, 0.0 ], [ 77.4693526, 23.2036479, 0.0 ], [ 77.4694023, 23.2036365, 0.0 ], [ 77.4696261, 23.2036296, 0.0 ], [ 77.469738, 23.2036502, 0.0 ], [ 77.469825, 23.2036754, 0.0 ], [ 77.4698971, 23.2036936, 0.0 ], [ 77.4699941, 23.2037028, 0.0 ], [ 77.4700637, 23.2036868, 0.0 ], [ 77.4708649, 23.2034232, 0.0 ], [ 77.4709858, 23.2033516, 0.0 ], [ 77.4711274, 23.2032448, 0.0 ], [ 77.4711895, 23.2031863, 0.0 ], [ 77.4712356, 23.2031059, 0.0 ], [ 77.4712643, 23.2030415, 0.0 ], [ 77.4712993, 23.2029303, 0.0 ], [ 77.4713184, 23.2028894, 0.0 ], [ 77.4714027, 23.2027885, 0.0 ], [ 77.4714712, 23.2027446, 0.0 ], [ 77.4716685, 23.2026568, 0.0 ], [ 77.4717719, 23.2025983, 0.0 ], [ 77.4718929, 23.2024696, 0.0 ], [ 77.472095, 23.2022531, 0.0 ], [ 77.4721682, 23.2021917, 0.0 ], [ 77.4722843, 23.2021551, 0.0 ], [ 77.4723798, 23.2021581, 0.0 ], [ 77.4724833, 23.2021785, 0.0 ], [ 77.4727029, 23.2022019, 0.0 ], [ 77.4728015, 23.2021932, 0.0 ], [ 77.4728779, 23.2021683, 0.0 ], [ 77.4729256, 23.2021361, 0.0 ], [ 77.473707, 23.201516, 0.0 ], [ 77.4738391, 23.2014428, 0.0 ], [ 77.4740348, 23.2013507, 0.0 ], [ 77.474108, 23.2013083, 0.0 ], [ 77.4741446, 23.2012746, 0.0 ], [ 77.4742098, 23.2011781, 0.0 ], [ 77.4742353, 23.2011225, 0.0 ], [ 77.474264, 23.2010406, 0.0 ], [ 77.4743181, 23.2009763, 0.0 ], [ 77.4743578, 23.2009514, 0.0 ], [ 77.4744438, 23.2009368, 0.0 ], [ 77.474595, 23.2009178, 0.0 ], [ 77.4746554, 23.2008914, 0.0 ], [ 77.4746697, 23.2008753, 0.0 ], [ 77.4746761, 23.2008461, 0.0 ], [ 77.4746697, 23.2007993, 0.0 ], [ 77.4746777, 23.20077, 0.0 ], [ 77.4747461, 23.2007101, 0.0 ], [ 77.4748798, 23.2006633, 0.0 ], [ 77.4749148, 23.2006457, 0.0 ], [ 77.474953, 23.2006194, 0.0 ], [ 77.4750182, 23.2005726, 0.0 ], [ 77.4750724, 23.2005272, 0.0 ], [ 77.4751105, 23.2004892, 0.0 ], [ 77.4751933, 23.2004102, 0.0 ], [ 77.4752219, 23.200378, 0.0 ], [ 77.4753151, 23.2002587, 0.0 ], [ 77.4755911, 23.1997514, 0.0 ], [ 77.4756284, 23.1996188, 0.0 ], [ 77.4756458, 23.1995708, 0.0 ], [ 77.4756707, 23.1995228, 0.0 ], [ 77.4758, 23.1994017, 0.0 ], [ 77.4759777, 23.1992551, 0.0 ], [ 77.4760473, 23.1991664, 0.0 ], [ 77.4760695, 23.1991227, 0.0 ], [ 77.4761391, 23.1989409, 0.0 ], [ 77.4761692, 23.1988682, 0.0 ], [ 77.4761724, 23.1988493, 0.0 ], [ 77.4761945, 23.1988158, 0.0 ], [ 77.4762483, 23.1987765, 0.0 ], [ 77.4763338, 23.1987183, 0.0 ], [ 77.4769969, 23.1984739, 0.0 ], [ 77.4777791, 23.1982096, 0.0 ], [ 77.4778405, 23.1981888, 0.0 ], [ 77.4778658, 23.1981612, 0.0 ], [ 77.4778769, 23.1981379, 0.0 ], [ 77.4778832, 23.1981074, 0.0 ], [ 77.4779508, 23.1976142, 0.0 ], [ 77.4780607, 23.1972444, 0.0 ], [ 77.478109, 23.1971461, 0.0 ], [ 77.47817, 23.1970312, 0.0 ], [ 77.4782159, 23.1969829, 0.0 ], [ 77.478313, 23.1969178, 0.0 ], [ 77.4784194, 23.1968881, 0.0 ], [ 77.4785143, 23.1968801, 0.0 ], [ 77.4786172, 23.196943, 0.0 ], [ 77.4787469, 23.1970171, 0.0 ], [ 77.4788766, 23.1971182, 0.0 ], [ 77.4798374, 23.1978069, 0.0 ], [ 77.4808012, 23.1983405, 0.0 ], [ 77.4809708, 23.1994692, 0.0 ], [ 77.4819236, 23.1998322, 0.0 ], [ 77.4823104, 23.199159, 0.0 ], [ 77.4827341, 23.1983186, 0.0 ], [ 77.4837765, 23.1960474, 0.0 ], [ 77.4840797, 23.1953916, 0.0 ], [ 77.4840947, 23.1954005, 0.0 ], [ 77.4845049, 23.1956622, 0.0 ], [ 77.4847189, 23.1957697, 0.0 ], [ 77.4848785, 23.1958298, 0.0 ], [ 77.4850024, 23.1958766, 0.0 ], [ 77.4850441, 23.1958948, 0.0 ], [ 77.4850602, 23.1959063, 0.0 ], [ 77.4850695, 23.1959217, 0.0 ], [ 77.4851526, 23.1960603, 0.0 ], [ 77.4854413, 23.1965458, 0.0 ], [ 77.4855708, 23.196714, 0.0 ], [ 77.4855962, 23.1967418, 0.0 ], [ 77.4857509, 23.1968856, 0.0 ], [ 77.4858009, 23.1969525, 0.0 ], [ 77.4858616, 23.1971185, 0.0 ], [ 77.4859962, 23.1975292, 0.0 ], [ 77.4860662, 23.1977198, 0.0 ], [ 77.486101, 23.1977731, 0.0 ], [ 77.4861753, 23.1978546, 0.0 ], [ 77.4863718, 23.1980026, 0.0 ], [ 77.4868601, 23.1983185, 0.0 ], [ 77.4870274, 23.1984022, 0.0 ], [ 77.4872569, 23.1984994, 0.0 ], [ 77.4873523, 23.1985266, 0.0 ], [ 77.4873686, 23.198535, 0.0 ], [ 77.4873766, 23.1985419, 0.0 ], [ 77.487381, 23.1985485, 0.0 ], [ 77.487383, 23.1985555, 0.0 ], [ 77.4874371, 23.1990533, 0.0 ], [ 77.4874542, 23.1991401, 0.0 ], [ 77.4874807, 23.1992137, 0.0 ], [ 77.4874961, 23.1992401, 0.0 ], [ 77.4875495, 23.1993034, 0.0 ], [ 77.4878972, 23.1996748, 0.0 ], [ 77.487919, 23.1996994, 0.0 ], [ 77.4879581, 23.1997514, 0.0 ], [ 77.4879643, 23.199764, 0.0 ], [ 77.4881303, 23.2001345, 0.0 ], [ 77.4882333, 23.200319, 0.0 ], [ 77.4883689, 23.2005304, 0.0 ], [ 77.4883906, 23.2005542, 0.0 ], [ 77.4884155, 23.20057, 0.0 ], [ 77.4884775, 23.2005892, 0.0 ], [ 77.4885279, 23.2006053, 0.0 ], [ 77.4885412, 23.2006095, 0.0 ], [ 77.4885524, 23.200621, 0.0 ], [ 77.4885623, 23.2006341, 0.0 ], [ 77.4885754, 23.2006598, 0.0 ], [ 77.488653, 23.2008398, 0.0 ], [ 77.4887084, 23.2009361, 0.0 ], [ 77.4887257, 23.2009562, 0.0 ], [ 77.4887504, 23.2009739, 0.0 ], [ 77.488776, 23.2009915, 0.0 ], [ 77.4888837, 23.2010574, 0.0 ], [ 77.4890924, 23.2011559, 0.0 ], [ 77.4891376, 23.2011725, 0.0 ], [ 77.4893155, 23.2012119, 0.0 ], [ 77.489341, 23.2012123, 0.0 ], [ 77.4893687, 23.2012054, 0.0 ], [ 77.4896847, 23.2010997, 0.0 ], [ 77.4899109, 23.2010144, 0.0 ], [ 77.4899302, 23.2010084, 0.0 ], [ 77.4899436, 23.2010058, 0.0 ], [ 77.4899577, 23.2010063, 0.0 ], [ 77.4899701, 23.2010129, 0.0 ], [ 77.4899729, 23.2010144, 0.0 ], [ 77.4899922, 23.2010246, 0.0 ], [ 77.4900413, 23.2010789, 0.0 ], [ 77.4902647, 23.2013811, 0.0 ], [ 77.4904685, 23.2016373, 0.0 ], [ 77.4905897, 23.201842, 0.0 ], [ 77.4906962, 23.2020511, 0.0 ], [ 77.4907908, 23.2021425, 0.0 ], [ 77.4909086, 23.2022276, 0.0 ], [ 77.4913655, 23.2022835, 0.0 ], [ 77.4914284, 23.2023002, 0.0 ], [ 77.4915131, 23.2023266, 0.0 ], [ 77.4916895, 23.2024231, 0.0 ], [ 77.4916638, 23.2026536, 0.0 ], [ 77.4916464, 23.2029716, 0.0 ], [ 77.4916511, 23.2031275, 0.0 ], [ 77.4917336, 23.2034365, 0.0 ], [ 77.4918417, 23.2037089, 0.0 ], [ 77.4892725, 23.2052706, 0.0 ], [ 77.488858, 23.2052227, 0.0 ], [ 77.4885389, 23.2052709, 0.0 ], [ 77.4882241, 23.2054484, 0.0 ], [ 77.4879925, 23.2055513, 0.0 ], [ 77.4869824, 23.2053002, 0.0 ], [ 77.4866945, 23.2053238, 0.0 ], [ 77.4863977, 23.205636, 0.0 ], [ 77.4860778, 23.2057474, 0.0 ], [ 77.4855387, 23.2059163, 0.0 ], [ 77.4854767, 23.2059534, 0.0 ], [ 77.485431, 23.2060079, 0.0 ], [ 77.485404, 23.2060747, 0.0 ], [ 77.4853932, 23.2061218, 0.0 ], [ 77.4853491, 23.2063339, 0.0 ], [ 77.4853289, 23.2065934, 0.0 ], [ 77.4853277, 23.2066742, 0.0 ], [ 77.485313, 23.2076684, 0.0 ], [ 77.4854345, 23.2078258, 0.0 ], [ 77.4855191, 23.2079837, 0.0 ], [ 77.4856896, 23.2083681, 0.0 ], [ 77.485878, 23.2085893, 0.0 ], [ 77.4860257, 23.2088231, 0.0 ], [ 77.4862131, 23.2092017, 0.0 ], [ 77.4864447, 23.2097115, 0.0 ], [ 77.4866074, 23.2100511, 0.0 ], [ 77.4866492, 23.2101849, 0.0 ], [ 77.4865929, 23.2103463, 0.0 ], [ 77.4866102, 23.2106541, 0.0 ], [ 77.4866439, 23.2107502, 0.0 ], [ 77.486793, 23.2110525, 0.0 ], [ 77.4869709, 23.2114588, 0.0 ], [ 77.4871831, 23.211805, 0.0 ], [ 77.48724, 23.2118692, 0.0 ], [ 77.4872472, 23.2118761, 0.0 ], [ 77.4872553, 23.2118804, 0.0 ], [ 77.4872611, 23.2118822, 0.0 ], [ 77.4872674, 23.211882, 0.0 ], [ 77.4872758, 23.2118793, 0.0 ], [ 77.4872877, 23.2118705, 0.0 ], [ 77.4873603, 23.2118021, 0.0 ], [ 77.4875075, 23.211652, 0.0 ], [ 77.4875479, 23.2116209, 0.0 ], [ 77.4875587, 23.2116151, 0.0 ], [ 77.4875759, 23.2116122, 0.0 ], [ 77.487589, 23.2116135, 0.0 ], [ 77.4876111, 23.211618, 0.0 ], [ 77.4876319, 23.2116276, 0.0 ], [ 77.4876423, 23.2116396, 0.0 ], [ 77.4876536, 23.211665, 0.0 ], [ 77.4876554, 23.2116849, 0.0 ], [ 77.4876563, 23.2117173, 0.0 ], [ 77.4876497, 23.2119112, 0.0 ], [ 77.4875964, 23.212101, 0.0 ], [ 77.4875699, 23.2121912, 0.0 ], [ 77.4875622, 23.2122297, 0.0 ], [ 77.4875567, 23.2122997, 0.0 ], [ 77.4875611, 23.212325, 0.0 ], [ 77.4875964, 23.2124041, 0.0 ], [ 77.4877564, 23.212665, 0.0 ], [ 77.4877805, 23.2127118, 0.0 ], [ 77.487887, 23.2129428, 0.0 ], [ 77.4880407, 23.2134404, 0.0 ], [ 77.4881036, 23.2137391, 0.0 ], [ 77.4877189, 23.2138024, 0.0 ], [ 77.487173, 23.2140238, 0.0 ], [ 77.4865854, 23.2142317, 0.0 ], [ 77.4862147, 23.2134936, 0.0 ], [ 77.486067, 23.2130591, 0.0 ], [ 77.4856729, 23.2131408, 0.0 ], [ 77.4844132, 23.2133499, 0.0 ], [ 77.483975, 23.2134574, 0.0 ], [ 77.4836527, 23.2135242, 0.0 ], [ 77.4836486, 23.213705, 0.0 ], [ 77.4835288, 23.2143481, 0.0 ], [ 77.483482, 23.2145161, 0.0 ], [ 77.483475, 23.2145398, 0.0 ], [ 77.4834697, 23.2145473, 0.0 ], [ 77.4834638, 23.2145522, 0.0 ], [ 77.4834428, 23.2145565, 0.0 ], [ 77.4832909, 23.2145208, 0.0 ], [ 77.4829075, 23.2143909, 0.0 ], [ 77.4828923, 23.2143855, 0.0 ], [ 77.4828765, 23.2143871, 0.0 ], [ 77.4828613, 23.2143925, 0.0 ], [ 77.4828479, 23.2144016, 0.0 ], [ 77.4828215, 23.2144307, 0.0 ], [ 77.4826301, 23.2147357, 0.0 ], [ 77.4826245, 23.2147429, 0.0 ], [ 77.4826047, 23.214756, 0.0 ], [ 77.4825788, 23.2147605, 0.0 ], [ 77.482565, 23.2147612, 0.0 ], [ 77.4825433, 23.2147588, 0.0 ], [ 77.4825221, 23.2147519, 0.0 ], [ 77.4825043, 23.2147381, 0.0 ], [ 77.4825006, 23.2147312, 0.0 ], [ 77.4824411, 23.2145685, 0.0 ], [ 77.482434, 23.2145571, 0.0 ], [ 77.4824272, 23.2145513, 0.0 ], [ 77.4824216, 23.2145489, 0.0 ], [ 77.482398, 23.2145502, 0.0 ], [ 77.4822631, 23.214585, 0.0 ], [ 77.4821615, 23.2146149, 0.0 ], [ 77.4818952, 23.2147096, 0.0 ], [ 77.4817112, 23.2147927, 0.0 ], [ 77.4816354, 23.2148397, 0.0 ], [ 77.4814868, 23.2149354, 0.0 ], [ 77.4811584, 23.2151468, 0.0 ], [ 77.4811256, 23.2151678, 0.0 ], [ 77.4811099, 23.2151861, 0.0 ], [ 77.4810885, 23.2152337, 0.0 ], [ 77.480928, 23.2155916, 0.0 ], [ 77.4807942, 23.2158897, 0.0 ], [ 77.4807871, 23.2159369, 0.0 ], [ 77.4807942, 23.2159658, 0.0 ], [ 77.4808085, 23.2160065, 0.0 ], [ 77.4808242, 23.2160367, 0.0 ], [ 77.4808623, 23.2160823, 0.0 ], [ 77.48094, 23.2161754, 0.0 ], [ 77.4809842, 23.2162283, 0.0 ], [ 77.4809985, 23.216269, 0.0 ], [ 77.4809985, 23.2162939, 0.0 ], [ 77.4809899, 23.2163175, 0.0 ], [ 77.4809799, 23.2163372, 0.0 ], [ 77.4809442, 23.2163648, 0.0 ], [ 77.4809185, 23.2163819, 0.0 ], [ 77.4808699, 23.2164094, 0.0 ], [ 77.4807531, 23.2164687, 0.0 ], [ 77.480701, 23.2164865, 0.0 ], [ 77.4806495, 23.2165021, 0.0 ], [ 77.4805928, 23.2165161, 0.0 ], [ 77.4804573, 23.2165237, 0.0 ], [ 77.4803284, 23.2165128, 0.0 ], [ 77.480241, 23.2165055, 0.0 ], [ 77.4802225, 23.2165085, 0.0 ], [ 77.4802038, 23.2165166, 0.0 ], [ 77.4801862, 23.2165273, 0.0 ], [ 77.480054, 23.2166279, 0.0 ], [ 77.4800335, 23.216644, 0.0 ], [ 77.4800195, 23.2166558, 0.0 ], [ 77.4800107, 23.2166644, 0.0 ], [ 77.4799955, 23.2166768, 0.0 ], [ 77.4799879, 23.2166811, 0.0 ], [ 77.4799692, 23.2166912, 0.0 ], [ 77.4797094, 23.2166922, 0.0 ], [ 77.4788066, 23.2166955, 0.0 ], [ 77.4782821, 23.2167579, 0.0 ], [ 77.4776319, 23.2168344, 0.0 ], [ 77.4776447, 23.2172852, 0.0 ], [ 77.4773641, 23.2172774, 0.0 ], [ 77.4773641, 23.2177177, 0.0 ], [ 77.4769091, 23.2177241, 0.0 ], [ 77.4766796, 23.2177388, 0.0 ], [ 77.47663, 23.2177491, 0.0 ], [ 77.4765229, 23.2177716, 0.0 ], [ 77.4764781, 23.2177855, 0.0 ], [ 77.4763484, 23.2178404, 0.0 ], [ 77.476322, 23.2178578, 0.0 ], [ 77.476235, 23.2179357, 0.0 ], [ 77.4761614, 23.21803, 0.0 ], [ 77.4760325, 23.2184476, 0.0 ], [ 77.475322, 23.2173919, 0.0 ], [ 77.4751889, 23.2172827, 0.0 ], [ 77.4751738, 23.2170056, 0.0 ], [ 77.4751435, 23.2164901, 0.0 ], [ 77.4750857, 23.2162625, 0.0 ], [ 77.4749708, 23.2161787, 0.0 ], [ 77.4744407, 23.2160496, 0.0 ], [ 77.4732668, 23.2158454, 0.0 ], [ 77.4724609, 23.2171239, 0.0 ], [ 77.4711909, 23.2190021, 0.0 ], [ 77.4716156, 23.2192515, 0.0 ], [ 77.4722743, 23.2196532, 0.0 ], [ 77.4731607, 23.2202032, 0.0 ], [ 77.4735988, 23.2204726, 0.0 ], [ 77.4740883, 23.2207522, 0.0 ], [ 77.4743563, 23.2209142, 0.0 ], [ 77.4745355, 23.2210198, 0.0 ], [ 77.4746534, 23.2226003, 0.0 ], [ 77.4751352, 23.2231857, 0.0 ], [ 77.4758342, 23.2240348, 0.0 ], [ 77.476416, 23.2247439, 0.0 ], [ 77.4768386, 23.2258085, 0.0 ], [ 77.4773718, 23.2271613, 0.0 ], [ 77.4780405, 23.2289297, 0.0 ], [ 77.4788264, 23.2310106, 0.0 ], [ 77.4784187, 23.2311282, 0.0 ], [ 77.4780544, 23.2312333, 0.0 ], [ 77.4765653, 23.2316778, 0.0 ], [ 77.4758791, 23.2318453, 0.0 ], [ 77.4755374, 23.2319131, 0.0 ], [ 77.4752079, 23.2319585, 0.0 ], [ 77.4749027, 23.2319925, 0.0 ], [ 77.4746172, 23.2320095, 0.0 ], [ 77.4741747, 23.2320235, 0.0 ], [ 77.4734749, 23.2320183, 0.0 ], [ 77.4727841, 23.2320115, 0.0 ], [ 77.4721296, 23.2320051, 0.0 ], [ 77.4718071, 23.2320215, 0.0 ] ] ] } },
{ "type": "Feature", "properties": { "objectid": 42, "townname": "Bhopal", "towncensuscode2011": 802312, "town_lgd_code": 250946, "ward_lgd_code": 34391, "ward_lgd_name": "Indrapuri Ward", "sourcewardcode": 67, "state": "Madhya Pradesh" }, "geometry": { "type": "Polygon", "coordinates": [ [ [ 77.4715067, 23.2653542, 0.0 ], [ 77.4710546, 23.2651013, 0.0 ], [ 77.4703017, 23.2652172, 0.0 ], [ 77.4703654, 23.2645575, 0.0 ], [ 77.4703522, 23.2644156, 0.0 ], [ 77.4702118, 23.2638957, 0.0 ], [ 77.4701934, 23.2638221, 0.0 ], [ 77.470092, 23.2635622, 0.0 ], [ 77.4696335, 23.2627889, 0.0 ], [ 77.4684446, 23.2636018, 0.0 ], [ 77.4682333, 23.2634258, 0.0 ], [ 77.4685133, 23.2623696, 0.0 ], [ 77.4673342, 23.2620221, 0.0 ], [ 77.4669102, 23.2608988, 0.0 ], [ 77.4667247, 23.2609566, 0.0 ], [ 77.4660958, 23.2613754, 0.0 ], [ 77.4659265, 23.2614135, 0.0 ], [ 77.4659386, 23.2615834, 0.0 ], [ 77.4644397, 23.2616704, 0.0 ], [ 77.4643397, 23.2609091, 0.0 ], [ 77.4640801, 23.2588592, 0.0 ], [ 77.4637792, 23.2567435, 0.0 ], [ 77.4636757, 23.2557063, 0.0 ], [ 77.4636296, 23.2545319, 0.0 ], [ 77.4634473, 23.2531527, 0.0 ], [ 77.4633171, 23.2523147, 0.0 ], [ 77.4631042, 23.2512167, 0.0 ], [ 77.4629629, 23.2504577, 0.0 ], [ 77.4661401, 23.2499304, 0.0 ], [ 77.4670183, 23.249783, 0.0 ], [ 77.467034, 23.2498948, 0.0 ], [ 77.467162, 23.2509103, 0.0 ], [ 77.4673084, 23.2526429, 0.0 ], [ 77.4673536, 23.2533512, 0.0 ], [ 77.4692797, 23.2531593, 0.0 ], [ 77.4712802, 23.2529727, 0.0 ], [ 77.4716697, 23.2529392, 0.0 ], [ 77.4717026, 23.2534093, 0.0 ], [ 77.471779, 23.2541336, 0.0 ], [ 77.4728845, 23.2539659, 0.0 ], [ 77.4729601, 23.253944, 0.0 ], [ 77.4730357, 23.2539038, 0.0 ], [ 77.4730954, 23.2538636, 0.0 ], [ 77.4731789, 23.2538124, 0.0 ], [ 77.4732565, 23.2537686, 0.0 ], [ 77.4733122, 23.2537448, 0.0 ], [ 77.4734017, 23.2537174, 0.0 ], [ 77.4734733, 23.2537119, 0.0 ], [ 77.4735877, 23.2537164, 0.0 ], [ 77.4737826, 23.25375, 0.0 ], [ 77.4740505, 23.2538208, 0.0 ], [ 77.474089, 23.2538395, 0.0 ], [ 77.4741154, 23.2538544, 0.0 ], [ 77.4742068, 23.2539197, 0.0 ], [ 77.4742372, 23.253957, 0.0 ], [ 77.4742555, 23.2539849, 0.0 ], [ 77.4742778, 23.2540278, 0.0 ], [ 77.4743103, 23.2540782, 0.0 ], [ 77.4743346, 23.2541136, 0.0 ], [ 77.4745214, 23.2543038, 0.0 ], [ 77.4745559, 23.2543374, 0.0 ], [ 77.4745944, 23.2543821, 0.0 ], [ 77.4747649, 23.2546301, 0.0 ], [ 77.4748096, 23.2546712, 0.0 ], [ 77.4748481, 23.2546954, 0.0 ], [ 77.4748989, 23.2547215, 0.0 ], [ 77.4749638, 23.2547476, 0.0 ], [ 77.4752033, 23.2547905, 0.0 ], [ 77.4756356, 23.2548707, 0.0 ], [ 77.4757148, 23.2548744, 0.0 ], [ 77.4758589, 23.2548651, 0.0 ], [ 77.4759096, 23.254852, 0.0 ], [ 77.4759969, 23.2548278, 0.0 ], [ 77.4760334, 23.2548129, 0.0 ], [ 77.476072, 23.2547924, 0.0 ], [ 77.4763318, 23.2546264, 0.0 ], [ 77.4764028, 23.2545966, 0.0 ], [ 77.4764515, 23.2545761, 0.0 ], [ 77.4765956, 23.2545481, 0.0 ], [ 77.4766727, 23.2545369, 0.0 ], [ 77.4767783, 23.2545313, 0.0 ], [ 77.4768229, 23.2545276, 0.0 ], [ 77.4769792, 23.2544791, 0.0 ], [ 77.477032, 23.2544567, 0.0 ], [ 77.4771335, 23.2544101, 0.0 ], [ 77.4772288, 23.2543579, 0.0 ], [ 77.4775252, 23.2541602, 0.0 ], [ 77.47758, 23.2541229, 0.0 ], [ 77.4776124, 23.2541043, 0.0 ], [ 77.477651, 23.2540875, 0.0 ], [ 77.4777748, 23.2540465, 0.0 ], [ 77.4778438, 23.2540297, 0.0 ], [ 77.4779717, 23.2540073, 0.0 ], [ 77.4780163, 23.2540017, 0.0 ], [ 77.4780995, 23.2539943, 0.0 ], [ 77.4781645, 23.2539868, 0.0 ], [ 77.4782477, 23.2539849, 0.0 ], [ 77.4783208, 23.2539812, 0.0 ], [ 77.4785075, 23.2539943, 0.0 ], [ 77.47854, 23.2540036, 0.0 ], [ 77.478873, 23.2540693, 0.0 ], [ 77.4786859, 23.2547898, 0.0 ], [ 77.4786123, 23.2551545, 0.0 ], [ 77.4782988, 23.2563069, 0.0 ], [ 77.4782337, 23.2565, 0.0 ], [ 77.4781375, 23.2567065, 0.0 ], [ 77.4780151, 23.2569019, 0.0 ], [ 77.4776487, 23.257427, 0.0 ], [ 77.4772839, 23.257919, 0.0 ], [ 77.477163, 23.2580712, 0.0 ], [ 77.4756633, 23.2599592, 0.0 ], [ 77.4743199, 23.2617006, 0.0 ], [ 77.4725752, 23.2639639, 0.0 ], [ 77.4720747, 23.2646048, 0.0 ], [ 77.4717873, 23.2649866, 0.0 ], [ 77.4715067, 23.2653542, 0.0 ] ] ] } },
{ "type": "Feature", "properties": { "objectid": 34, "townname": "Bhopal", "towncensuscode2011": 802312, "town_lgd_code": 250946, "ward_lgd_code": 34385, "ward_lgd_name": "Khajuri Kala Ward", "sourcewardcode": 61, "state": "Madhya Pradesh" }, "geometry": { "type": "Polygon", "coordinates": [ [ [ 77.4904855, 23.2468577, 0.0 ], [ 77.4904785, 23.2468584, 0.0 ], [ 77.4904567, 23.2468605, 0.0 ], [ 77.4904407, 23.2468663, 0.0 ], [ 77.4904125, 23.2468818, 0.0 ], [ 77.4901746, 23.2470345, 0.0 ], [ 77.4899117, 23.2471764, 0.0 ], [ 77.4897577, 23.2472419, 0.0 ], [ 77.4895765, 23.2472839, 0.0 ], [ 77.4893732, 23.2473192, 0.0 ], [ 77.4891938, 23.2473414, 0.0 ], [ 77.4885047, 23.2473701, 0.0 ], [ 77.4884727, 23.2473766, 0.0 ], [ 77.4884493, 23.2473857, 0.0 ], [ 77.4884187, 23.2473982, 0.0 ], [ 77.488355, 23.2474253, 0.0 ], [ 77.4883114, 23.2474439, 0.0 ], [ 77.4882773, 23.2474628, 0.0 ], [ 77.4882595, 23.2474791, 0.0 ], [ 77.4882489, 23.2474948, 0.0 ], [ 77.4882396, 23.2475118, 0.0 ], [ 77.4882318, 23.2475294, 0.0 ], [ 77.4882098, 23.2475777, 0.0 ], [ 77.4881977, 23.247596, 0.0 ], [ 77.488187, 23.2476084, 0.0 ], [ 77.4881558, 23.2476248, 0.0 ], [ 77.4881348, 23.2476262, 0.0 ], [ 77.4877378, 23.2476541, 0.0 ], [ 77.4876717, 23.2476665, 0.0 ], [ 77.4876483, 23.2476757, 0.0 ], [ 77.487401, 23.2477952, 0.0 ], [ 77.4873761, 23.2478089, 0.0 ], [ 77.4873576, 23.2478187, 0.0 ], [ 77.487332, 23.2478272, 0.0 ], [ 77.4873221, 23.2478278, 0.0 ], [ 77.4872069, 23.2478076, 0.0 ], [ 77.4870921, 23.2477783, 0.0 ], [ 77.486997, 23.247748, 0.0 ], [ 77.486967, 23.2477351, 0.0 ], [ 77.4868899, 23.2476873, 0.0 ], [ 77.4868482, 23.2476527, 0.0 ], [ 77.4867611, 23.2473462, 0.0 ], [ 77.486438, 23.2463335, 0.0 ], [ 77.4863403, 23.2460179, 0.0 ], [ 77.4862218, 23.2455743, 0.0 ], [ 77.4860679, 23.2449948, 0.0 ], [ 77.4859992, 23.2446614, 0.0 ], [ 77.4859337, 23.2444092, 0.0 ], [ 77.4856791, 23.2436397, 0.0 ], [ 77.485645, 23.2435456, 0.0 ], [ 77.485645, 23.2434863, 0.0 ], [ 77.4856697, 23.2434375, 0.0 ], [ 77.4857759, 23.2433155, 0.0 ], [ 77.485829, 23.2432144, 0.0 ], [ 77.4858631, 23.2430541, 0.0 ], [ 77.485887, 23.2427621, 0.0 ], [ 77.4858804, 23.2425427, 0.0 ], [ 77.4858658, 23.2418895, 0.0 ], [ 77.4858779, 23.2408419, 0.0 ], [ 77.4858707, 23.2400773, 0.0 ], [ 77.4858731, 23.2391366, 0.0 ], [ 77.485909, 23.2377974, 0.0 ], [ 77.4859095, 23.2377244, 0.0 ], [ 77.4859883, 23.2352868, 0.0 ], [ 77.4859907, 23.2350817, 0.0 ], [ 77.4859798, 23.2349407, 0.0 ], [ 77.4859156, 23.2337294, 0.0 ], [ 77.485861, 23.2328113, 0.0 ], [ 77.4857928, 23.2311185, 0.0 ], [ 77.4857644, 23.230791, 0.0 ], [ 77.4857411, 23.2301483, 0.0 ], [ 77.4857374, 23.2301042, 0.0 ], [ 77.4856677, 23.2295682, 0.0 ], [ 77.4856679, 23.2295159, 0.0 ], [ 77.485669, 23.2295035, 0.0 ], [ 77.4856711, 23.229496, 0.0 ], [ 77.4856783, 23.2294835, 0.0 ], [ 77.4856993, 23.2294584, 0.0 ], [ 77.4857206, 23.2294421, 0.0 ], [ 77.4857319, 23.2294333, 0.0 ], [ 77.485748, 23.2294254, 0.0 ], [ 77.4857538, 23.2294235, 0.0 ], [ 77.4857795, 23.2294202, 0.0 ], [ 77.4889098, 23.2293398, 0.0 ], [ 77.4906002, 23.229277, 0.0 ], [ 77.4912858, 23.2292508, 0.0 ], [ 77.4916982, 23.2292273, 0.0 ], [ 77.4922186, 23.2292145, 0.0 ], [ 77.4923024, 23.2292124, 0.0 ], [ 77.4923324, 23.2292163, 0.0 ], [ 77.4923581, 23.2292255, 0.0 ], [ 77.4923824, 23.2292413, 0.0 ], [ 77.4924009, 23.2292636, 0.0 ], [ 77.4924095, 23.2292846, 0.0 ], [ 77.4924315, 23.2293697, 0.0 ], [ 77.4924934, 23.2296092, 0.0 ], [ 77.4925098, 23.2296378, 0.0 ], [ 77.492529, 23.229663, 0.0 ], [ 77.4925683, 23.2296974, 0.0 ], [ 77.4925884, 23.2297142, 0.0 ], [ 77.4926542, 23.229747, 0.0 ], [ 77.4926771, 23.2297587, 0.0 ], [ 77.4927072, 23.2297705, 0.0 ], [ 77.4927255, 23.229778, 0.0 ], [ 77.4927401, 23.2297822, 0.0 ], [ 77.4928514, 23.2298034, 0.0 ], [ 77.4950696, 23.2302256, 0.0 ], [ 77.495399, 23.2302719, 0.0 ], [ 77.4954192, 23.2302803, 0.0 ], [ 77.4954722, 23.2303089, 0.0 ], [ 77.4956193, 23.2304172, 0.0 ], [ 77.4956797, 23.2304743, 0.0 ], [ 77.4957975, 23.2306237, 0.0 ], [ 77.4959219, 23.2308221, 0.0 ], [ 77.4959475, 23.2308489, 0.0 ], [ 77.4959703, 23.2308666, 0.0 ], [ 77.4959859, 23.2308741, 0.0 ], [ 77.4963652, 23.2309724, 0.0 ], [ 77.4963981, 23.2309884, 0.0 ], [ 77.4964264, 23.2310094, 0.0 ], [ 77.4964429, 23.2310236, 0.0 ], [ 77.4966989, 23.2312736, 0.0 ], [ 77.4967581, 23.2313245, 0.0 ], [ 77.4968241, 23.231375, 0.0 ], [ 77.4968854, 23.2314108, 0.0 ], [ 77.4970527, 23.2314911, 0.0 ], [ 77.4970998, 23.2315137, 0.0 ], [ 77.4972351, 23.2315888, 0.0 ], [ 77.4979245, 23.2319929, 0.0 ], [ 77.4980169, 23.2321005, 0.0 ], [ 77.4982377, 23.2324319, 0.0 ], [ 77.4983127, 23.2325644, 0.0 ], [ 77.4983782, 23.23268, 0.0 ], [ 77.498649, 23.2333075, 0.0 ], [ 77.4986809, 23.2333478, 0.0 ], [ 77.4988358, 23.2335434, 0.0 ], [ 77.4988623, 23.2335753, 0.0 ], [ 77.4988751, 23.233598, 0.0 ], [ 77.4988787, 23.2336156, 0.0 ], [ 77.4988778, 23.2336374, 0.0 ], [ 77.4988733, 23.2336626, 0.0 ], [ 77.4987937, 23.2339087, 0.0 ], [ 77.4987947, 23.2339524, 0.0 ], [ 77.4987992, 23.2339742, 0.0 ], [ 77.4988102, 23.2339927, 0.0 ], [ 77.4988248, 23.2340036, 0.0 ], [ 77.4988504, 23.2340112, 0.0 ], [ 77.4990589, 23.2340046, 0.0 ], [ 77.4994004, 23.2340081, 0.0 ], [ 77.4994407, 23.2340081, 0.0 ], [ 77.4994635, 23.2340102, 0.0 ], [ 77.4994928, 23.2340188, 0.0 ], [ 77.4996765, 23.2340829, 0.0 ], [ 77.4998477, 23.2341526, 0.0 ], [ 77.5000236, 23.2342406, 0.0 ], [ 77.5002147, 23.2343574, 0.0 ], [ 77.5002677, 23.2343968, 0.0 ], [ 77.5003608, 23.2344792, 0.0 ], [ 77.5005332, 23.234669, 0.0 ], [ 77.5008323, 23.2350405, 0.0 ], [ 77.5008817, 23.2350894, 0.0 ], [ 77.5009199, 23.2351272, 0.0 ], [ 77.5009399, 23.2351377, 0.0 ], [ 77.5009713, 23.2351443, 0.0 ], [ 77.5010042, 23.2351456, 0.0 ], [ 77.5015425, 23.2350545, 0.0 ], [ 77.5018326, 23.2350053, 0.0 ], [ 77.5020602, 23.2349459, 0.0 ], [ 77.5021651, 23.2348864, 0.0 ], [ 77.5022477, 23.2348413, 0.0 ], [ 77.5023369, 23.2347675, 0.0 ], [ 77.5024813, 23.2346631, 0.0 ], [ 77.5026963, 23.2345076, 0.0 ], [ 77.502972, 23.2342998, 0.0 ], [ 77.5030639, 23.2342135, 0.0 ], [ 77.5032927, 23.2339553, 0.0 ], [ 77.5039219, 23.2332046, 0.0 ], [ 77.5039605, 23.2331653, 0.0 ], [ 77.5040048, 23.2331246, 0.0 ], [ 77.5040476, 23.2330983, 0.0 ], [ 77.504089, 23.2330865, 0.0 ], [ 77.5045931, 23.2330617, 0.0 ], [ 77.5049945, 23.2330721, 0.0 ], [ 77.5050116, 23.2330721, 0.0 ], [ 77.5051068, 23.2330776, 0.0 ], [ 77.5051716, 23.2330878, 0.0 ], [ 77.5052358, 23.2331062, 0.0 ], [ 77.5054963, 23.2331911, 0.0 ], [ 77.505715, 23.2332836, 0.0 ], [ 77.5059415, 23.233395, 0.0 ], [ 77.5062156, 23.2335299, 0.0 ], [ 77.5062367, 23.2335551, 0.0 ], [ 77.5062568, 23.2335812, 0.0 ], [ 77.5062659, 23.2335963, 0.0 ], [ 77.5062716, 23.233616, 0.0 ], [ 77.5062942, 23.2336946, 0.0 ], [ 77.5064942, 23.2346813, 0.0 ], [ 77.5065076, 23.2347285, 0.0 ], [ 77.5065322, 23.2347675, 0.0 ], [ 77.5071918, 23.2353156, 0.0 ], [ 77.5072814, 23.2353676, 0.0 ], [ 77.5073317, 23.2353895, 0.0 ], [ 77.5074386, 23.235418, 0.0 ], [ 77.507519, 23.2354357, 0.0 ], [ 77.507636, 23.2354407, 0.0 ], [ 77.5080062, 23.2354239, 0.0 ], [ 77.5086458, 23.2353654, 0.0 ], [ 77.508736, 23.2353674, 0.0 ], [ 77.5087439, 23.2353674, 0.0 ], [ 77.5087532, 23.2353681, 0.0 ], [ 77.5087708, 23.2353733, 0.0 ], [ 77.5088366, 23.2354008, 0.0 ], [ 77.5088598, 23.235414, 0.0 ], [ 77.5089807, 23.2354862, 0.0 ], [ 77.5091064, 23.2355936, 0.0 ], [ 77.5091547, 23.2356416, 0.0 ], [ 77.5091756, 23.2356661, 0.0 ], [ 77.5092084, 23.2357049, 0.0 ], [ 77.5092442, 23.2357562, 0.0 ], [ 77.509277, 23.2358279, 0.0 ], [ 77.5094127, 23.2361471, 0.0 ], [ 77.5094157, 23.2361708, 0.0 ], [ 77.5094318, 23.2362941, 0.0 ], [ 77.5094358, 23.2363248, 0.0 ], [ 77.5094511, 23.236361, 0.0 ], [ 77.5094611, 23.2363754, 0.0 ], [ 77.5095814, 23.2365033, 0.0 ], [ 77.5099073, 23.2368854, 0.0 ], [ 77.5101159, 23.2371042, 0.0 ], [ 77.5102016, 23.2371738, 0.0 ], [ 77.5102655, 23.2372341, 0.0 ], [ 77.5102891, 23.2372624, 0.0 ], [ 77.5103071, 23.2372922, 0.0 ], [ 77.5103322, 23.2373552, 0.0 ], [ 77.5103427, 23.2374205, 0.0 ], [ 77.5103478, 23.2374659, 0.0 ], [ 77.5103593, 23.237606, 0.0 ], [ 77.5103612, 23.2376295, 0.0 ], [ 77.5100851, 23.2376265, 0.0 ], [ 77.5099753, 23.2376187, 0.0 ], [ 77.5093378, 23.2375883, 0.0 ], [ 77.509035, 23.2375971, 0.0 ], [ 77.5087951, 23.237602, 0.0 ], [ 77.508454, 23.2375873, 0.0 ], [ 77.5082855, 23.2375707, 0.0 ], [ 77.5082056, 23.237554, 0.0 ], [ 77.5081192, 23.2375286, 0.0 ], [ 77.5080371, 23.2374874, 0.0 ], [ 77.5079657, 23.2374316, 0.0 ], [ 77.5077631, 23.2372739, 0.0 ], [ 77.5076608, 23.237218, 0.0 ], [ 77.5075115, 23.2371592, 0.0 ], [ 77.5074177, 23.2371426, 0.0 ], [ 77.5069109, 23.2371075, 0.0 ], [ 77.5068843, 23.237105, 0.0 ], [ 77.5068659, 23.2371044, 0.0 ], [ 77.5068522, 23.2371069, 0.0 ], [ 77.5068372, 23.2371131, 0.0 ], [ 77.5068222, 23.2371213, 0.0 ], [ 77.5068099, 23.2371294, 0.0 ], [ 77.5067976, 23.2371395, 0.0 ], [ 77.5067471, 23.2371733, 0.0 ], [ 77.5066953, 23.237216, 0.0 ], [ 77.5066168, 23.2373588, 0.0 ], [ 77.5065458, 23.237554, 0.0 ], [ 77.5063683, 23.2382048, 0.0 ], [ 77.5063012, 23.2389005, 0.0 ], [ 77.5060403, 23.2397397, 0.0 ], [ 77.5059902, 23.240336, 0.0 ], [ 77.5061381, 23.2409722, 0.0 ], [ 77.5061433, 23.2410397, 0.0 ], [ 77.5061419, 23.2410547, 0.0 ], [ 77.5061385, 23.2410742, 0.0 ], [ 77.5060648, 23.2413608, 0.0 ], [ 77.5060478, 23.2413931, 0.0 ], [ 77.5060232, 23.2414274, 0.0 ], [ 77.5058481, 23.2416545, 0.0 ], [ 77.5055727, 23.2419339, 0.0 ], [ 77.5055127, 23.2419998, 0.0 ], [ 77.5054794, 23.2420457, 0.0 ], [ 77.5054411, 23.2421176, 0.0 ], [ 77.5053821, 23.2422813, 0.0 ], [ 77.505101, 23.2430614, 0.0 ], [ 77.5050908, 23.2431028, 0.0 ], [ 77.5050763, 23.2431615, 0.0 ], [ 77.5050746, 23.243186, 0.0 ], [ 77.5050696, 23.2432319, 0.0 ], [ 77.5050696, 23.2433268, 0.0 ], [ 77.5051224, 23.2438322, 0.0 ], [ 77.5051629, 23.2440012, 0.0 ], [ 77.5051778, 23.2440634, 0.0 ], [ 77.5051693, 23.244134, 0.0 ], [ 77.5051544, 23.2441633, 0.0 ], [ 77.5051043, 23.2442172, 0.0 ], [ 77.5050616, 23.2442466, 0.0 ], [ 77.5050168, 23.244274, 0.0 ], [ 77.504939, 23.2443289, 0.0 ], [ 77.5046504, 23.2444881, 0.0 ], [ 77.5044945, 23.2445741, 0.0 ], [ 77.5037136, 23.2450075, 0.0 ], [ 77.5036822, 23.2450188, 0.0 ], [ 77.5036672, 23.2450207, 0.0 ], [ 77.5036351, 23.2450188, 0.0 ], [ 77.5035806, 23.2450082, 0.0 ], [ 77.5034912, 23.2449799, 0.0 ], [ 77.5034571, 23.2449542, 0.0 ], [ 77.5034325, 23.2449273, 0.0 ], [ 77.5034229, 23.2449066, 0.0 ], [ 77.5034209, 23.2448872, 0.0 ], [ 77.503425, 23.2448608, 0.0 ], [ 77.5034359, 23.2448383, 0.0 ], [ 77.5034925, 23.2447598, 0.0 ], [ 77.5035171, 23.2447257, 0.0 ], [ 77.5035235, 23.2447154, 0.0 ], [ 77.5035338, 23.2446895, 0.0 ], [ 77.5035336, 23.244681, 0.0 ], [ 77.5035324, 23.2446751, 0.0 ], [ 77.5035284, 23.2446665, 0.0 ], [ 77.5034912, 23.2445862, 0.0 ], [ 77.5034844, 23.2445699, 0.0 ], [ 77.5034755, 23.2445561, 0.0 ], [ 77.5034625, 23.2445449, 0.0 ], [ 77.5034143, 23.2445218, 0.0 ], [ 77.5033929, 23.2445116, 0.0 ], [ 77.5033295, 23.244501, 0.0 ], [ 77.5030047, 23.2444671, 0.0 ], [ 77.502974, 23.2444652, 0.0 ], [ 77.5028824, 23.2444791, 0.0 ], [ 77.5028396, 23.2444944, 0.0 ], [ 77.5026721, 23.2445683, 0.0 ], [ 77.5024753, 23.244655, 0.0 ], [ 77.5022679, 23.244775, 0.0 ], [ 77.502209, 23.2448091, 0.0 ], [ 77.5021002, 23.2448841, 0.0 ], [ 77.5019358, 23.2449622, 0.0 ], [ 77.5019136, 23.2449688, 0.0 ], [ 77.5018954, 23.2449712, 0.0 ], [ 77.5018688, 23.24497, 0.0 ], [ 77.501854, 23.2449681, 0.0 ], [ 77.5018409, 23.244965, 0.0 ], [ 77.5018275, 23.2449603, 0.0 ], [ 77.5016982, 23.2449063, 0.0 ], [ 77.5014452, 23.2447894, 0.0 ], [ 77.5014212, 23.2447823, 0.0 ], [ 77.5014064, 23.2447794, 0.0 ], [ 77.5013877, 23.244779, 0.0 ], [ 77.5013838, 23.2447789, 0.0 ], [ 77.5013744, 23.2447799, 0.0 ], [ 77.5013682, 23.2447828, 0.0 ], [ 77.5013576, 23.2447881, 0.0 ], [ 77.5013465, 23.2447962, 0.0 ], [ 77.5013011, 23.2448306, 0.0 ], [ 77.5012943, 23.2448358, 0.0 ], [ 77.5012728, 23.2448409, 0.0 ], [ 77.5012509, 23.2448366, 0.0 ], [ 77.5012445, 23.2448326, 0.0 ], [ 77.5012384, 23.2448262, 0.0 ], [ 77.5012349, 23.2448212, 0.0 ], [ 77.501121, 23.2446554, 0.0 ], [ 77.5010321, 23.2445744, 0.0 ], [ 77.5009973, 23.244564, 0.0 ], [ 77.5009696, 23.2445607, 0.0 ], [ 77.5009347, 23.2445607, 0.0 ], [ 77.5009184, 23.2445614, 0.0 ], [ 77.5008971, 23.2445679, 0.0 ], [ 77.5008857, 23.2445738, 0.0 ], [ 77.5008644, 23.2445868, 0.0 ], [ 77.5008317, 23.2446123, 0.0 ], [ 77.500802, 23.2446527, 0.0 ], [ 77.5007386, 23.244739, 0.0 ], [ 77.500708, 23.2447762, 0.0 ], [ 77.500637, 23.244835, 0.0 ], [ 77.5006204, 23.2448431, 0.0 ], [ 77.5006113, 23.2448479, 0.0 ], [ 77.5005761, 23.2448548, 0.0 ], [ 77.5005256, 23.2448558, 0.0 ], [ 77.5003959, 23.2448583, 0.0 ], [ 77.5003051, 23.2448631, 0.0 ], [ 77.5002975, 23.2448647, 0.0 ], [ 77.5002873, 23.2448685, 0.0 ], [ 77.5002806, 23.2448722, 0.0 ], [ 77.5002754, 23.2448765, 0.0 ], [ 77.5002719, 23.24488, 0.0 ], [ 77.5002646, 23.2448856, 0.0 ], [ 77.5002605, 23.244893, 0.0 ], [ 77.5002221, 23.2449621, 0.0 ], [ 77.5002114, 23.2449891, 0.0 ], [ 77.5001136, 23.2452675, 0.0 ], [ 77.5000893, 23.245301, 0.0 ], [ 77.5000754, 23.2453201, 0.0 ], [ 77.5000181, 23.2453552, 0.0 ], [ 77.499336, 23.2456308, 0.0 ], [ 77.4992694, 23.245642, 0.0 ], [ 77.4992394, 23.245642, 0.0 ], [ 77.4992127, 23.2456369, 0.0 ], [ 77.4991839, 23.2456298, 0.0 ], [ 77.4991372, 23.2456175, 0.0 ], [ 77.4990854, 23.2455931, 0.0 ], [ 77.498892, 23.2455018, 0.0 ], [ 77.4988294, 23.2454694, 0.0 ], [ 77.498578, 23.2453555, 0.0 ], [ 77.4985581, 23.245347, 0.0 ], [ 77.4985126, 23.2453398, 0.0 ], [ 77.4984593, 23.2453476, 0.0 ], [ 77.4984429, 23.2453568, 0.0 ], [ 77.4984116, 23.2453744, 0.0 ], [ 77.4983619, 23.2454084, 0.0 ], [ 77.498288, 23.2454515, 0.0 ], [ 77.4982418, 23.2454648, 0.0 ], [ 77.498231, 23.2454679, 0.0 ], [ 77.4980766, 23.2455126, 0.0 ], [ 77.498068, 23.2455143, 0.0 ], [ 77.4980571, 23.2455143, 0.0 ], [ 77.4980407, 23.2455076, 0.0 ], [ 77.4980307, 23.2454955, 0.0 ], [ 77.497899, 23.2453352, 0.0 ], [ 77.497892, 23.2453243, 0.0 ], [ 77.4978847, 23.2453184, 0.0 ], [ 77.4978737, 23.245317, 0.0 ], [ 77.4978565, 23.2453214, 0.0 ], [ 77.4978524, 23.2453224, 0.0 ], [ 77.497676, 23.2454169, 0.0 ], [ 77.4976391, 23.2454397, 0.0 ], [ 77.497605, 23.2454482, 0.0 ], [ 77.4975943, 23.2454482, 0.0 ], [ 77.4975787, 23.2454456, 0.0 ], [ 77.4975585, 23.2454411, 0.0 ], [ 77.4973182, 23.2453871, 0.0 ], [ 77.4972401, 23.2453584, 0.0 ], [ 77.4972019, 23.2453504, 0.0 ], [ 77.4971395, 23.2453504, 0.0 ], [ 77.4971065, 23.24536, 0.0 ], [ 77.4970267, 23.2453998, 0.0 ], [ 77.4967335, 23.2455515, 0.0 ], [ 77.4966205, 23.2455981, 0.0 ], [ 77.4959589, 23.2458359, 0.0 ], [ 77.4959378, 23.2458502, 0.0 ], [ 77.4959023, 23.2458726, 0.0 ], [ 77.4958501, 23.2459451, 0.0 ], [ 77.495839, 23.2459624, 0.0 ], [ 77.4958156, 23.245993, 0.0 ], [ 77.4957746, 23.2460563, 0.0 ], [ 77.4957179, 23.2461267, 0.0 ], [ 77.4955379, 23.2463042, 0.0 ], [ 77.4954625, 23.2463623, 0.0 ], [ 77.4954384, 23.2463744, 0.0 ], [ 77.495432, 23.2463769, 0.0 ], [ 77.4954184, 23.2463803, 0.0 ], [ 77.4953929, 23.2463815, 0.0 ], [ 77.4953622, 23.2463785, 0.0 ], [ 77.4950863, 23.2463516, 0.0 ], [ 77.494933, 23.2463367, 0.0 ], [ 77.4948288, 23.2463265, 0.0 ], [ 77.4947947, 23.2463239, 0.0 ], [ 77.4947698, 23.2463246, 0.0 ], [ 77.4947478, 23.2463265, 0.0 ], [ 77.4947244, 23.2463324, 0.0 ], [ 77.4947023, 23.2463416, 0.0 ], [ 77.4946748, 23.2463573, 0.0 ], [ 77.4946186, 23.2463894, 0.0 ], [ 77.4941389, 23.2466634, 0.0 ], [ 77.4940372, 23.24671, 0.0 ], [ 77.4937055, 23.2468618, 0.0 ], [ 77.4936101, 23.2468937, 0.0 ], [ 77.4935337, 23.2469128, 0.0 ], [ 77.49344, 23.246924, 0.0 ], [ 77.4933359, 23.2469304, 0.0 ], [ 77.4932613, 23.2469224, 0.0 ], [ 77.4932092, 23.246916, 0.0 ], [ 77.4930808, 23.2468778, 0.0 ], [ 77.4928067, 23.2467948, 0.0 ], [ 77.4925112, 23.2467393, 0.0 ], [ 77.4920565, 23.2467001, 0.0 ], [ 77.4918944, 23.2467124, 0.0 ], [ 77.4918344, 23.2467246, 0.0 ], [ 77.4917211, 23.2467552, 0.0 ], [ 77.4914546, 23.2468185, 0.0 ], [ 77.4912716, 23.2468501, 0.0 ], [ 77.4911515, 23.2468541, 0.0 ], [ 77.4906045, 23.2468537, 0.0 ], [ 77.4904855, 23.2468577, 0.0 ] ] ] } },
{ "type": "Feature", "properties": { "objectid": 35, "townname": "Bhopal", "towncensuscode2011": 802312, "town_lgd_code": 250946, "ward_lgd_code": 34377, "ward_lgd_name": "Jaatkhedi Ward", "sourcewardcode": 53, "state": "Madhya Pradesh" }, "geometry": { "type": "Polygon", "coordinates": [ [ [ 77.4719973, 23.1962083, 0.0 ], [ 77.4707344, 23.1962835, 0.0 ], [ 77.4706448, 23.1950324, 0.0 ], [ 77.4693568, 23.1951219, 0.0 ], [ 77.4680732, 23.1951848, 0.0 ], [ 77.4680446, 23.1951859, 0.0 ], [ 77.4680183, 23.195189, 0.0 ], [ 77.4679965, 23.1951915, 0.0 ], [ 77.4679838, 23.1951953, 0.0 ], [ 77.4679645, 23.1952027, 0.0 ], [ 77.4678672, 23.1952633, 0.0 ], [ 77.4677842, 23.195315, 0.0 ], [ 77.4676929, 23.1953508, 0.0 ], [ 77.4676518, 23.1953609, 0.0 ], [ 77.4673419, 23.1953894, 0.0 ], [ 77.4667138, 23.1954197, 0.0 ], [ 77.4660897, 23.1954251, 0.0 ], [ 77.4654093, 23.1953966, 0.0 ], [ 77.4640661, 23.1953367, 0.0 ], [ 77.4637102, 23.1953258, 0.0 ], [ 77.4636377, 23.1953236, 0.0 ], [ 77.463438, 23.1953252, 0.0 ], [ 77.4632484, 23.195333, 0.0 ], [ 77.4627228, 23.1953827, 0.0 ], [ 77.4625837, 23.1953884, 0.0 ], [ 77.4625544, 23.195389, 0.0 ], [ 77.4625317, 23.1953881, 0.0 ], [ 77.4624643, 23.1953774, 0.0 ], [ 77.4624164, 23.1953657, 0.0 ], [ 77.4619207, 23.1952068, 0.0 ], [ 77.4615294, 23.1950734, 0.0 ], [ 77.4613857, 23.1950245, 0.0 ], [ 77.4613031, 23.1950019, 0.0 ], [ 77.4612312, 23.1949894, 0.0 ], [ 77.4610617, 23.1949601, 0.0 ], [ 77.4607863, 23.1949186, 0.0 ], [ 77.4597549, 23.1947593, 0.0 ], [ 77.458836, 23.1946079, 0.0 ], [ 77.4574116, 23.1943787, 0.0 ], [ 77.4568262, 23.1943034, 0.0 ], [ 77.4561146, 23.1941812, 0.0 ], [ 77.4558334, 23.1941183, 0.0 ], [ 77.4549783, 23.193875, 0.0 ], [ 77.4555974, 23.1931498, 0.0 ], [ 77.4556536, 23.1931053, 0.0 ], [ 77.4556691, 23.1930893, 0.0 ], [ 77.4556962, 23.1930786, 0.0 ], [ 77.455733, 23.1930786, 0.0 ], [ 77.4557737, 23.1930875, 0.0 ], [ 77.4558067, 23.1930982, 0.0 ], [ 77.4558397, 23.1931089, 0.0 ], [ 77.4559094, 23.1931213, 0.0 ], [ 77.4559695, 23.1931196, 0.0 ], [ 77.4560044, 23.1931124, 0.0 ], [ 77.4560761, 23.1930821, 0.0 ], [ 77.456113, 23.1930536, 0.0 ], [ 77.4561517, 23.193018, 0.0 ], [ 77.4561847, 23.1929913, 0.0 ], [ 77.4562138, 23.1929699, 0.0 ], [ 77.4562622, 23.1929414, 0.0 ], [ 77.4563029, 23.1929236, 0.0 ], [ 77.4563649, 23.1929022, 0.0 ], [ 77.4564906, 23.1928671, 0.0 ], [ 77.4565464, 23.1928569, 0.0 ], [ 77.4565824, 23.1928557, 0.0 ], [ 77.4566283, 23.1928637, 0.0 ], [ 77.4566481, 23.1928751, 0.0 ], [ 77.4566804, 23.1928979, 0.0 ], [ 77.45673, 23.1929162, 0.0 ], [ 77.456761, 23.1929184, 0.0 ], [ 77.4568466, 23.1928979, 0.0 ], [ 77.4568702, 23.1928819, 0.0 ], [ 77.45689, 23.192866, 0.0 ], [ 77.4569037, 23.1928477, 0.0 ], [ 77.4569185, 23.1928249, 0.0 ], [ 77.4569868, 23.1927052, 0.0 ], [ 77.4570103, 23.1926687, 0.0 ], [ 77.4570389, 23.1926356, 0.0 ], [ 77.4570612, 23.192614, 0.0 ], [ 77.4570786, 23.1926026, 0.0 ], [ 77.4571034, 23.1925969, 0.0 ], [ 77.457122, 23.192598, 0.0 ], [ 77.4571493, 23.1926049, 0.0 ], [ 77.4571679, 23.192614, 0.0 ], [ 77.4573067, 23.1926944, 0.0 ], [ 77.4573622, 23.1927327, 0.0 ], [ 77.4574098, 23.1927656, 0.0 ], [ 77.4574234, 23.1927805, 0.0 ], [ 77.4574346, 23.1927953, 0.0 ], [ 77.4574433, 23.192809, 0.0 ], [ 77.4574532, 23.1928512, 0.0 ], [ 77.4574532, 23.1928717, 0.0 ], [ 77.4574483, 23.1929025, 0.0 ], [ 77.4574408, 23.1929264, 0.0 ], [ 77.4574108, 23.1930019, 0.0 ], [ 77.4573878, 23.1930599, 0.0 ], [ 77.4573863, 23.1930771, 0.0 ], [ 77.4573873, 23.193093, 0.0 ], [ 77.4573954, 23.1931075, 0.0 ], [ 77.4574056, 23.1931192, 0.0 ], [ 77.4574127, 23.1931262, 0.0 ], [ 77.457434, 23.1931341, 0.0 ], [ 77.4574472, 23.1931341, 0.0 ], [ 77.4574716, 23.1931322, 0.0 ], [ 77.4574975, 23.1931271, 0.0 ], [ 77.4580118, 23.1930318, 0.0 ], [ 77.4580494, 23.1930276, 0.0 ], [ 77.4580626, 23.1930225, 0.0 ], [ 77.4580875, 23.1930089, 0.0 ], [ 77.4581022, 23.1929945, 0.0 ], [ 77.4581139, 23.1929748, 0.0 ], [ 77.458119, 23.1929576, 0.0 ], [ 77.4581175, 23.1929454, 0.0 ], [ 77.4581137, 23.1929284, 0.0 ], [ 77.4580834, 23.1927919, 0.0 ], [ 77.4580673, 23.1927622, 0.0 ], [ 77.4580611, 23.1927451, 0.0 ], [ 77.4580598, 23.1927143, 0.0 ], [ 77.458066, 23.1926847, 0.0 ], [ 77.458076, 23.1926687, 0.0 ], [ 77.4580871, 23.1926562, 0.0 ], [ 77.4580995, 23.1926436, 0.0 ], [ 77.4581107, 23.1926356, 0.0 ], [ 77.4583806, 23.192509, 0.0 ], [ 77.4584433, 23.1924907, 0.0 ], [ 77.4584814, 23.1924827, 0.0 ], [ 77.4585084, 23.1924805, 0.0 ], [ 77.4585235, 23.1924834, 0.0 ], [ 77.4585553, 23.1924951, 0.0 ], [ 77.4585823, 23.1925112, 0.0 ], [ 77.458595, 23.1925221, 0.0 ], [ 77.4586245, 23.1925593, 0.0 ], [ 77.4586302, 23.1925649, 0.0 ], [ 77.4586426, 23.1925711, 0.0 ], [ 77.4586666, 23.1925768, 0.0 ], [ 77.4587037, 23.192582, 0.0 ], [ 77.458972, 23.1926207, 0.0 ], [ 77.4589992, 23.1926242, 0.0 ], [ 77.4590554, 23.1926207, 0.0 ], [ 77.4591349, 23.192594, 0.0 ], [ 77.4592395, 23.1925458, 0.0 ], [ 77.4594101, 23.1924514, 0.0 ], [ 77.4594876, 23.1924211, 0.0 ], [ 77.4595167, 23.1924033, 0.0 ], [ 77.4595632, 23.1923659, 0.0 ], [ 77.4595884, 23.1923392, 0.0 ], [ 77.459695, 23.1921859, 0.0 ], [ 77.4597701, 23.1920824, 0.0 ], [ 77.4600097, 23.191752, 0.0 ], [ 77.4600961, 23.1916246, 0.0 ], [ 77.4601108, 23.1916007, 0.0 ], [ 77.4601383, 23.1915732, 0.0 ], [ 77.4601998, 23.1915243, 0.0 ], [ 77.4602506, 23.191484, 0.0 ], [ 77.4603273, 23.1914391, 0.0 ], [ 77.4603502, 23.1914312, 0.0 ], [ 77.4603781, 23.1914237, 0.0 ], [ 77.4604225, 23.191418, 0.0 ], [ 77.4606352, 23.1913904, 0.0 ], [ 77.4606476, 23.1913825, 0.0 ], [ 77.4606712, 23.1913665, 0.0 ], [ 77.4606886, 23.1913494, 0.0 ], [ 77.4607047, 23.1913311, 0.0 ], [ 77.4607183, 23.191314, 0.0 ], [ 77.4607307, 23.1912981, 0.0 ], [ 77.4607779, 23.1912365, 0.0 ], [ 77.460928, 23.1910426, 0.0 ], [ 77.4611402, 23.1908189, 0.0 ], [ 77.4611841, 23.1907787, 0.0 ], [ 77.4612376, 23.1907021, 0.0 ], [ 77.4612601, 23.1906503, 0.0 ], [ 77.4613093, 23.190494, 0.0 ], [ 77.4613248, 23.1904234, 0.0 ], [ 77.4613503, 23.1903078, 0.0 ], [ 77.4613611, 23.1902809, 0.0 ], [ 77.4613706, 23.1902714, 0.0 ], [ 77.4613786, 23.1902663, 0.0 ], [ 77.4613952, 23.1902583, 0.0 ], [ 77.4618193, 23.190129, 0.0 ], [ 77.4618861, 23.1901003, 0.0 ], [ 77.4619192, 23.1900861, 0.0 ], [ 77.4619677, 23.1900474, 0.0 ], [ 77.4619867, 23.1900255, 0.0 ], [ 77.462001, 23.1900043, 0.0 ], [ 77.462009, 23.1899861, 0.0 ], [ 77.4620145, 23.1899678, 0.0 ], [ 77.4620185, 23.1899386, 0.0 ], [ 77.4620101, 23.1898295, 0.0 ], [ 77.4620016, 23.1897082, 0.0 ], [ 77.461998, 23.1896579, 0.0 ], [ 77.4619681, 23.1892335, 0.0 ], [ 77.4619526, 23.1889521, 0.0 ], [ 77.4619558, 23.1889318, 0.0 ], [ 77.4619572, 23.1889064, 0.0 ], [ 77.4619788, 23.1887546, 0.0 ], [ 77.4620007, 23.188667, 0.0 ], [ 77.4620589, 23.1885082, 0.0 ], [ 77.4621536, 23.1881917, 0.0 ], [ 77.4622111, 23.1878822, 0.0 ], [ 77.4618641, 23.1878267, 0.0 ], [ 77.4617601, 23.1878043, 0.0 ], [ 77.4616415, 23.1877668, 0.0 ], [ 77.4615376, 23.1877242, 0.0 ], [ 77.4607968, 23.1873507, 0.0 ], [ 77.4596862, 23.1868117, 0.0 ], [ 77.4596208, 23.1867826, 0.0 ], [ 77.458996, 23.1865273, 0.0 ], [ 77.4578514, 23.1861116, 0.0 ], [ 77.457791, 23.186092, 0.0 ], [ 77.4573286, 23.1859393, 0.0 ], [ 77.4571606, 23.1858894, 0.0 ], [ 77.4568291, 23.185791, 0.0 ], [ 77.4560504, 23.1856639, 0.0 ], [ 77.4559863, 23.1856556, 0.0 ], [ 77.4559402, 23.1856556, 0.0 ], [ 77.4558995, 23.1856589, 0.0 ], [ 77.4558372, 23.1856706, 0.0 ], [ 77.4556493, 23.1857104, 0.0 ], [ 77.4550442, 23.1858571, 0.0 ], [ 77.4548021, 23.1859097, 0.0 ], [ 77.4547429, 23.1859155, 0.0 ], [ 77.4547041, 23.1859174, 0.0 ], [ 77.4546418, 23.1859203, 0.0 ], [ 77.454549, 23.1859147, 0.0 ], [ 77.454465, 23.1859072, 0.0 ], [ 77.4544144, 23.1858972, 0.0 ], [ 77.4543693, 23.1858865, 0.0 ], [ 77.4541934, 23.1858273, 0.0 ], [ 77.4534341, 23.1854369, 0.0 ], [ 77.4545835, 23.183608, 0.0 ], [ 77.4590232, 23.1766854, 0.0 ], [ 77.4624017, 23.1713028, 0.0 ], [ 77.4633299, 23.1698781, 0.0 ], [ 77.4641869, 23.1685838, 0.0 ], [ 77.4675867, 23.1641711, 0.0 ], [ 77.4680595, 23.1635587, 0.0 ], [ 77.4699925, 23.1610851, 0.0 ], [ 77.4706713, 23.1601913, 0.0 ], [ 77.4709635, 23.1597916, 0.0 ], [ 77.4711688, 23.1595045, 0.0 ], [ 77.4712148, 23.1594223, 0.0 ], [ 77.471304, 23.1592482, 0.0 ], [ 77.471333, 23.1591786, 0.0 ], [ 77.4714998, 23.1587717, 0.0 ], [ 77.4716245, 23.1585273, 0.0 ], [ 77.4717571, 23.1583034, 0.0 ], [ 77.4723834, 23.1573936, 0.0 ], [ 77.4733605, 23.1561279, 0.0 ], [ 77.4748597, 23.1542272, 0.0 ], [ 77.47616, 23.15631, 0.0 ], [ 77.4781774, 23.1579594, 0.0 ], [ 77.47923, 23.15882, 0.0 ], [ 77.48212, 23.16, 0.0 ], [ 77.48465, 23.15984, 0.0 ], [ 77.4860095, 23.1594204, 0.0 ], [ 77.48627, 23.15934, 0.0 ], [ 77.48681, 23.15934, 0.0 ], [ 77.48682, 23.16068, 0.0 ], [ 77.4867475, 23.1607724, 0.0 ], [ 77.4857739, 23.1620128, 0.0 ], [ 77.48485, 23.16319, 0.0 ], [ 77.48254, 23.17037, 0.0 ], [ 77.48165, 23.17137, 0.0 ], [ 77.48148, 23.17166, 0.0 ], [ 77.4800944, 23.1739864, 0.0 ], [ 77.47986, 23.17438, 0.0 ], [ 77.47897, 23.17538, 0.0 ], [ 77.47843, 23.17655, 0.0 ], [ 77.47807, 23.17755, 0.0 ], [ 77.4780737, 23.1781053, 0.0 ], [ 77.478078, 23.1787539, 0.0 ], [ 77.4764344, 23.1794632, 0.0 ], [ 77.4762691, 23.1795346, 0.0 ], [ 77.4760043, 23.1796685, 0.0 ], [ 77.4759225, 23.1796991, 0.0 ], [ 77.4757771, 23.179713, 0.0 ], [ 77.4756862, 23.1797158, 0.0 ], [ 77.4755314, 23.1797276, 0.0 ], [ 77.4754481, 23.1797454, 0.0 ], [ 77.475388, 23.1797686, 0.0 ], [ 77.4753589, 23.1797917, 0.0 ], [ 77.4753415, 23.1798131, 0.0 ], [ 77.4753124, 23.1798595, 0.0 ], [ 77.4752872, 23.1799111, 0.0 ], [ 77.4752349, 23.1800216, 0.0 ], [ 77.4751941, 23.1800644, 0.0 ], [ 77.4750759, 23.1801303, 0.0 ], [ 77.4750197, 23.1801356, 0.0 ], [ 77.4749964, 23.1801356, 0.0 ], [ 77.4749577, 23.1801071, 0.0 ], [ 77.4749402, 23.1800893, 0.0 ], [ 77.4748976, 23.1800394, 0.0 ], [ 77.4748491, 23.1799699, 0.0 ], [ 77.474822, 23.1799272, 0.0 ], [ 77.4747813, 23.1798737, 0.0 ], [ 77.4746999, 23.1798078, 0.0 ], [ 77.4746572, 23.1797846, 0.0 ], [ 77.4745991, 23.1797668, 0.0 ], [ 77.4745661, 23.1797597, 0.0 ], [ 77.4745022, 23.1797704, 0.0 ], [ 77.474475, 23.1797811, 0.0 ], [ 77.4744576, 23.17979, 0.0 ], [ 77.4744227, 23.1798256, 0.0 ], [ 77.4744014, 23.1798951, 0.0 ], [ 77.4743955, 23.1799307, 0.0 ], [ 77.4743917, 23.1799806, 0.0 ], [ 77.4743878, 23.1800412, 0.0 ], [ 77.4743994, 23.1800804, 0.0 ], [ 77.474413, 23.180116, 0.0 ], [ 77.4744324, 23.1801588, 0.0 ], [ 77.4746088, 23.1803049, 0.0 ], [ 77.4746262, 23.1803245, 0.0 ], [ 77.4746417, 23.1803566, 0.0 ], [ 77.4746514, 23.1803905, 0.0 ], [ 77.4746553, 23.1804332, 0.0 ], [ 77.4746689, 23.1804849, 0.0 ], [ 77.4746902, 23.1805366, 0.0 ], [ 77.4747115, 23.180574, 0.0 ], [ 77.4747489, 23.1806563, 0.0 ], [ 77.4747576, 23.1806939, 0.0 ], [ 77.47477, 23.1807259, 0.0 ], [ 77.4747924, 23.1807624, 0.0 ], [ 77.4748345, 23.1808091, 0.0 ], [ 77.474989, 23.1809575, 0.0 ], [ 77.4749023, 23.1810523, 0.0 ], [ 77.4741308, 23.1818962, 0.0 ], [ 77.4742337, 23.1825, 0.0 ], [ 77.4743626, 23.1832567, 0.0 ], [ 77.474474, 23.1834727, 0.0 ], [ 77.4741537, 23.1839366, 0.0 ], [ 77.4726606, 23.1860998, 0.0 ], [ 77.4738054, 23.1863866, 0.0 ], [ 77.4765319, 23.1870142, 0.0 ], [ 77.4769618, 23.1871062, 0.0 ], [ 77.477464, 23.1872131, 0.0 ], [ 77.4771891, 23.1874698, 0.0 ], [ 77.4766421, 23.1877868, 0.0 ], [ 77.4759692, 23.189126, 0.0 ], [ 77.4756933, 23.1897021, 0.0 ], [ 77.4755774, 23.1901037, 0.0 ], [ 77.4755714, 23.1906314, 0.0 ], [ 77.4755578, 23.1910978, 0.0 ], [ 77.475431, 23.1914418, 0.0 ], [ 77.4747514, 23.1920345, 0.0 ], [ 77.474581, 23.1921974, 0.0 ], [ 77.4744677, 23.1923254, 0.0 ], [ 77.4743849, 23.1936313, 0.0 ], [ 77.4739448, 23.1938114, 0.0 ], [ 77.4734905, 23.1939868, 0.0 ], [ 77.47313, 23.1941065, 0.0 ], [ 77.472812, 23.194165, 0.0 ], [ 77.4720973, 23.1942568, 0.0 ], [ 77.4715975, 23.1943237, 0.0 ], [ 77.4716399, 23.19495, 0.0 ], [ 77.4719208, 23.1949253, 0.0 ], [ 77.4719973, 23.1962083, 0.0 ] ] ] } },
{ "type": "Feature", "properties": { "objectid": 40, "townname": "Bhopal", "towncensuscode2011": 802312, "town_lgd_code": 250946, "ward_lgd_code": 34392, "ward_lgd_name": "Ayodhya Nagar Ward", "sourcewardcode": 68, "state": "Madhya Pradesh" }, "geometry": { "type": "Polygon", "coordinates": [ [ [ 77.4676011, 23.2866865, 0.0 ], [ 77.4673643, 23.2867911, 0.0 ], [ 77.4672006, 23.2868635, 0.0 ], [ 77.467227, 23.2869418, 0.0 ], [ 77.4677709, 23.2882486, 0.0 ], [ 77.4678135, 23.2883381, 0.0 ], [ 77.467844, 23.2883996, 0.0 ], [ 77.4679191, 23.2884854, 0.0 ], [ 77.4683189, 23.2889123, 0.0 ], [ 77.4683595, 23.2889608, 0.0 ], [ 77.4683838, 23.2890018, 0.0 ], [ 77.4684143, 23.289067, 0.0 ], [ 77.4684285, 23.2891528, 0.0 ], [ 77.4684122, 23.289205, 0.0 ], [ 77.4683737, 23.2892572, 0.0 ], [ 77.4678866, 23.2895387, 0.0 ], [ 77.4665004, 23.2900215, 0.0 ], [ 77.4662324, 23.2902023, 0.0 ], [ 77.464623, 23.2913656, 0.0 ], [ 77.4644908, 23.2914576, 0.0 ], [ 77.4644058, 23.2915167, 0.0 ], [ 77.4642801, 23.2916147, 0.0 ], [ 77.4642001, 23.2916772, 0.0 ], [ 77.4641793, 23.2917034, 0.0 ], [ 77.4641598, 23.2917416, 0.0 ], [ 77.464139, 23.2917917, 0.0 ], [ 77.4641221, 23.291837, 0.0 ], [ 77.4639832, 23.2921162, 0.0 ], [ 77.463839, 23.2923739, 0.0 ], [ 77.4638104, 23.2924193, 0.0 ], [ 77.4637429, 23.292498, 0.0 ], [ 77.4636961, 23.2925445, 0.0 ], [ 77.4628848, 23.293277, 0.0 ], [ 77.4623798, 23.2931064, 0.0 ], [ 77.4621103, 23.2930154, 0.0 ], [ 77.4617206, 23.2928942, 0.0 ], [ 77.4611118, 23.2927395, 0.0 ], [ 77.459892, 23.2924599, 0.0 ], [ 77.4585484, 23.292171, 0.0 ], [ 77.4581028, 23.2920652, 0.0 ], [ 77.4579267, 23.2919889, 0.0 ], [ 77.4578258, 23.2919319, 0.0 ], [ 77.4576465, 23.2911056, 0.0 ], [ 77.4596146, 23.2906983, 0.0 ], [ 77.4593829, 23.2894765, 0.0 ], [ 77.4591744, 23.2879658, 0.0 ], [ 77.4589166, 23.2862961, 0.0 ], [ 77.4585337, 23.2845893, 0.0 ], [ 77.4583566, 23.2846102, 0.0 ], [ 77.4582169, 23.2836204, 0.0 ], [ 77.4570895, 23.2836961, 0.0 ], [ 77.4569891, 23.2831522, 0.0 ], [ 77.4567549, 23.2819307, 0.0 ], [ 77.456447, 23.2801943, 0.0 ], [ 77.4564012, 23.2799371, 0.0 ], [ 77.4563603, 23.279862, 0.0 ], [ 77.4563504, 23.2798506, 0.0 ], [ 77.4554089, 23.2787348, 0.0 ], [ 77.4553473, 23.2786563, 0.0 ], [ 77.4582925, 23.2779745, 0.0 ], [ 77.4610001, 23.2773683, 0.0 ], [ 77.4616487, 23.2771422, 0.0 ], [ 77.4619318, 23.2769981, 0.0 ], [ 77.4626163, 23.2765609, 0.0 ], [ 77.4627521, 23.2764511, 0.0 ], [ 77.4629911, 23.2762579, 0.0 ], [ 77.4631187, 23.2761329, 0.0 ], [ 77.4632588, 23.275976, 0.0 ], [ 77.4634219, 23.2757934, 0.0 ], [ 77.4645971, 23.2742739, 0.0 ], [ 77.4688701, 23.2687718, 0.0 ], [ 77.4681507, 23.2684359, 0.0 ], [ 77.4676743, 23.2681998, 0.0 ], [ 77.4676372, 23.2681817, 0.0 ], [ 77.4676221, 23.2681699, 0.0 ], [ 77.4675819, 23.2681387, 0.0 ], [ 77.4673188, 23.2678119, 0.0 ], [ 77.4671095, 23.2674896, 0.0 ], [ 77.4670181, 23.2673489, 0.0 ], [ 77.4662682, 23.2661055, 0.0 ], [ 77.4661026, 23.2657762, 0.0 ], [ 77.4659937, 23.2656184, 0.0 ], [ 77.4658814, 23.265473, 0.0 ], [ 77.4657963, 23.2653855, 0.0 ], [ 77.4657232, 23.265312, 0.0 ], [ 77.4652972, 23.2649137, 0.0 ], [ 77.4652731, 23.2648893, 0.0 ], [ 77.4649763, 23.2646015, 0.0 ], [ 77.4649626, 23.2645831, 0.0 ], [ 77.4649495, 23.2645627, 0.0 ], [ 77.4649125, 23.2645051, 0.0 ], [ 77.4649008, 23.2644868, 0.0 ], [ 77.4648929, 23.2644722, 0.0 ], [ 77.4648647, 23.264371, 0.0 ], [ 77.4648474, 23.2642804, 0.0 ], [ 77.4647263, 23.2636495, 0.0 ], [ 77.4644397, 23.2616704, 0.0 ], [ 77.4659386, 23.2615834, 0.0 ], [ 77.4659265, 23.2614135, 0.0 ], [ 77.4660958, 23.2613754, 0.0 ], [ 77.4667247, 23.2609566, 0.0 ], [ 77.4669102, 23.2608988, 0.0 ], [ 77.4673342, 23.2620221, 0.0 ], [ 77.4685133, 23.2623696, 0.0 ], [ 77.4682333, 23.2634258, 0.0 ], [ 77.4684446, 23.2636018, 0.0 ], [ 77.4696335, 23.2627889, 0.0 ], [ 77.470092, 23.2635622, 0.0 ], [ 77.4701934, 23.2638221, 0.0 ], [ 77.4702118, 23.2638957, 0.0 ], [ 77.4703522, 23.2644156, 0.0 ], [ 77.4703654, 23.2645575, 0.0 ], [ 77.4703017, 23.2652172, 0.0 ], [ 77.4710546, 23.2651013, 0.0 ], [ 77.4715067, 23.2653542, 0.0 ], [ 77.4717873, 23.2649866, 0.0 ], [ 77.4726332, 23.2657156, 0.0 ], [ 77.4732183, 23.2661349, 0.0 ], [ 77.4743874, 23.267084, 0.0 ], [ 77.4755889, 23.2680722, 0.0 ], [ 77.4763953, 23.2687144, 0.0 ], [ 77.4786731, 23.2706423, 0.0 ], [ 77.4786533, 23.2708768, 0.0 ], [ 77.4786037, 23.2714658, 0.0 ], [ 77.4785536, 23.272003, 0.0 ], [ 77.4799207, 23.2728476, 0.0 ], [ 77.4796174, 23.2734417, 0.0 ], [ 77.478939, 23.2732547, 0.0 ], [ 77.4785464, 23.273466, 0.0 ], [ 77.4794919, 23.2751232, 0.0 ], [ 77.4798836, 23.2758098, 0.0 ], [ 77.4798978, 23.2758415, 0.0 ], [ 77.4799282, 23.2758713, 0.0 ], [ 77.4799688, 23.2758844, 0.0 ], [ 77.4800135, 23.2758918, 0.0 ], [ 77.4800601, 23.2758918, 0.0 ], [ 77.4800865, 23.27589, 0.0 ], [ 77.4802509, 23.275862, 0.0 ], [ 77.4813834, 23.275642, 0.0 ], [ 77.4814991, 23.2756289, 0.0 ], [ 77.4815824, 23.2756271, 0.0 ], [ 77.4816717, 23.2756271, 0.0 ], [ 77.4817508, 23.2756401, 0.0 ], [ 77.4818462, 23.2756681, 0.0 ], [ 77.4818848, 23.2756849, 0.0 ], [ 77.4819456, 23.2757203, 0.0 ], [ 77.4819741, 23.2757371, 0.0 ], [ 77.4821243, 23.275863, 0.0 ], [ 77.4827607, 23.276536, 0.0 ], [ 77.4829673, 23.2767866, 0.0 ], [ 77.4830062, 23.2768653, 0.0 ], [ 77.4830218, 23.2768999, 0.0 ], [ 77.4830361, 23.2769322, 0.0 ], [ 77.4830452, 23.2769548, 0.0 ], [ 77.4830673, 23.2770157, 0.0 ], [ 77.4830725, 23.2770753, 0.0 ], [ 77.4830854, 23.277216, 0.0 ], [ 77.4831042, 23.2772879, 0.0 ], [ 77.4830913, 23.2773234, 0.0 ], [ 77.4823542, 23.2791181, 0.0 ], [ 77.48187, 23.2791823, 0.0 ], [ 77.4815163, 23.2792375, 0.0 ], [ 77.4814418, 23.2792532, 0.0 ], [ 77.4813827, 23.2792639, 0.0 ], [ 77.4813237, 23.2792791, 0.0 ], [ 77.481272, 23.2792972, 0.0 ], [ 77.4811561, 23.2793333, 0.0 ], [ 77.4809762, 23.279398, 0.0 ], [ 77.4807283, 23.2794873, 0.0 ], [ 77.480589, 23.2795453, 0.0 ], [ 77.4797253, 23.2799338, 0.0 ], [ 77.4791665, 23.2801621, 0.0 ], [ 77.4790036, 23.2802202, 0.0 ], [ 77.4787179, 23.2803361, 0.0 ], [ 77.4775891, 23.280843, 0.0 ], [ 77.4773443, 23.2809745, 0.0 ], [ 77.4772747, 23.281016, 0.0 ], [ 77.4769828, 23.281203, 0.0 ], [ 77.4767365, 23.281369, 0.0 ], [ 77.4760964, 23.2817786, 0.0 ], [ 77.4755863, 23.2820814, 0.0 ], [ 77.4753325, 23.2822146, 0.0 ], [ 77.4752691, 23.2822533, 0.0 ], [ 77.475246, 23.2822675, 0.0 ], [ 77.4752435, 23.2822835, 0.0 ], [ 77.4752443, 23.2823194, 0.0 ], [ 77.4752468, 23.2823362, 0.0 ], [ 77.4752526, 23.2823629, 0.0 ], [ 77.4752576, 23.2823843, 0.0 ], [ 77.4752867, 23.2824622, 0.0 ], [ 77.4753732, 23.2826187, 0.0 ], [ 77.4753948, 23.2826462, 0.0 ], [ 77.4754081, 23.2826623, 0.0 ], [ 77.4754272, 23.2826752, 0.0 ], [ 77.4754822, 23.2827191, 0.0 ], [ 77.4755477, 23.2827715, 0.0 ], [ 77.4755802, 23.2828119, 0.0 ], [ 77.475596, 23.2828387, 0.0 ], [ 77.4756009, 23.2828539, 0.0 ], [ 77.4756014, 23.2828966, 0.0 ], [ 77.4756025, 23.2830076, 0.0 ], [ 77.4756026, 23.2830212, 0.0 ], [ 77.4756036, 23.2830867, 0.0 ], [ 77.4756013, 23.2831593, 0.0 ], [ 77.4755904, 23.283225, 0.0 ], [ 77.4755481, 23.2833463, 0.0 ], [ 77.4754561, 23.2835397, 0.0 ], [ 77.475403, 23.2836345, 0.0 ], [ 77.4753482, 23.2837123, 0.0 ], [ 77.4749154, 23.2842479, 0.0 ], [ 77.4748658, 23.2843743, 0.0 ], [ 77.4748526, 23.2844603, 0.0 ], [ 77.4748646, 23.2845386, 0.0 ], [ 77.4749601, 23.2847231, 0.0 ], [ 77.4754639, 23.2854508, 0.0 ], [ 77.4755864, 23.2856497, 0.0 ], [ 77.475798, 23.2860712, 0.0 ], [ 77.4758783, 23.2863698, 0.0 ], [ 77.4759801, 23.2866582, 0.0 ], [ 77.4761324, 23.2869547, 0.0 ], [ 77.4762718, 23.2872058, 0.0 ], [ 77.4762951, 23.2872501, 0.0 ], [ 77.4763076, 23.2872867, 0.0 ], [ 77.4763151, 23.2873371, 0.0 ], [ 77.4763134, 23.2874249, 0.0 ], [ 77.4763149, 23.2877891, 0.0 ], [ 77.4763169, 23.2882768, 0.0 ], [ 77.476318, 23.2885393, 0.0 ], [ 77.4762322, 23.2885309, 0.0 ], [ 77.4761257, 23.2885202, 0.0 ], [ 77.4760517, 23.2885142, 0.0 ], [ 77.4759984, 23.2884999, 0.0 ], [ 77.4759517, 23.2884868, 0.0 ], [ 77.4759127, 23.2884713, 0.0 ], [ 77.475888, 23.2884594, 0.0 ], [ 77.4757763, 23.2883866, 0.0 ], [ 77.4756269, 23.288272, 0.0 ], [ 77.4755607, 23.2882267, 0.0 ], [ 77.4755217, 23.2882076, 0.0 ], [ 77.4754827, 23.2881909, 0.0 ], [ 77.4754438, 23.2881802, 0.0 ], [ 77.4752087, 23.2881062, 0.0 ], [ 77.4750723, 23.2880597, 0.0 ], [ 77.4749826, 23.2880239, 0.0 ], [ 77.4749359, 23.2880024, 0.0 ], [ 77.4749086, 23.2879857, 0.0 ], [ 77.47488, 23.2879618, 0.0 ], [ 77.4748618, 23.2879332, 0.0 ], [ 77.4746995, 23.2876779, 0.0 ], [ 77.474615, 23.2875647, 0.0 ], [ 77.4745825, 23.2875204, 0.0 ], [ 77.474546, 23.2874707, 0.0 ], [ 77.4745077, 23.2874387, 0.0 ], [ 77.4744487, 23.2874066, 0.0 ], [ 77.4742569, 23.287342, 0.0 ], [ 77.4741772, 23.2873151, 0.0 ], [ 77.4741314, 23.2873067, 0.0 ], [ 77.4741075, 23.2873024, 0.0 ], [ 77.4740862, 23.2873004, 0.0 ], [ 77.4740404, 23.2873019, 0.0 ], [ 77.4739809, 23.2873053, 0.0 ], [ 77.4739665, 23.2873109, 0.0 ], [ 77.4736681, 23.2874261, 0.0 ], [ 77.4736265, 23.2874428, 0.0 ], [ 77.4735746, 23.2874595, 0.0 ], [ 77.4735122, 23.2874726, 0.0 ], [ 77.4734083, 23.2874894, 0.0 ], [ 77.4733265, 23.2875001, 0.0 ], [ 77.4732563, 23.2875049, 0.0 ], [ 77.4732096, 23.2875049, 0.0 ], [ 77.4731563, 23.2874989, 0.0 ], [ 77.4731031, 23.2874941, 0.0 ], [ 77.4730589, 23.2874905, 0.0 ], [ 77.4730121, 23.2874905, 0.0 ], [ 77.4729875, 23.2874929, 0.0 ], [ 77.4729407, 23.2875013, 0.0 ], [ 77.4728814, 23.2874078, 0.0 ], [ 77.4728084, 23.2873184, 0.0 ], [ 77.4726907, 23.2872065, 0.0 ], [ 77.4723233, 23.2868728, 0.0 ], [ 77.4721731, 23.2867609, 0.0 ], [ 77.4720221, 23.2866621, 0.0 ], [ 77.4719755, 23.2866312, 0.0 ], [ 77.4718841, 23.2865773, 0.0 ], [ 77.4718251, 23.286546, 0.0 ], [ 77.4718093, 23.2865373, 0.0 ], [ 77.471764, 23.2865169, 0.0 ], [ 77.471706, 23.2864954, 0.0 ], [ 77.4716459, 23.2864788, 0.0 ], [ 77.4715447, 23.2864531, 0.0 ], [ 77.4711046, 23.2863527, 0.0 ], [ 77.4710923, 23.286348, 0.0 ], [ 77.4710818, 23.2863412, 0.0 ], [ 77.4710779, 23.2863347, 0.0 ], [ 77.4710611, 23.2863124, 0.0 ], [ 77.4710486, 23.2863032, 0.0 ], [ 77.4710195, 23.2862894, 0.0 ], [ 77.4709788, 23.2862772, 0.0 ], [ 77.4706529, 23.2862179, 0.0 ], [ 77.4706171, 23.2862114, 0.0 ], [ 77.4702159, 23.2861557, 0.0 ], [ 77.4698903, 23.2860879, 0.0 ], [ 77.4693677, 23.2859473, 0.0 ], [ 77.46927, 23.2859343, 0.0 ], [ 77.4692538, 23.2859321, 0.0 ], [ 77.4692238, 23.2859305, 0.0 ], [ 77.4692022, 23.2859351, 0.0 ], [ 77.4691366, 23.2859565, 0.0 ], [ 77.468952, 23.2860413, 0.0 ], [ 77.4688797, 23.2860741, 0.0 ], [ 77.4687832, 23.2861199, 0.0 ], [ 77.4687616, 23.286136, 0.0 ], [ 77.4687425, 23.2861512, 0.0 ], [ 77.4687201, 23.286168, 0.0 ], [ 77.4685072, 23.2863521, 0.0 ], [ 77.4684308, 23.2864017, 0.0 ], [ 77.4683958, 23.2864254, 0.0 ], [ 77.4683609, 23.2864498, 0.0 ], [ 77.468316, 23.2864681, 0.0 ], [ 77.4680767, 23.2865711, 0.0 ], [ 77.468059, 23.286578, 0.0 ], [ 77.4677393, 23.286693, 0.0 ], [ 77.4677168, 23.2866952, 0.0 ], [ 77.46771, 23.2866952, 0.0 ], [ 77.4676937, 23.2866936, 0.0 ], [ 77.4676734, 23.2866888, 0.0 ], [ 77.4676559, 23.2866846, 0.0 ], [ 77.4676351, 23.2866814, 0.0 ], [ 77.4676239, 23.2866811, 0.0 ], [ 77.4676205, 23.2866811, 0.0 ], [ 77.4676011, 23.2866865, 0.0 ] ] ] } },
{ "type": "Feature", "properties": { "objectid": 36, "townname": "Bhopal", "towncensuscode2011": 802312, "town_lgd_code": 250946, "ward_lgd_code": 881953, "ward_lgd_name": "Katara Ward", "sourcewardcode": 85, "state": "Madhya Pradesh" }, "geometry": { "type": "Polygon", "coordinates": [ [ [ 77.5204281, 23.1613216, 0.0 ], [ 77.51913, 23.16469, 0.0 ], [ 77.5189178, 23.1651283, 0.0 ], [ 77.5185046, 23.165982, 0.0 ], [ 77.5177912, 23.1674559, 0.0 ], [ 77.51731, 23.16845, 0.0 ], [ 77.51641, 23.17203, 0.0 ], [ 77.51639, 23.17254, 0.0 ], [ 77.51608, 23.17938, 0.0 ], [ 77.516075, 23.1793931, 0.0 ], [ 77.515994, 23.1796063, 0.0 ], [ 77.5159344, 23.1797632, 0.0 ], [ 77.51551, 23.18088, 0.0 ], [ 77.51517, 23.18178, 0.0 ], [ 77.5149637, 23.1819951, 0.0 ], [ 77.5146991, 23.1822709, 0.0 ], [ 77.50601, 23.19133, 0.0 ], [ 77.5057255, 23.1918008, 0.0 ], [ 77.50436, 23.19406, 0.0 ], [ 77.5033891, 23.1969458, 0.0 ], [ 77.50327, 23.1973, 0.0 ], [ 77.50198, 23.1965, 0.0 ], [ 77.49873, 23.19566, 0.0 ], [ 77.4964091, 23.1955738, 0.0 ], [ 77.49469, 23.19551, 0.0 ], [ 77.4944775, 23.1955002, 0.0 ], [ 77.49404, 23.19548, 0.0 ], [ 77.49169, 23.19481, 0.0 ], [ 77.49024, 23.19246, 0.0 ], [ 77.48951, 23.19062, 0.0 ], [ 77.48824, 23.19012, 0.0 ], [ 77.48626, 23.18995, 0.0 ], [ 77.4859419, 23.1899491, 0.0 ], [ 77.48283, 23.18994, 0.0 ], [ 77.48084, 23.1891, 0.0 ], [ 77.47922, 23.18792, 0.0 ], [ 77.47849, 23.18658, 0.0 ], [ 77.47883, 23.18391, 0.0 ], [ 77.4789489, 23.1827981, 0.0 ], [ 77.47917, 23.18073, 0.0 ], [ 77.47808, 23.17906, 0.0 ], [ 77.478078, 23.1787539, 0.0 ], [ 77.4780737, 23.1781053, 0.0 ], [ 77.47807, 23.17755, 0.0 ], [ 77.47843, 23.17655, 0.0 ], [ 77.47897, 23.17538, 0.0 ], [ 77.47986, 23.17438, 0.0 ], [ 77.4800944, 23.1739864, 0.0 ], [ 77.48148, 23.17166, 0.0 ], [ 77.48165, 23.17137, 0.0 ], [ 77.48254, 23.17037, 0.0 ], [ 77.48485, 23.16319, 0.0 ], [ 77.4857739, 23.1620128, 0.0 ], [ 77.4867475, 23.1607724, 0.0 ], [ 77.48682, 23.16068, 0.0 ], [ 77.48681, 23.15934, 0.0 ], [ 77.48627, 23.15934, 0.0 ], [ 77.4860095, 23.1594204, 0.0 ], [ 77.48465, 23.15984, 0.0 ], [ 77.48212, 23.16, 0.0 ], [ 77.47923, 23.15882, 0.0 ], [ 77.4781774, 23.1579594, 0.0 ], [ 77.47616, 23.15631, 0.0 ], [ 77.4748597, 23.1542272, 0.0 ], [ 77.471913, 23.1495073, 0.0 ], [ 77.47051, 23.14726, 0.0 ], [ 77.4700908, 23.1465499, 0.0 ], [ 77.4716822, 23.1449955, 0.0 ], [ 77.4718003, 23.1448801, 0.0 ], [ 77.4719313, 23.1448388, 0.0 ], [ 77.4720855, 23.1448493, 0.0 ], [ 77.4722177, 23.144865, 0.0 ], [ 77.4722404, 23.1448654, 0.0 ], [ 77.4722601, 23.1448585, 0.0 ], [ 77.4724875, 23.1447572, 0.0 ], [ 77.4725105, 23.1447547, 0.0 ], [ 77.4726719, 23.1447662, 0.0 ], [ 77.4735944, 23.144958, 0.0 ], [ 77.4736234, 23.1449648, 0.0 ], [ 77.4736537, 23.1449637, 0.0 ], [ 77.4744841, 23.1449258, 0.0 ], [ 77.4744943, 23.1449288, 0.0 ], [ 77.4745007, 23.1449322, 0.0 ], [ 77.4746202, 23.1450342, 0.0 ], [ 77.4746428, 23.145042, 0.0 ], [ 77.4752237, 23.1451698, 0.0 ], [ 77.4756358, 23.1451609, 0.0 ], [ 77.4757644, 23.1451399, 0.0 ], [ 77.476171, 23.1450598, 0.0 ], [ 77.4766058, 23.1450262, 0.0 ], [ 77.4779953, 23.1449749, 0.0 ], [ 77.4786046, 23.1448854, 0.0 ], [ 77.4789026, 23.1447989, 0.0 ], [ 77.4793831, 23.1447161, 0.0 ], [ 77.4794883, 23.1447111, 0.0 ], [ 77.4800677, 23.1447362, 0.0 ], [ 77.4800608, 23.1445768, 0.0 ], [ 77.4806273, 23.1445625, 0.0 ], [ 77.4815178, 23.1444538, 0.0 ], [ 77.4816844, 23.1444167, 0.0 ], [ 77.481887, 23.1443325, 0.0 ], [ 77.4820087, 23.1442651, 0.0 ], [ 77.4820848, 23.1442194, 0.0 ], [ 77.4821115, 23.1442086, 0.0 ], [ 77.4821432, 23.144207, 0.0 ], [ 77.4821679, 23.144211, 0.0 ], [ 77.4826531, 23.1444062, 0.0 ], [ 77.4827042, 23.1444256, 0.0 ], [ 77.4827808, 23.1444394, 0.0 ], [ 77.482912, 23.1444443, 0.0 ], [ 77.4880654, 23.1441225, 0.0 ], [ 77.4881342, 23.144101, 0.0 ], [ 77.4881686, 23.1440757, 0.0 ], [ 77.4884124, 23.1437692, 0.0 ], [ 77.4884304, 23.1437077, 0.0 ], [ 77.4884309, 23.1436467, 0.0 ], [ 77.4883904, 23.1432441, 0.0 ], [ 77.4883995, 23.1432083, 0.0 ], [ 77.4884649, 23.1431574, 0.0 ], [ 77.4887232, 23.1430034, 0.0 ], [ 77.4888417, 23.1429513, 0.0 ], [ 77.4890495, 23.1428708, 0.0 ], [ 77.4891085, 23.1428595, 0.0 ], [ 77.4892257, 23.1428578, 0.0 ], [ 77.4893102, 23.1428627, 0.0 ], [ 77.4895808, 23.1429212, 0.0 ], [ 77.4896135, 23.1429215, 0.0 ], [ 77.4896491, 23.1429145, 0.0 ], [ 77.4902954, 23.1427102, 0.0 ], [ 77.490329, 23.1426806, 0.0 ], [ 77.4908317, 23.141939, 0.0 ], [ 77.4909166, 23.1418545, 0.0 ], [ 77.491201, 23.1417427, 0.0 ], [ 77.491238, 23.1417257, 0.0 ], [ 77.4912847, 23.1416893, 0.0 ], [ 77.4916803, 23.1411305, 0.0 ], [ 77.4918052, 23.140878, 0.0 ], [ 77.491836, 23.1408393, 0.0 ], [ 77.4922549, 23.1406389, 0.0 ], [ 77.4924044, 23.140525, 0.0 ], [ 77.4925392, 23.1404137, 0.0 ], [ 77.4928706, 23.140119, 0.0 ], [ 77.4929257, 23.1400861, 0.0 ], [ 77.4930605, 23.1400367, 0.0 ], [ 77.4933684, 23.1399158, 0.0 ], [ 77.4937504, 23.1396572, 0.0 ], [ 77.4949415, 23.1388152, 0.0 ], [ 77.4952484, 23.1383105, 0.0 ], [ 77.495652, 23.1378523, 0.0 ], [ 77.4956855, 23.137781, 0.0 ], [ 77.4958595, 23.1368425, 0.0 ], [ 77.495875, 23.1367965, 0.0 ], [ 77.495903, 23.1367692, 0.0 ], [ 77.4976844, 23.1356467, 0.0 ], [ 77.497246, 23.1352514, 0.0 ], [ 77.4972451, 23.1346079, 0.0 ], [ 77.4971797, 23.1338445, 0.0 ], [ 77.4970796, 23.1334379, 0.0 ], [ 77.4970928, 23.1331187, 0.0 ], [ 77.4969995, 23.1328253, 0.0 ], [ 77.4967231, 23.1324727, 0.0 ], [ 77.4966403, 23.1322258, 0.0 ], [ 77.4966287, 23.1321199, 0.0 ], [ 77.4966557, 23.13193, 0.0 ], [ 77.4966601, 23.1318987, 0.0 ], [ 77.4967616, 23.1315892, 0.0 ], [ 77.4967633, 23.131482, 0.0 ], [ 77.4967128, 23.1311695, 0.0 ], [ 77.4959084, 23.1297278, 0.0 ], [ 77.4958048, 23.1291546, 0.0 ], [ 77.4956879, 23.1281673, 0.0 ], [ 77.4954606, 23.1278205, 0.0 ], [ 77.4944886, 23.1270195, 0.0 ], [ 77.4942384, 23.1266081, 0.0 ], [ 77.494204, 23.1265144, 0.0 ], [ 77.4941834, 23.1264398, 0.0 ], [ 77.4941761, 23.126369, 0.0 ], [ 77.4941596, 23.1259678, 0.0 ], [ 77.4920548, 23.124848, 0.0 ], [ 77.4913657, 23.1240633, 0.0 ], [ 77.4914124, 23.123843, 0.0 ], [ 77.4911943, 23.1236399, 0.0 ], [ 77.4915646, 23.12304, 0.0 ], [ 77.4915984, 23.1227095, 0.0 ], [ 77.4914917, 23.1221865, 0.0 ], [ 77.4956625, 23.1158224, 0.0 ], [ 77.4961786, 23.1161201, 0.0 ], [ 77.496241, 23.1161953, 0.0 ], [ 77.4962926, 23.1162941, 0.0 ], [ 77.4966679, 23.1169144, 0.0 ], [ 77.4967269, 23.117012, 0.0 ], [ 77.496815, 23.1171187, 0.0 ], [ 77.4968666, 23.1171761, 0.0 ], [ 77.4970387, 23.1172928, 0.0 ], [ 77.4972064, 23.1173916, 0.0 ], [ 77.4973268, 23.1174173, 0.0 ], [ 77.4974493, 23.1174193, 0.0 ], [ 77.4979438, 23.1173125, 0.0 ], [ 77.4980492, 23.1172532, 0.0 ], [ 77.4982492, 23.1171425, 0.0 ], [ 77.4984104, 23.1170673, 0.0 ], [ 77.4984878, 23.1169981, 0.0 ], [ 77.4985416, 23.1169269, 0.0 ], [ 77.4985846, 23.1168538, 0.0 ], [ 77.4986663, 23.1166975, 0.0 ], [ 77.4987243, 23.1166283, 0.0 ], [ 77.4989264, 23.1164326, 0.0 ], [ 77.4994124, 23.1160806, 0.0 ], [ 77.500195, 23.1155684, 0.0 ], [ 77.5005658, 23.1153304, 0.0 ], [ 77.5008177, 23.1150801, 0.0 ], [ 77.5008648, 23.1149843, 0.0 ], [ 77.5008883, 23.1149225, 0.0 ], [ 77.5008984, 23.1148576, 0.0 ], [ 77.5008648, 23.1145146, 0.0 ], [ 77.500848, 23.1144683, 0.0 ], [ 77.5008245, 23.1144158, 0.0 ], [ 77.5007875, 23.1143571, 0.0 ], [ 77.5007573, 23.1143138, 0.0 ], [ 77.5006666, 23.1142057, 0.0 ], [ 77.5006195, 23.1141408, 0.0 ], [ 77.5004986, 23.113909, 0.0 ], [ 77.5004885, 23.113804, 0.0 ], [ 77.500559, 23.1136, 0.0 ], [ 77.5006498, 23.1135104, 0.0 ], [ 77.5007337, 23.1134456, 0.0 ], [ 77.5008984, 23.1133714, 0.0 ], [ 77.5009555, 23.1133467, 0.0 ], [ 77.5014594, 23.1132849, 0.0 ], [ 77.5015602, 23.1132694, 0.0 ], [ 77.5017349, 23.1132231, 0.0 ], [ 77.5022556, 23.1130346, 0.0 ], [ 77.5033307, 23.112534, 0.0 ], [ 77.5039336, 23.1122906, 0.0 ], [ 77.5041145, 23.1122175, 0.0 ], [ 77.5042426, 23.1121928, 0.0 ], [ 77.5043813, 23.112177, 0.0 ], [ 77.5045442, 23.1121795, 0.0 ], [ 77.5046112, 23.1122029, 0.0 ], [ 77.5053027, 23.1125244, 0.0 ], [ 77.5055547, 23.1126065, 0.0 ], [ 77.5056439, 23.1126113, 0.0 ], [ 77.5058014, 23.1125727, 0.0 ], [ 77.5059484, 23.1125099, 0.0 ], [ 77.5060429, 23.1124327, 0.0 ], [ 77.5061951, 23.1123023, 0.0 ], [ 77.5066938, 23.1117085, 0.0 ], [ 77.5068985, 23.1115684, 0.0 ], [ 77.5070822, 23.1114526, 0.0 ], [ 77.5072397, 23.1113898, 0.0 ], [ 77.5073342, 23.111356, 0.0 ], [ 77.5078854, 23.1112691, 0.0 ], [ 77.5086413, 23.1112788, 0.0 ], [ 77.5087672, 23.1112546, 0.0 ], [ 77.5088355, 23.1112257, 0.0 ], [ 77.5089562, 23.1111581, 0.0 ], [ 77.5091609, 23.1110615, 0.0 ], [ 77.5093079, 23.1110325, 0.0 ], [ 77.5094339, 23.1110374, 0.0 ], [ 77.5095231, 23.1110663, 0.0 ], [ 77.5095384, 23.1110729, 0.0 ], [ 77.5095848, 23.111117, 0.0 ], [ 77.5098199, 23.111281, 0.0 ], [ 77.510019, 23.1114198, 0.0 ], [ 77.5100807, 23.1114331, 0.0 ], [ 77.5107119, 23.1115692, 0.0 ], [ 77.5109999, 23.111687, 0.0 ], [ 77.5113997, 23.1120014, 0.0 ], [ 77.5114193, 23.1120167, 0.0 ], [ 77.5116823, 23.1128116, 0.0 ], [ 77.5116984, 23.1130366, 0.0 ], [ 77.5117447, 23.113683, 0.0 ], [ 77.511642, 23.1140849, 0.0 ], [ 77.5114343, 23.1142234, 0.0 ], [ 77.5103088, 23.1149734, 0.0 ], [ 77.5097761, 23.1155958, 0.0 ], [ 77.5096147, 23.1161647, 0.0 ], [ 77.5096436, 23.1164222, 0.0 ], [ 77.509707, 23.1167787, 0.0 ], [ 77.5097085, 23.1167809, 0.0 ], [ 77.5099703, 23.1171402, 0.0 ], [ 77.5101782, 23.1172415, 0.0 ], [ 77.5104435, 23.1173707, 0.0 ], [ 77.5108288, 23.1175201, 0.0 ], [ 77.5110744, 23.1175355, 0.0 ], [ 77.5111168, 23.1175382, 0.0 ], [ 77.5116489, 23.1174258, 0.0 ], [ 77.5123275, 23.1173721, 0.0 ], [ 77.5126547, 23.1174671, 0.0 ], [ 77.512674, 23.117485, 0.0 ], [ 77.512918, 23.1177113, 0.0 ], [ 77.5131026, 23.1181064, 0.0 ], [ 77.5131227, 23.1181493, 0.0 ], [ 77.5131462, 23.1182507, 0.0 ], [ 77.5133073, 23.1189439, 0.0 ], [ 77.5134705, 23.1192444, 0.0 ], [ 77.5136778, 23.119626, 0.0 ], [ 77.5141361, 23.1202811, 0.0 ], [ 77.5147507, 23.1207329, 0.0 ], [ 77.5148177, 23.1207434, 0.0 ], [ 77.5152438, 23.12081, 0.0 ], [ 77.5155073, 23.1207561, 0.0 ], [ 77.5157957, 23.1206388, 0.0 ], [ 77.5160642, 23.1203366, 0.0 ], [ 77.5161425, 23.1200522, 0.0 ], [ 77.5160878, 23.1192444, 0.0 ], [ 77.5160847, 23.1191987, 0.0 ], [ 77.5153877, 23.1179115, 0.0 ], [ 77.5153495, 23.1175558, 0.0 ], [ 77.515286, 23.1169633, 0.0 ], [ 77.5154524, 23.1165075, 0.0 ], [ 77.5159453, 23.1163, 0.0 ], [ 77.5164142, 23.1162417, 0.0 ], [ 77.51719, 23.1164319, 0.0 ], [ 77.5174577, 23.1166213, 0.0 ], [ 77.5177268, 23.1168116, 0.0 ], [ 77.5184634, 23.1174216, 0.0 ], [ 77.5184899, 23.11743, 0.0 ], [ 77.5189047, 23.117562, 0.0 ], [ 77.5191172, 23.1176296, 0.0 ], [ 77.5194578, 23.11765, 0.0 ], [ 77.5197322, 23.1176663, 0.0 ], [ 77.5207036, 23.1176397, 0.0 ], [ 77.5217285, 23.1176405, 0.0 ], [ 77.5222215, 23.1177896, 0.0 ], [ 77.5222231, 23.1177903, 0.0 ], [ 77.5226846, 23.1179795, 0.0 ], [ 77.522729, 23.1179977, 0.0 ], [ 77.5230611, 23.1179614, 0.0 ], [ 77.5232219, 23.1179438, 0.0 ], [ 77.5234466, 23.1177363, 0.0 ], [ 77.5234526, 23.1177176, 0.0 ], [ 77.5238185, 23.1165582, 0.0 ], [ 77.5238276, 23.1165455, 0.0 ], [ 77.5240238, 23.1162739, 0.0 ], [ 77.5240752, 23.1162519, 0.0 ], [ 77.5241601, 23.1162156, 0.0 ], [ 77.5241866, 23.1162042, 0.0 ], [ 77.5242874, 23.1161612, 0.0 ], [ 77.5245948, 23.1162742, 0.0 ], [ 77.5246898, 23.1163894, 0.0 ], [ 77.5247998, 23.1165228, 0.0 ], [ 77.5251494, 23.1168593, 0.0 ], [ 77.5252161, 23.1169234, 0.0 ], [ 77.5252925, 23.116997, 0.0 ], [ 77.5256195, 23.1171688, 0.0 ], [ 77.5260927, 23.1172639, 0.0 ], [ 77.5270104, 23.1174317, 0.0 ], [ 77.5274517, 23.1176262, 0.0 ], [ 77.5280253, 23.1178791, 0.0 ], [ 77.5288645, 23.1183539, 0.0 ], [ 77.5295138, 23.1185007, 0.0 ], [ 77.529704, 23.1185437, 0.0 ], [ 77.5303774, 23.1187699, 0.0 ], [ 77.5308896, 23.1191316, 0.0 ], [ 77.5313513, 23.1192453, 0.0 ], [ 77.5315876, 23.1193035, 0.0 ], [ 77.5323834, 23.1191685, 0.0 ], [ 77.5332476, 23.1186949, 0.0 ], [ 77.5335611, 23.1186951, 0.0 ], [ 77.5337799, 23.1186952, 0.0 ], [ 77.5345997, 23.1188674, 0.0 ], [ 77.5348903, 23.1191884, 0.0 ], [ 77.5350289, 23.1193415, 0.0 ], [ 77.5352139, 23.119716, 0.0 ], [ 77.5354774, 23.1202492, 0.0 ], [ 77.5354769, 23.1202512, 0.0 ], [ 77.5353901, 23.1205834, 0.0 ], [ 77.5353796, 23.120624, 0.0 ], [ 77.5353655, 23.1211253, 0.0 ], [ 77.5353596, 23.1213327, 0.0 ], [ 77.5350519, 23.1217885, 0.0 ], [ 77.5349448, 23.1218634, 0.0 ], [ 77.5345486, 23.1221404, 0.0 ], [ 77.5339531, 23.1223885, 0.0 ], [ 77.533635, 23.1224773, 0.0 ], [ 77.5334843, 23.1225194, 0.0 ], [ 77.5332343, 23.1225552, 0.0 ], [ 77.532995, 23.1222512, 0.0 ], [ 77.5329645, 23.1221967, 0.0 ], [ 77.5329459, 23.1221547, 0.0 ], [ 77.5329358, 23.1221112, 0.0 ], [ 77.5329307, 23.1220583, 0.0 ], [ 77.5329831, 23.1218344, 0.0 ], [ 77.5329998, 23.121769, 0.0 ], [ 77.5330118, 23.1217462, 0.0 ], [ 77.5331004, 23.1215821, 0.0 ], [ 77.5334377, 23.121032, 0.0 ], [ 77.5334466, 23.120998, 0.0 ], [ 77.5334452, 23.1209697, 0.0 ], [ 77.5334302, 23.1209383, 0.0 ], [ 77.5333791, 23.120889, 0.0 ], [ 77.5333249, 23.1208415, 0.0 ], [ 77.5332579, 23.1208126, 0.0 ], [ 77.533221, 23.1208082, 0.0 ], [ 77.5331762, 23.1208187, 0.0 ], [ 77.5331062, 23.1208452, 0.0 ], [ 77.532194, 23.121471, 0.0 ], [ 77.5317752, 23.1217437, 0.0 ], [ 77.5317237, 23.1217743, 0.0 ], [ 77.5316817, 23.1217856, 0.0 ], [ 77.5316463, 23.1217848, 0.0 ], [ 77.5316048, 23.1217719, 0.0 ], [ 77.5315282, 23.1217481, 0.0 ], [ 77.5305029, 23.1214436, 0.0 ], [ 77.5304569, 23.1214092, 0.0 ], [ 77.5304217, 23.121367, 0.0 ], [ 77.5303993, 23.1213277, 0.0 ], [ 77.5302517, 23.1209679, 0.0 ], [ 77.5302117, 23.1209096, 0.0 ], [ 77.5301733, 23.1208713, 0.0 ], [ 77.5299847, 23.1207178, 0.0 ], [ 77.5299063, 23.1206487, 0.0 ], [ 77.5298245, 23.1205489, 0.0 ], [ 77.52949, 23.1200589, 0.0 ], [ 77.5294525, 23.1200318, 0.0 ], [ 77.5294115, 23.120023, 0.0 ], [ 77.5293678, 23.120023, 0.0 ], [ 77.5293261, 23.1200343, 0.0 ], [ 77.5292782, 23.1200563, 0.0 ], [ 77.5292604, 23.1200688, 0.0 ], [ 77.529201, 23.1201311, 0.0 ], [ 77.528915, 23.1204799, 0.0 ], [ 77.5289, 23.1205106, 0.0 ], [ 77.5288816, 23.1205582, 0.0 ], [ 77.528785, 23.1208976, 0.0 ], [ 77.5287672, 23.1209323, 0.0 ], [ 77.5287312, 23.1209863, 0.0 ], [ 77.5284621, 23.1212511, 0.0 ], [ 77.5281901, 23.1214255, 0.0 ], [ 77.52817, 23.1214375, 0.0 ], [ 77.5281473, 23.1214464, 0.0 ], [ 77.528114, 23.1214524, 0.0 ], [ 77.5275057, 23.1214582, 0.0 ], [ 77.5274735, 23.1214538, 0.0 ], [ 77.5274463, 23.12144, 0.0 ], [ 77.5274203, 23.1214104, 0.0 ], [ 77.5272277, 23.121137, 0.0 ], [ 77.5271992, 23.1211181, 0.0 ], [ 77.5271629, 23.121108, 0.0 ], [ 77.5269141, 23.1211184, 0.0 ], [ 77.5268864, 23.1211203, 0.0 ], [ 77.5268019, 23.121135, 0.0 ], [ 77.5267443, 23.121145, 0.0 ], [ 77.526536, 23.1212187, 0.0 ], [ 77.5264709, 23.1212452, 0.0 ], [ 77.5264207, 23.1212678, 0.0 ], [ 77.5263889, 23.1212974, 0.0 ], [ 77.5263656, 23.1213264, 0.0 ], [ 77.5263352, 23.1213641, 0.0 ], [ 77.5263021, 23.1214436, 0.0 ], [ 77.5262766, 23.121567, 0.0 ], [ 77.5262698, 23.1216448, 0.0 ], [ 77.5262865, 23.1218551, 0.0 ], [ 77.5263115, 23.1220353, 0.0 ], [ 77.5263167, 23.1220721, 0.0 ], [ 77.526317, 23.1221133, 0.0 ], [ 77.5262972, 23.1221642, 0.0 ], [ 77.5262638, 23.1222255, 0.0 ], [ 77.5260979, 23.1223892, 0.0 ], [ 77.5260328, 23.1224352, 0.0 ], [ 77.5259778, 23.1224675, 0.0 ], [ 77.5259077, 23.122492, 0.0 ], [ 77.5258326, 23.1225043, 0.0 ], [ 77.5257358, 23.1225028, 0.0 ], [ 77.5254865, 23.1224975, 0.0 ], [ 77.5253639, 23.1225119, 0.0 ], [ 77.5252362, 23.122543, 0.0 ], [ 77.5251684, 23.1225742, 0.0 ], [ 77.5250458, 23.1226725, 0.0 ], [ 77.524759, 23.1229531, 0.0 ], [ 77.5245217, 23.123145, 0.0 ], [ 77.5244174, 23.1232553, 0.0 ], [ 77.5243574, 23.1233392, 0.0 ], [ 77.5242531, 23.1234495, 0.0 ], [ 77.5241566, 23.1235047, 0.0 ], [ 77.5240601, 23.1235335, 0.0 ], [ 77.5239923, 23.1235407, 0.0 ], [ 77.5238854, 23.1235383, 0.0 ], [ 77.5238411, 23.1235263, 0.0 ], [ 77.5237498, 23.1234759, 0.0 ], [ 77.5236846, 23.1234423, 0.0 ], [ 77.5236299, 23.1234064, 0.0 ], [ 77.5235464, 23.1233632, 0.0 ], [ 77.5234995, 23.1233536, 0.0 ], [ 77.5234187, 23.1233536, 0.0 ], [ 77.5233013, 23.123416, 0.0 ], [ 77.5232466, 23.1234879, 0.0 ], [ 77.5232231, 23.1235335, 0.0 ], [ 77.5232048, 23.1235838, 0.0 ], [ 77.5231996, 23.1237613, 0.0 ], [ 77.5232153, 23.1238956, 0.0 ], [ 77.5232257, 23.1239459, 0.0 ], [ 77.5232648, 23.1240179, 0.0 ], [ 77.5233118, 23.1240515, 0.0 ], [ 77.5233587, 23.1240658, 0.0 ], [ 77.523596, 23.1240802, 0.0 ], [ 77.5237381, 23.1241354, 0.0 ], [ 77.5238202, 23.1241905, 0.0 ], [ 77.5238828, 23.1243152, 0.0 ], [ 77.523935, 23.1244783, 0.0 ], [ 77.5239793, 23.1245431, 0.0 ], [ 77.5240262, 23.124591, 0.0 ], [ 77.5240575, 23.1246078, 0.0 ], [ 77.5241305, 23.1246318, 0.0 ], [ 77.5242244, 23.1247013, 0.0 ], [ 77.5242531, 23.1247901, 0.0 ], [ 77.5242531, 23.1248452, 0.0 ], [ 77.5241983, 23.1249052, 0.0 ], [ 77.5241175, 23.124934, 0.0 ], [ 77.5240315, 23.1249412, 0.0 ], [ 77.523862, 23.1249531, 0.0 ], [ 77.5237603, 23.1249747, 0.0 ], [ 77.5236768, 23.1250107, 0.0 ], [ 77.5235725, 23.1250826, 0.0 ], [ 77.5235438, 23.1251114, 0.0 ], [ 77.5235047, 23.1251618, 0.0 ], [ 77.5234656, 23.1252361, 0.0 ], [ 77.5234447, 23.1253392, 0.0 ], [ 77.5234369, 23.1254088, 0.0 ], [ 77.5234108, 23.1256078, 0.0 ], [ 77.5233822, 23.125687, 0.0 ], [ 77.5233587, 23.1257541, 0.0 ], [ 77.5233196, 23.1258524, 0.0 ], [ 77.5231032, 23.126169, 0.0 ], [ 77.5230223, 23.1262601, 0.0 ], [ 77.5229858, 23.1262985, 0.0 ], [ 77.5229389, 23.1263488, 0.0 ], [ 77.5228841, 23.1263944, 0.0 ], [ 77.5227537, 23.1265023, 0.0 ], [ 77.5226494, 23.1266174, 0.0 ], [ 77.5225529, 23.1267733, 0.0 ], [ 77.522433, 23.1270826, 0.0 ], [ 77.5224147, 23.1271714, 0.0 ], [ 77.5224069, 23.1272577, 0.0 ], [ 77.5224069, 23.1273536, 0.0 ], [ 77.5224226, 23.1274423, 0.0 ], [ 77.522493, 23.1276869, 0.0 ], [ 77.5225425, 23.1277829, 0.0 ], [ 77.5225634, 23.1278188, 0.0 ], [ 77.5228318, 23.1281276, 0.0 ], [ 77.5229174, 23.1282063, 0.0 ], [ 77.5230355, 23.1282662, 0.0 ], [ 77.5231577, 23.1282999, 0.0 ], [ 77.5233044, 23.1283037, 0.0 ], [ 77.5241566, 23.128368, 0.0 ], [ 77.5243965, 23.1283704, 0.0 ], [ 77.5244748, 23.128368, 0.0 ], [ 77.524566, 23.1283608, 0.0 ], [ 77.5249128, 23.1282984, 0.0 ], [ 77.5249545, 23.128272, 0.0 ], [ 77.5249937, 23.1282529, 0.0 ], [ 77.5250615, 23.1282433, 0.0 ], [ 77.525098, 23.1282433, 0.0 ], [ 77.5251475, 23.1282553, 0.0 ], [ 77.5251866, 23.1282673, 0.0 ], [ 77.5252127, 23.1282816, 0.0 ], [ 77.5253196, 23.1283848, 0.0 ], [ 77.5253666, 23.1284759, 0.0 ], [ 77.5253796, 23.128519, 0.0 ], [ 77.52539, 23.1285574, 0.0 ], [ 77.5253978, 23.1285934, 0.0 ], [ 77.5253978, 23.1286341, 0.0 ], [ 77.5253952, 23.1286845, 0.0 ], [ 77.5253014, 23.1291209, 0.0 ], [ 77.5252961, 23.1291761, 0.0 ], [ 77.5252961, 23.1292097, 0.0 ], [ 77.5253066, 23.1292576, 0.0 ], [ 77.5253327, 23.129296, 0.0 ], [ 77.5253796, 23.1293392, 0.0 ], [ 77.5254265, 23.1293751, 0.0 ], [ 77.5254735, 23.1294111, 0.0 ], [ 77.5255334, 23.1294567, 0.0 ], [ 77.5255621, 23.1294878, 0.0 ], [ 77.5256012, 23.1295502, 0.0 ], [ 77.5256143, 23.1295766, 0.0 ], [ 77.5256821, 23.1299938, 0.0 ], [ 77.5256742, 23.1300226, 0.0 ], [ 77.525656, 23.1300634, 0.0 ], [ 77.525643, 23.1300873, 0.0 ], [ 77.5256169, 23.1301377, 0.0 ], [ 77.5255908, 23.1301713, 0.0 ], [ 77.5255726, 23.1301953, 0.0 ], [ 77.5255308, 23.1302432, 0.0 ], [ 77.5254839, 23.1302888, 0.0 ], [ 77.5254135, 23.1303559, 0.0 ], [ 77.5253848, 23.1303823, 0.0 ], [ 77.5253379, 23.1304279, 0.0 ], [ 77.5251944, 23.1306125, 0.0 ], [ 77.5251371, 23.1306988, 0.0 ], [ 77.5251136, 23.1307468, 0.0 ], [ 77.525098, 23.1307947, 0.0 ], [ 77.5250901, 23.1308235, 0.0 ], [ 77.5250901, 23.1308547, 0.0 ], [ 77.5250954, 23.1309003, 0.0 ], [ 77.5251006, 23.1309314, 0.0 ], [ 77.5251579, 23.1311161, 0.0 ], [ 77.5251632, 23.1313535, 0.0 ], [ 77.5251658, 23.1314494, 0.0 ], [ 77.5251606, 23.1314902, 0.0 ], [ 77.5251423, 23.1315453, 0.0 ], [ 77.5251293, 23.1315765, 0.0 ], [ 77.525111, 23.1316125, 0.0 ], [ 77.5250875, 23.1316556, 0.0 ], [ 77.5250693, 23.1316892, 0.0 ], [ 77.525051, 23.131718, 0.0 ], [ 77.525038, 23.1317443, 0.0 ], [ 77.5250197, 23.1317899, 0.0 ], [ 77.5250145, 23.1318139, 0.0 ], [ 77.5250145, 23.131857, 0.0 ], [ 77.5250328, 23.1319362, 0.0 ], [ 77.5250589, 23.1320177, 0.0 ], [ 77.5252027, 23.1322752, 0.0 ], [ 77.5252612, 23.132364, 0.0 ], [ 77.5253379, 23.1324805, 0.0 ], [ 77.5253796, 23.1325381, 0.0 ], [ 77.5254187, 23.1326172, 0.0 ], [ 77.5254448, 23.1326795, 0.0 ], [ 77.5254546, 23.1327148, 0.0 ], [ 77.5254709, 23.1327731, 0.0 ], [ 77.5254735, 23.1328042, 0.0 ], [ 77.5254709, 23.1328282, 0.0 ], [ 77.5254578, 23.1328522, 0.0 ], [ 77.5253092, 23.1330728, 0.0 ], [ 77.5252988, 23.1331256, 0.0 ], [ 77.5253092, 23.1333821, 0.0 ], [ 77.5253222, 23.1334253, 0.0 ], [ 77.5253483, 23.1334805, 0.0 ], [ 77.5253692, 23.133514, 0.0 ], [ 77.5254317, 23.1335548, 0.0 ], [ 77.5254656, 23.1335596, 0.0 ], [ 77.5255152, 23.133562, 0.0 ], [ 77.5255804, 23.1335548, 0.0 ], [ 77.5256247, 23.1335308, 0.0 ], [ 77.5256742, 23.1334948, 0.0 ], [ 77.5257968, 23.1334205, 0.0 ], [ 77.5258359, 23.1334037, 0.0 ], [ 77.5259272, 23.1333821, 0.0 ], [ 77.5260028, 23.1333797, 0.0 ], [ 77.5260732, 23.1333965, 0.0 ], [ 77.5261097, 23.1334205, 0.0 ], [ 77.5263314, 23.133996, 0.0 ], [ 77.5263653, 23.1340823, 0.0 ], [ 77.5265009, 23.1343149, 0.0 ], [ 77.526892, 23.134689, 0.0 ], [ 77.5269702, 23.1347681, 0.0 ], [ 77.5276048, 23.1351724, 0.0 ], [ 77.5276157, 23.1351893, 0.0 ], [ 77.5276157, 23.1352167, 0.0 ], [ 77.5276069, 23.1352416, 0.0 ], [ 77.5275943, 23.1352669, 0.0 ], [ 77.5273029, 23.1354561, 0.0 ], [ 77.5272645, 23.1355003, 0.0 ], [ 77.5272602, 23.1355396, 0.0 ], [ 77.5272784, 23.1356358, 0.0 ], [ 77.5273286, 23.1358117, 0.0 ], [ 77.5275742, 23.1364755, 0.0 ], [ 77.5277316, 23.136875, 0.0 ], [ 77.5281224, 23.1371809, 0.0 ], [ 77.528396, 23.138143, 0.0 ], [ 77.5285094, 23.1384561, 0.0 ], [ 77.5286229, 23.1386448, 0.0 ], [ 77.5288916, 23.1389564, 0.0 ], [ 77.5307624, 23.1416152, 0.0 ], [ 77.5303523, 23.1420288, 0.0 ], [ 77.530719, 23.1426363, 0.0 ], [ 77.5307424, 23.1426624, 0.0 ], [ 77.5309627, 23.1427944, 0.0 ], [ 77.530991, 23.1428189, 0.0 ], [ 77.5310077, 23.1428343, 0.0 ], [ 77.5310311, 23.142868, 0.0 ], [ 77.5310545, 23.1429263, 0.0 ], [ 77.5310561, 23.1429478, 0.0 ], [ 77.5310461, 23.1429785, 0.0 ], [ 77.5309537, 23.1430762, 0.0 ], [ 77.5309312, 23.1430933, 0.0 ], [ 77.530897, 23.1431031, 0.0 ], [ 77.5308553, 23.1431051, 0.0 ], [ 77.5307752, 23.1430972, 0.0 ], [ 77.5306842, 23.1430836, 0.0 ], [ 77.5306112, 23.1430995, 0.0 ], [ 77.5304957, 23.1431246, 0.0 ], [ 77.5303836, 23.1431941, 0.0 ], [ 77.5302871, 23.1432685, 0.0 ], [ 77.5302454, 23.1433044, 0.0 ], [ 77.5302037, 23.1433452, 0.0 ], [ 77.530175, 23.1433788, 0.0 ], [ 77.5300748, 23.1435171, 0.0 ], [ 77.5300698, 23.1435371, 0.0 ], [ 77.5300698, 23.143557, 0.0 ], [ 77.5300882, 23.1435831, 0.0 ], [ 77.5305555, 23.1438962, 0.0 ], [ 77.5304503, 23.1443627, 0.0 ], [ 77.5304137, 23.1445315, 0.0 ], [ 77.5304144, 23.1446253, 0.0 ], [ 77.530403, 23.1455661, 0.0 ], [ 77.5304583, 23.1459438, 0.0 ], [ 77.53048, 23.1460255, 0.0 ], [ 77.5307843, 23.1467854, 0.0 ], [ 77.5308612, 23.1470019, 0.0 ], [ 77.5308722, 23.1470517, 0.0 ], [ 77.5308815, 23.1470957, 0.0 ], [ 77.5308828, 23.1471178, 0.0 ], [ 77.5308772, 23.1471411, 0.0 ], [ 77.5307234, 23.1473206, 0.0 ], [ 77.5306295, 23.1473908, 0.0 ], [ 77.530556, 23.147438, 0.0 ], [ 77.530415, 23.1474922, 0.0 ], [ 77.530387, 23.1474973, 0.0 ], [ 77.5303343, 23.1474979, 0.0 ], [ 77.53014, 23.1474712, 0.0 ], [ 77.5300773, 23.1474669, 0.0 ], [ 77.5300403, 23.1474684, 0.0 ], [ 77.5299303, 23.1474929, 0.0 ], [ 77.529888, 23.1475123, 0.0 ], [ 77.529862, 23.1475337, 0.0 ], [ 77.5298469, 23.1475557, 0.0 ], [ 77.5296614, 23.147849, 0.0 ], [ 77.5296592, 23.1478606, 0.0 ], [ 77.5296586, 23.1478766, 0.0 ], [ 77.5296904, 23.1481778, 0.0 ], [ 77.5296904, 23.1482408, 0.0 ], [ 77.529689, 23.1482644, 0.0 ], [ 77.5296808, 23.1482854, 0.0 ], [ 77.5295544, 23.1484281, 0.0 ], [ 77.5294963, 23.148464, 0.0 ], [ 77.5293239, 23.1485362, 0.0 ], [ 77.5291937, 23.1485861, 0.0 ], [ 77.5287335, 23.1486866, 0.0 ], [ 77.5282108, 23.148814, 0.0 ], [ 77.5276566, 23.1488806, 0.0 ], [ 77.5273744, 23.1494352, 0.0 ], [ 77.5273663, 23.1496167, 0.0 ], [ 77.5273588, 23.1496349, 0.0 ], [ 77.5273437, 23.149655, 0.0 ], [ 77.527211, 23.1497628, 0.0 ], [ 77.5268514, 23.1501145, 0.0 ], [ 77.5268219, 23.150142, 0.0 ], [ 77.5266069, 23.1503423, 0.0 ], [ 77.5265953, 23.1503498, 0.0 ], [ 77.526571, 23.1503624, 0.0 ], [ 77.5265512, 23.1503644, 0.0 ], [ 77.525643, 23.150403, 0.0 ], [ 77.5254331, 23.1503942, 0.0 ], [ 77.5254037, 23.1504042, 0.0 ], [ 77.5253832, 23.1504306, 0.0 ], [ 77.5251505, 23.1508065, 0.0 ], [ 77.5250931, 23.1509022, 0.0 ], [ 77.5250519, 23.1526649, 0.0 ], [ 77.5250486, 23.1526778, 0.0 ], [ 77.525039, 23.1526877, 0.0 ], [ 77.5245008, 23.1530635, 0.0 ], [ 77.5244779, 23.1530767, 0.0 ], [ 77.5244476, 23.1530774, 0.0 ], [ 77.5240126, 23.1529131, 0.0 ], [ 77.5239868, 23.1529055, 0.0 ], [ 77.5239571, 23.1529048, 0.0 ], [ 77.5238098, 23.1529254, 0.0 ], [ 77.5222139, 23.1532677, 0.0 ], [ 77.5218751, 23.1532683, 0.0 ], [ 77.5218475, 23.1532755, 0.0 ], [ 77.5218322, 23.1532916, 0.0 ], [ 77.5218304, 23.1533081, 0.0 ], [ 77.521844, 23.1533407, 0.0 ], [ 77.5219125, 23.1534385, 0.0 ], [ 77.5219197, 23.1534519, 0.0 ], [ 77.5219171, 23.1534678, 0.0 ], [ 77.521907, 23.1534843, 0.0 ], [ 77.5218838, 23.1535036, 0.0 ], [ 77.5218576, 23.1535068, 0.0 ], [ 77.5218204, 23.1535, 0.0 ], [ 77.5214385, 23.153272, 0.0 ], [ 77.5213906, 23.153259, 0.0 ], [ 77.521365, 23.1532781, 0.0 ], [ 77.5213467, 23.1533441, 0.0 ], [ 77.5213467, 23.1533871, 0.0 ], [ 77.5213926, 23.1538096, 0.0 ], [ 77.5214519, 23.1554772, 0.0 ], [ 77.521418, 23.1562228, 0.0 ], [ 77.5214568, 23.1586521, 0.0 ], [ 77.5204281, 23.1613216, 0.0 ] ] ] } },
{ "type": "Feature", "properties": { "objectid": 37, "townname": "Bhopal", "towncensuscode2011": 802312, "town_lgd_code": 250946, "ward_lgd_code": 34386, "ward_lgd_name": "Hatai Kheda Ward", "sourcewardcode": 62, "state": "Madhya Pradesh" }, "geometry": { "type": "Polygon", "coordinates": [ [ [ 77.508018, 23.2780744, 0.0 ], [ 77.5080971, 23.2782736, 0.0 ], [ 77.5078596, 23.2783955, 0.0 ], [ 77.5073167, 23.2786574, 0.0 ], [ 77.5068914, 23.2788353, 0.0 ], [ 77.5064867, 23.278994, 0.0 ], [ 77.5059965, 23.2791468, 0.0 ], [ 77.5058489, 23.2791385, 0.0 ], [ 77.5043568, 23.2786855, 0.0 ], [ 77.5041688, 23.2786408, 0.0 ], [ 77.503895, 23.2785626, 0.0 ], [ 77.5038389, 23.2785477, 0.0 ], [ 77.5038268, 23.2785438, 0.0 ], [ 77.5038133, 23.2785387, 0.0 ], [ 77.5030884, 23.2780699, 0.0 ], [ 77.502717, 23.2780122, 0.0 ], [ 77.502536, 23.2779363, 0.0 ], [ 77.5024914, 23.2779834, 0.0 ], [ 77.5024876, 23.2779873, 0.0 ], [ 77.5023677, 23.278114, 0.0 ], [ 77.5022419, 23.2780807, 0.0 ], [ 77.5018657, 23.2779288, 0.0 ], [ 77.501307, 23.2776456, 0.0 ], [ 77.5008983, 23.2776556, 0.0 ], [ 77.5008919, 23.2774407, 0.0 ], [ 77.5000656, 23.2775589, 0.0 ], [ 77.4998303, 23.2770249, 0.0 ], [ 77.4996552, 23.2766674, 0.0 ], [ 77.4995857, 23.2764077, 0.0 ], [ 77.4995913, 23.276119, 0.0 ], [ 77.5000335, 23.2761461, 0.0 ], [ 77.5000803, 23.276134, 0.0 ], [ 77.5001172, 23.2761147, 0.0 ], [ 77.5002141, 23.2760207, 0.0 ], [ 77.5002291, 23.2760011, 0.0 ], [ 77.5002323, 23.2759781, 0.0 ], [ 77.5002368, 23.2759117, 0.0 ], [ 77.5002418, 23.2758874, 0.0 ], [ 77.5002505, 23.2758682, 0.0 ], [ 77.5002655, 23.2758394, 0.0 ], [ 77.500372, 23.2756752, 0.0 ], [ 77.5009983, 23.2750229, 0.0 ], [ 77.5005333, 23.2745305, 0.0 ], [ 77.5003035, 23.2742499, 0.0 ], [ 77.5002255, 23.2741155, 0.0 ], [ 77.5001991, 23.2740338, 0.0 ], [ 77.5001949, 23.2739398, 0.0 ], [ 77.5002111, 23.2738513, 0.0 ], [ 77.5002231, 23.2738009, 0.0 ], [ 77.5002885, 23.273646, 0.0 ], [ 77.5015787, 23.2707785, 0.0 ], [ 77.5017542, 23.2703671, 0.0 ], [ 77.5018061, 23.2701386, 0.0 ], [ 77.5018182, 23.2700491, 0.0 ], [ 77.5017782, 23.269666, 0.0 ], [ 77.5017408, 23.2694928, 0.0 ], [ 77.5016218, 23.2691878, 0.0 ], [ 77.5015344, 23.2690337, 0.0 ], [ 77.5013361, 23.2687718, 0.0 ], [ 77.5010305, 23.2684049, 0.0 ], [ 77.5007744, 23.2680524, 0.0 ], [ 77.5007379, 23.2679733, 0.0 ], [ 77.5006352, 23.2675095, 0.0 ], [ 77.5005794, 23.2669307, 0.0 ], [ 77.5005599, 23.2660253, 0.0 ], [ 77.5005309, 23.2656746, 0.0 ], [ 77.5004558, 23.2655134, 0.0 ], [ 77.4993821, 23.2642661, 0.0 ], [ 77.4974115, 23.2620307, 0.0 ], [ 77.4965752, 23.2610542, 0.0 ], [ 77.4947835, 23.2590764, 0.0 ], [ 77.4946292, 23.2588844, 0.0 ], [ 77.494483, 23.258644, 0.0 ], [ 77.4937853, 23.2573952, 0.0 ], [ 77.4937185, 23.2572786, 0.0 ], [ 77.4933925, 23.256738, 0.0 ], [ 77.4932816, 23.2565801, 0.0 ], [ 77.4932325, 23.2565422, 0.0 ], [ 77.4930982, 23.2564586, 0.0 ], [ 77.4916047, 23.2555491, 0.0 ], [ 77.4903957, 23.2547576, 0.0 ], [ 77.4902035, 23.2546357, 0.0 ], [ 77.4896394, 23.2543245, 0.0 ], [ 77.4895449, 23.2542757, 0.0 ], [ 77.4894332, 23.2542273, 0.0 ], [ 77.4893832, 23.254216, 0.0 ], [ 77.4891877, 23.2542224, 0.0 ], [ 77.488457, 23.2542515, 0.0 ], [ 77.4884179, 23.2542524, 0.0 ], [ 77.4883743, 23.2542461, 0.0 ], [ 77.4882583, 23.2542106, 0.0 ], [ 77.4880117, 23.2540859, 0.0 ], [ 77.4878691, 23.253995, 0.0 ], [ 77.4872539, 23.2535488, 0.0 ], [ 77.4867779, 23.2531855, 0.0 ], [ 77.4863092, 23.2527484, 0.0 ], [ 77.4860351, 23.2524934, 0.0 ], [ 77.4855089, 23.252008, 0.0 ], [ 77.4847665, 23.2518939, 0.0 ], [ 77.4849329, 23.2509077, 0.0 ], [ 77.4851307, 23.2500021, 0.0 ], [ 77.4851904, 23.2497254, 0.0 ], [ 77.4851323, 23.2490132, 0.0 ], [ 77.4851361, 23.2488496, 0.0 ], [ 77.485364, 23.2485728, 0.0 ], [ 77.485859, 23.2481389, 0.0 ], [ 77.4860308, 23.2480129, 0.0 ], [ 77.486298, 23.2478567, 0.0 ], [ 77.4868482, 23.2476527, 0.0 ], [ 77.4868899, 23.2476873, 0.0 ], [ 77.486967, 23.2477351, 0.0 ], [ 77.486997, 23.247748, 0.0 ], [ 77.4870921, 23.2477783, 0.0 ], [ 77.4872069, 23.2478076, 0.0 ], [ 77.4873221, 23.2478278, 0.0 ], [ 77.487332, 23.2478272, 0.0 ], [ 77.4873576, 23.2478187, 0.0 ], [ 77.4873761, 23.2478089, 0.0 ], [ 77.487401, 23.2477952, 0.0 ], [ 77.4876483, 23.2476757, 0.0 ], [ 77.4876717, 23.2476665, 0.0 ], [ 77.4877378, 23.2476541, 0.0 ], [ 77.4881348, 23.2476262, 0.0 ], [ 77.4881558, 23.2476248, 0.0 ], [ 77.488187, 23.2476084, 0.0 ], [ 77.4881977, 23.247596, 0.0 ], [ 77.4882098, 23.2475777, 0.0 ], [ 77.4882318, 23.2475294, 0.0 ], [ 77.4882396, 23.2475118, 0.0 ], [ 77.4882489, 23.2474948, 0.0 ], [ 77.4882595, 23.2474791, 0.0 ], [ 77.4882773, 23.2474628, 0.0 ], [ 77.4883114, 23.2474439, 0.0 ], [ 77.488355, 23.2474253, 0.0 ], [ 77.4884187, 23.2473982, 0.0 ], [ 77.4884493, 23.2473857, 0.0 ], [ 77.4884727, 23.2473766, 0.0 ], [ 77.4885047, 23.2473701, 0.0 ], [ 77.4891938, 23.2473414, 0.0 ], [ 77.4893732, 23.2473192, 0.0 ], [ 77.4895765, 23.2472839, 0.0 ], [ 77.4897577, 23.2472419, 0.0 ], [ 77.4899117, 23.2471764, 0.0 ], [ 77.4901746, 23.2470345, 0.0 ], [ 77.4904125, 23.2468818, 0.0 ], [ 77.4904407, 23.2468663, 0.0 ], [ 77.4904567, 23.2468605, 0.0 ], [ 77.4904785, 23.2468584, 0.0 ], [ 77.4904855, 23.2468577, 0.0 ], [ 77.4906045, 23.2468537, 0.0 ], [ 77.4911515, 23.2468541, 0.0 ], [ 77.4912716, 23.2468501, 0.0 ], [ 77.4914546, 23.2468185, 0.0 ], [ 77.4917211, 23.2467552, 0.0 ], [ 77.4918344, 23.2467246, 0.0 ], [ 77.4918944, 23.2467124, 0.0 ], [ 77.4920565, 23.2467001, 0.0 ], [ 77.4925112, 23.2467393, 0.0 ], [ 77.4928067, 23.2467948, 0.0 ], [ 77.4930808, 23.2468778, 0.0 ], [ 77.4932092, 23.246916, 0.0 ], [ 77.4932613, 23.2469224, 0.0 ], [ 77.4933359, 23.2469304, 0.0 ], [ 77.49344, 23.246924, 0.0 ], [ 77.4935337, 23.2469128, 0.0 ], [ 77.4936101, 23.2468937, 0.0 ], [ 77.4937055, 23.2468618, 0.0 ], [ 77.4940372, 23.24671, 0.0 ], [ 77.4941389, 23.2466634, 0.0 ], [ 77.4946186, 23.2463894, 0.0 ], [ 77.4946748, 23.2463573, 0.0 ], [ 77.4947023, 23.2463416, 0.0 ], [ 77.4947244, 23.2463324, 0.0 ], [ 77.4947478, 23.2463265, 0.0 ], [ 77.4947698, 23.2463246, 0.0 ], [ 77.4947947, 23.2463239, 0.0 ], [ 77.4948288, 23.2463265, 0.0 ], [ 77.494933, 23.2463367, 0.0 ], [ 77.4950863, 23.2463516, 0.0 ], [ 77.4953622, 23.2463785, 0.0 ], [ 77.4953929, 23.2463815, 0.0 ], [ 77.4954184, 23.2463803, 0.0 ], [ 77.495432, 23.2463769, 0.0 ], [ 77.4954384, 23.2463744, 0.0 ], [ 77.4954625, 23.2463623, 0.0 ], [ 77.4955379, 23.2463042, 0.0 ], [ 77.4957179, 23.2461267, 0.0 ], [ 77.4957746, 23.2460563, 0.0 ], [ 77.4958156, 23.245993, 0.0 ], [ 77.495839, 23.2459624, 0.0 ], [ 77.4958501, 23.2459451, 0.0 ], [ 77.4959023, 23.2458726, 0.0 ], [ 77.4959378, 23.2458502, 0.0 ], [ 77.4959589, 23.2458359, 0.0 ], [ 77.4966205, 23.2455981, 0.0 ], [ 77.4967335, 23.2455515, 0.0 ], [ 77.4970267, 23.2453998, 0.0 ], [ 77.4971065, 23.24536, 0.0 ], [ 77.4971395, 23.2453504, 0.0 ], [ 77.4972019, 23.2453504, 0.0 ], [ 77.4972401, 23.2453584, 0.0 ], [ 77.4973182, 23.2453871, 0.0 ], [ 77.4975585, 23.2454411, 0.0 ], [ 77.4975787, 23.2454456, 0.0 ], [ 77.4975943, 23.2454482, 0.0 ], [ 77.497605, 23.2454482, 0.0 ], [ 77.4976391, 23.2454397, 0.0 ], [ 77.497676, 23.2454169, 0.0 ], [ 77.4978524, 23.2453224, 0.0 ], [ 77.4978565, 23.2453214, 0.0 ], [ 77.4978737, 23.245317, 0.0 ], [ 77.4978847, 23.2453184, 0.0 ], [ 77.497892, 23.2453243, 0.0 ], [ 77.497899, 23.2453352, 0.0 ], [ 77.4980307, 23.2454955, 0.0 ], [ 77.4980407, 23.2455076, 0.0 ], [ 77.4980571, 23.2455143, 0.0 ], [ 77.498068, 23.2455143, 0.0 ], [ 77.4980766, 23.2455126, 0.0 ], [ 77.498231, 23.2454679, 0.0 ], [ 77.4982418, 23.2454648, 0.0 ], [ 77.498288, 23.2454515, 0.0 ], [ 77.4983619, 23.2454084, 0.0 ], [ 77.4984116, 23.2453744, 0.0 ], [ 77.4984429, 23.2453568, 0.0 ], [ 77.4984593, 23.2453476, 0.0 ], [ 77.4985126, 23.2453398, 0.0 ], [ 77.4985581, 23.245347, 0.0 ], [ 77.498578, 23.2453555, 0.0 ], [ 77.4988294, 23.2454694, 0.0 ], [ 77.498892, 23.2455018, 0.0 ], [ 77.4990854, 23.2455931, 0.0 ], [ 77.4991372, 23.2456175, 0.0 ], [ 77.4991839, 23.2456298, 0.0 ], [ 77.4992127, 23.2456369, 0.0 ], [ 77.4992394, 23.245642, 0.0 ], [ 77.4992694, 23.245642, 0.0 ], [ 77.499336, 23.2456308, 0.0 ], [ 77.5000181, 23.2453552, 0.0 ], [ 77.5000754, 23.2453201, 0.0 ], [ 77.5000893, 23.245301, 0.0 ], [ 77.5001136, 23.2452675, 0.0 ], [ 77.5002114, 23.2449891, 0.0 ], [ 77.5002221, 23.2449621, 0.0 ], [ 77.5002605, 23.244893, 0.0 ], [ 77.5002646, 23.2448856, 0.0 ], [ 77.5002719, 23.24488, 0.0 ], [ 77.5002754, 23.2448765, 0.0 ], [ 77.5002806, 23.2448722, 0.0 ], [ 77.5002873, 23.2448685, 0.0 ], [ 77.5002975, 23.2448647, 0.0 ], [ 77.5003051, 23.2448631, 0.0 ], [ 77.5003959, 23.2448583, 0.0 ], [ 77.5005256, 23.2448558, 0.0 ], [ 77.5005761, 23.2448548, 0.0 ], [ 77.5006113, 23.2448479, 0.0 ], [ 77.5006204, 23.2448431, 0.0 ], [ 77.500637, 23.244835, 0.0 ], [ 77.500708, 23.2447762, 0.0 ], [ 77.5007386, 23.244739, 0.0 ], [ 77.500802, 23.2446527, 0.0 ], [ 77.5008317, 23.2446123, 0.0 ], [ 77.5008644, 23.2445868, 0.0 ], [ 77.5008857, 23.2445738, 0.0 ], [ 77.5008971, 23.2445679, 0.0 ], [ 77.5009184, 23.2445614, 0.0 ], [ 77.5009347, 23.2445607, 0.0 ], [ 77.5009696, 23.2445607, 0.0 ], [ 77.5009973, 23.244564, 0.0 ], [ 77.5010321, 23.2445744, 0.0 ], [ 77.501121, 23.2446554, 0.0 ], [ 77.5012349, 23.2448212, 0.0 ], [ 77.5012384, 23.2448262, 0.0 ], [ 77.5012445, 23.2448326, 0.0 ], [ 77.5012509, 23.2448366, 0.0 ], [ 77.5012728, 23.2448409, 0.0 ], [ 77.5012943, 23.2448358, 0.0 ], [ 77.5013011, 23.2448306, 0.0 ], [ 77.5013465, 23.2447962, 0.0 ], [ 77.5013576, 23.2447881, 0.0 ], [ 77.5013682, 23.2447828, 0.0 ], [ 77.5013744, 23.2447799, 0.0 ], [ 77.5013838, 23.2447789, 0.0 ], [ 77.5013877, 23.244779, 0.0 ], [ 77.5014064, 23.2447794, 0.0 ], [ 77.5014212, 23.2447823, 0.0 ], [ 77.5014452, 23.2447894, 0.0 ], [ 77.5016982, 23.2449063, 0.0 ], [ 77.5018275, 23.2449603, 0.0 ], [ 77.5018409, 23.244965, 0.0 ], [ 77.501854, 23.2449681, 0.0 ], [ 77.5018688, 23.24497, 0.0 ], [ 77.5018954, 23.2449712, 0.0 ], [ 77.5019136, 23.2449688, 0.0 ], [ 77.5019358, 23.2449622, 0.0 ], [ 77.5021002, 23.2448841, 0.0 ], [ 77.502209, 23.2448091, 0.0 ], [ 77.5022679, 23.244775, 0.0 ], [ 77.5024753, 23.244655, 0.0 ], [ 77.5026721, 23.2445683, 0.0 ], [ 77.5028396, 23.2444944, 0.0 ], [ 77.5028824, 23.2444791, 0.0 ], [ 77.502974, 23.2444652, 0.0 ], [ 77.5030047, 23.2444671, 0.0 ], [ 77.5033295, 23.244501, 0.0 ], [ 77.5033929, 23.2445116, 0.0 ], [ 77.5034143, 23.2445218, 0.0 ], [ 77.5034625, 23.2445449, 0.0 ], [ 77.5034755, 23.2445561, 0.0 ], [ 77.5034844, 23.2445699, 0.0 ], [ 77.5034912, 23.2445862, 0.0 ], [ 77.5035284, 23.2446665, 0.0 ], [ 77.5035324, 23.2446751, 0.0 ], [ 77.5035336, 23.244681, 0.0 ], [ 77.5035338, 23.2446895, 0.0 ], [ 77.5035235, 23.2447154, 0.0 ], [ 77.5035171, 23.2447257, 0.0 ], [ 77.5034925, 23.2447598, 0.0 ], [ 77.5034359, 23.2448383, 0.0 ], [ 77.503425, 23.2448608, 0.0 ], [ 77.5034209, 23.2448872, 0.0 ], [ 77.5034229, 23.2449066, 0.0 ], [ 77.5034325, 23.2449273, 0.0 ], [ 77.5034571, 23.2449542, 0.0 ], [ 77.5034912, 23.2449799, 0.0 ], [ 77.5035806, 23.2450082, 0.0 ], [ 77.5036351, 23.2450188, 0.0 ], [ 77.5036672, 23.2450207, 0.0 ], [ 77.5036822, 23.2450188, 0.0 ], [ 77.5037136, 23.2450075, 0.0 ], [ 77.5044945, 23.2445741, 0.0 ], [ 77.5046504, 23.2444881, 0.0 ], [ 77.504939, 23.2443289, 0.0 ], [ 77.5050168, 23.244274, 0.0 ], [ 77.5050616, 23.2442466, 0.0 ], [ 77.5051043, 23.2442172, 0.0 ], [ 77.5051544, 23.2441633, 0.0 ], [ 77.5051693, 23.244134, 0.0 ], [ 77.5051778, 23.2440634, 0.0 ], [ 77.5051629, 23.2440012, 0.0 ], [ 77.5051224, 23.2438322, 0.0 ], [ 77.5050696, 23.2433268, 0.0 ], [ 77.5050696, 23.2432319, 0.0 ], [ 77.5050746, 23.243186, 0.0 ], [ 77.5050763, 23.2431615, 0.0 ], [ 77.5050908, 23.2431028, 0.0 ], [ 77.505101, 23.2430614, 0.0 ], [ 77.5053821, 23.2422813, 0.0 ], [ 77.5054411, 23.2421176, 0.0 ], [ 77.5054794, 23.2420457, 0.0 ], [ 77.5055127, 23.2419998, 0.0 ], [ 77.5055727, 23.2419339, 0.0 ], [ 77.5058481, 23.2416545, 0.0 ], [ 77.5060232, 23.2414274, 0.0 ], [ 77.5060478, 23.2413931, 0.0 ], [ 77.5060648, 23.2413608, 0.0 ], [ 77.5061385, 23.2410742, 0.0 ], [ 77.5061419, 23.2410547, 0.0 ], [ 77.5061433, 23.2410397, 0.0 ], [ 77.5061381, 23.2409722, 0.0 ], [ 77.5059902, 23.240336, 0.0 ], [ 77.5060403, 23.2397397, 0.0 ], [ 77.5063012, 23.2389005, 0.0 ], [ 77.5063683, 23.2382048, 0.0 ], [ 77.5065458, 23.237554, 0.0 ], [ 77.5066168, 23.2373588, 0.0 ], [ 77.5066953, 23.237216, 0.0 ], [ 77.5067471, 23.2371733, 0.0 ], [ 77.5067976, 23.2371395, 0.0 ], [ 77.5068099, 23.2371294, 0.0 ], [ 77.5068222, 23.2371213, 0.0 ], [ 77.5068372, 23.2371131, 0.0 ], [ 77.5068522, 23.2371069, 0.0 ], [ 77.5068659, 23.2371044, 0.0 ], [ 77.5068843, 23.237105, 0.0 ], [ 77.5069109, 23.2371075, 0.0 ], [ 77.5074177, 23.2371426, 0.0 ], [ 77.5075115, 23.2371592, 0.0 ], [ 77.5076608, 23.237218, 0.0 ], [ 77.5077631, 23.2372739, 0.0 ], [ 77.5079657, 23.2374316, 0.0 ], [ 77.5080371, 23.2374874, 0.0 ], [ 77.5081192, 23.2375286, 0.0 ], [ 77.5082056, 23.237554, 0.0 ], [ 77.5082855, 23.2375707, 0.0 ], [ 77.508454, 23.2375873, 0.0 ], [ 77.5087951, 23.237602, 0.0 ], [ 77.509035, 23.2375971, 0.0 ], [ 77.5093378, 23.2375883, 0.0 ], [ 77.5099753, 23.2376187, 0.0 ], [ 77.5100851, 23.2376265, 0.0 ], [ 77.5103612, 23.2376295, 0.0 ], [ 77.5103593, 23.237606, 0.0 ], [ 77.5103478, 23.2374659, 0.0 ], [ 77.5103427, 23.2374205, 0.0 ], [ 77.5103322, 23.2373552, 0.0 ], [ 77.5103071, 23.2372922, 0.0 ], [ 77.5102891, 23.2372624, 0.0 ], [ 77.5102655, 23.2372341, 0.0 ], [ 77.5102016, 23.2371738, 0.0 ], [ 77.5101159, 23.2371042, 0.0 ], [ 77.5099073, 23.2368854, 0.0 ], [ 77.5095814, 23.2365033, 0.0 ], [ 77.5094611, 23.2363754, 0.0 ], [ 77.5094511, 23.236361, 0.0 ], [ 77.5094358, 23.2363248, 0.0 ], [ 77.5094318, 23.2362941, 0.0 ], [ 77.5094157, 23.2361708, 0.0 ], [ 77.5094127, 23.2361471, 0.0 ], [ 77.509277, 23.2358279, 0.0 ], [ 77.5092442, 23.2357562, 0.0 ], [ 77.5092084, 23.2357049, 0.0 ], [ 77.5091756, 23.2356661, 0.0 ], [ 77.5091547, 23.2356416, 0.0 ], [ 77.5091064, 23.2355936, 0.0 ], [ 77.5089807, 23.2354862, 0.0 ], [ 77.5088598, 23.235414, 0.0 ], [ 77.5089088, 23.2353782, 0.0 ], [ 77.5092341, 23.2350296, 0.0 ], [ 77.5099192, 23.2343607, 0.0 ], [ 77.5100861, 23.2342118, 0.0 ], [ 77.5102113, 23.234056, 0.0 ], [ 77.5103965, 23.233773, 0.0 ], [ 77.5105973, 23.2334318, 0.0 ], [ 77.5106706, 23.2332789, 0.0 ], [ 77.5108164, 23.2328994, 0.0 ], [ 77.5108721, 23.2327303, 0.0 ], [ 77.5112654, 23.2317667, 0.0 ], [ 77.5114412, 23.2313358, 0.0 ], [ 77.5114598, 23.231307, 0.0 ], [ 77.5114941, 23.2312728, 0.0 ], [ 77.5115369, 23.2312413, 0.0 ], [ 77.5122716, 23.2306828, 0.0 ], [ 77.5129561, 23.2302604, 0.0 ], [ 77.5133426, 23.2299935, 0.0 ], [ 77.5135064, 23.2298804, 0.0 ], [ 77.513692, 23.229715, 0.0 ], [ 77.5137748, 23.2296166, 0.0 ], [ 77.5138034, 23.2295759, 0.0 ], [ 77.5138265, 23.2295345, 0.0 ], [ 77.5138826, 23.2294339, 0.0 ], [ 77.5142277, 23.2287535, 0.0 ], [ 77.5142753, 23.2286848, 0.0 ], [ 77.514376, 23.2285947, 0.0 ], [ 77.5145734, 23.2284348, 0.0 ], [ 77.5150766, 23.2280606, 0.0 ], [ 77.5152322, 23.2279581, 0.0 ], [ 77.515483, 23.2278364, 0.0 ], [ 77.5170853, 23.2272043, 0.0 ], [ 77.5174244, 23.2269683, 0.0 ], [ 77.5178537, 23.2264698, 0.0 ], [ 77.518615, 23.226004, 0.0 ], [ 77.5195298, 23.2255536, 0.0 ], [ 77.5206405, 23.2252987, 0.0 ], [ 77.5213867, 23.2250159, 0.0 ], [ 77.5217762, 23.2250573, 0.0 ], [ 77.5224127, 23.2250404, 0.0 ], [ 77.5229201, 23.2249709, 0.0 ], [ 77.5231221, 23.2249956, 0.0 ], [ 77.5230639, 23.2252844, 0.0 ], [ 77.5229581, 23.2257458, 0.0 ], [ 77.5229404, 23.2257995, 0.0 ], [ 77.5229333, 23.2258288, 0.0 ], [ 77.5229333, 23.2258613, 0.0 ], [ 77.5229404, 23.225889, 0.0 ], [ 77.52317, 23.2261198, 0.0 ], [ 77.523193, 23.2261446, 0.0 ], [ 77.5234025, 23.2264113, 0.0 ], [ 77.5235707, 23.2266879, 0.0 ], [ 77.5236832, 23.2268911, 0.0 ], [ 77.5238503, 23.2271931, 0.0 ], [ 77.5239112, 23.2273049, 0.0 ], [ 77.5239555, 23.2274041, 0.0 ], [ 77.5239748, 23.2275083, 0.0 ], [ 77.5239804, 23.2275617, 0.0 ], [ 77.5238865, 23.2282985, 0.0 ], [ 77.5238778, 23.2283665, 0.0 ], [ 77.5238778, 23.2284071, 0.0 ], [ 77.5238846, 23.2284425, 0.0 ], [ 77.5238902, 23.2284602, 0.0 ], [ 77.5240183, 23.2287282, 0.0 ], [ 77.5241188, 23.2289385, 0.0 ], [ 77.5245918, 23.2298747, 0.0 ], [ 77.5249376, 23.2303646, 0.0 ], [ 77.5255571, 23.2309074, 0.0 ], [ 77.5273437, 23.2320195, 0.0 ], [ 77.5269088, 23.2338239, 0.0 ], [ 77.5268728, 23.2340656, 0.0 ], [ 77.5268268, 23.2343741, 0.0 ], [ 77.5268339, 23.2344408, 0.0 ], [ 77.5268428, 23.2344684, 0.0 ], [ 77.5268534, 23.2344912, 0.0 ], [ 77.5268782, 23.2345254, 0.0 ], [ 77.526903, 23.234553, 0.0 ], [ 77.5276594, 23.2351319, 0.0 ], [ 77.5277037, 23.2351712, 0.0 ], [ 77.5277406, 23.2352099, 0.0 ], [ 77.5278111, 23.2352839, 0.0 ], [ 77.5278394, 23.2353203, 0.0 ], [ 77.5278791, 23.2353641, 0.0 ], [ 77.5278893, 23.2353818, 0.0 ], [ 77.5278995, 23.235412, 0.0 ], [ 77.527904, 23.2354411, 0.0 ], [ 77.5279056, 23.2354807, 0.0 ], [ 77.52792, 23.2358281, 0.0 ], [ 77.5279247, 23.2359434, 0.0 ], [ 77.5280009, 23.2363697, 0.0 ], [ 77.5280238, 23.2364973, 0.0 ], [ 77.5280432, 23.2365461, 0.0 ], [ 77.5280574, 23.2365738, 0.0 ], [ 77.528084, 23.2366112, 0.0 ], [ 77.5281183, 23.2366454, 0.0 ], [ 77.5282791, 23.2368055, 0.0 ], [ 77.5283954, 23.236918, 0.0 ], [ 77.5286547, 23.2371563, 0.0 ], [ 77.5288346, 23.2374042, 0.0 ], [ 77.5291372, 23.2377993, 0.0 ], [ 77.5292285, 23.2378908, 0.0 ], [ 77.529342, 23.2379594, 0.0 ], [ 77.5294056, 23.2379721, 0.0 ], [ 77.529472, 23.2379721, 0.0 ], [ 77.5295578, 23.2379493, 0.0 ], [ 77.5296242, 23.2379365, 0.0 ], [ 77.5296795, 23.2379289, 0.0 ], [ 77.5297929, 23.2379238, 0.0 ], [ 77.5298427, 23.2379391, 0.0 ], [ 77.5298897, 23.2379645, 0.0 ], [ 77.529934, 23.2380077, 0.0 ], [ 77.5299727, 23.2380891, 0.0 ], [ 77.5299893, 23.2381704, 0.0 ], [ 77.5299893, 23.2382111, 0.0 ], [ 77.5299755, 23.2382619, 0.0 ], [ 77.5299561, 23.2382899, 0.0 ], [ 77.529898, 23.2383153, 0.0 ], [ 77.5291013, 23.2383153, 0.0 ], [ 77.5289959, 23.2383152, 0.0 ], [ 77.5286081, 23.2383146, 0.0 ], [ 77.5285408, 23.2383244, 0.0 ], [ 77.5284806, 23.238339, 0.0 ], [ 77.5284151, 23.2383602, 0.0 ], [ 77.5283637, 23.2383829, 0.0 ], [ 77.5283017, 23.238422, 0.0 ], [ 77.5282557, 23.238461, 0.0 ], [ 77.5282309, 23.2384952, 0.0 ], [ 77.5282026, 23.2385652, 0.0 ], [ 77.5281973, 23.238666, 0.0 ], [ 77.5281955, 23.2386904, 0.0 ], [ 77.5281849, 23.2387327, 0.0 ], [ 77.5281672, 23.238762, 0.0 ], [ 77.5281477, 23.2387848, 0.0 ], [ 77.5280804, 23.2388173, 0.0 ], [ 77.5279529, 23.2388222, 0.0 ], [ 77.5277599, 23.2388141, 0.0 ], [ 77.5276803, 23.2388141, 0.0 ], [ 77.5275457, 23.2388238, 0.0 ], [ 77.5274837, 23.2388417, 0.0 ], [ 77.5273049, 23.238941, 0.0 ], [ 77.5271756, 23.2390419, 0.0 ], [ 77.5270623, 23.2391525, 0.0 ], [ 77.5270464, 23.2391785, 0.0 ], [ 77.5270393, 23.2392143, 0.0 ], [ 77.5270393, 23.2392517, 0.0 ], [ 77.5270482, 23.2393022, 0.0 ], [ 77.5271467, 23.2394606, 0.0 ], [ 77.527204, 23.2395527, 0.0 ], [ 77.5272234, 23.2395934, 0.0 ], [ 77.52725, 23.2396682, 0.0 ], [ 77.5272535, 23.2397138, 0.0 ], [ 77.5272411, 23.2397642, 0.0 ], [ 77.527211, 23.2398309, 0.0 ], [ 77.527165, 23.2398862, 0.0 ], [ 77.5271119, 23.2399432, 0.0 ], [ 77.5270054, 23.2400234, 0.0 ], [ 77.5265354, 23.2403773, 0.0 ], [ 77.5262722, 23.2405283, 0.0 ], [ 77.5261327, 23.2406083, 0.0 ], [ 77.5256403, 23.2408498, 0.0 ], [ 77.5252474, 23.2410201, 0.0 ], [ 77.5247356, 23.2411726, 0.0 ], [ 77.5244673, 23.2412464, 0.0 ], [ 77.5243428, 23.2412947, 0.0 ], [ 77.5241696, 23.241374, 0.0 ], [ 77.5240829, 23.2414137, 0.0 ], [ 77.523999, 23.241472, 0.0 ], [ 77.5239446, 23.2415189, 0.0 ], [ 77.5237373, 23.2417292, 0.0 ], [ 77.5236953, 23.2417636, 0.0 ], [ 77.5232809, 23.2420074, 0.0 ], [ 77.5231593, 23.2420582, 0.0 ], [ 77.5231095, 23.2420666, 0.0 ], [ 77.5230483, 23.2420749, 0.0 ], [ 77.5228806, 23.2420864, 0.0 ], [ 77.5227028, 23.2420826, 0.0 ], [ 77.5226358, 23.2420812, 0.0 ], [ 77.5225826, 23.2420822, 0.0 ], [ 77.5224987, 23.2420645, 0.0 ], [ 77.5221277, 23.2419427, 0.0 ], [ 77.5220084, 23.2419036, 0.0 ], [ 77.5219837, 23.2419016, 0.0 ], [ 77.521962, 23.2419009, 0.0 ], [ 77.5219264, 23.2419056, 0.0 ], [ 77.5216372, 23.2420045, 0.0 ], [ 77.5216053, 23.242037, 0.0 ], [ 77.5215912, 23.2420793, 0.0 ], [ 77.5215965, 23.2421477, 0.0 ], [ 77.5216248, 23.2422225, 0.0 ], [ 77.5216637, 23.2422941, 0.0 ], [ 77.521685, 23.242351, 0.0 ], [ 77.5217151, 23.2424649, 0.0 ], [ 77.5216407, 23.2431661, 0.0 ], [ 77.5216314, 23.2435641, 0.0 ], [ 77.5216065, 23.2439223, 0.0 ], [ 77.5210743, 23.2443085, 0.0 ], [ 77.5209742, 23.2443685, 0.0 ], [ 77.5208792, 23.2444125, 0.0 ], [ 77.5206616, 23.2445244, 0.0 ], [ 77.5205066, 23.2446248, 0.0 ], [ 77.5204581, 23.2450716, 0.0 ], [ 77.5204226, 23.2453998, 0.0 ], [ 77.5203429, 23.2454161, 0.0 ], [ 77.520287, 23.2454335, 0.0 ], [ 77.5202331, 23.2454502, 0.0 ], [ 77.5201764, 23.245486, 0.0 ], [ 77.5201109, 23.2455511, 0.0 ], [ 77.5200631, 23.2456178, 0.0 ], [ 77.5199834, 23.2457659, 0.0 ], [ 77.5198878, 23.2459887, 0.0 ], [ 77.5197002, 23.246511, 0.0 ], [ 77.5195293, 23.2470288, 0.0 ], [ 77.519175, 23.248202, 0.0 ], [ 77.5191353, 23.2484339, 0.0 ], [ 77.519153, 23.2485266, 0.0 ], [ 77.5191796, 23.248595, 0.0 ], [ 77.5191973, 23.248634, 0.0 ], [ 77.5192132, 23.2486779, 0.0 ], [ 77.5192309, 23.2487332, 0.0 ], [ 77.5192433, 23.2487788, 0.0 ], [ 77.519254, 23.2488715, 0.0 ], [ 77.5192504, 23.2489073, 0.0 ], [ 77.5192345, 23.248987, 0.0 ], [ 77.5192185, 23.2490277, 0.0 ], [ 77.5191955, 23.2490993, 0.0 ], [ 77.5191778, 23.2491676, 0.0 ], [ 77.5191707, 23.2492408, 0.0 ], [ 77.519114, 23.2502983, 0.0 ], [ 77.5190835, 23.2512337, 0.0 ], [ 77.5190752, 23.2513227, 0.0 ], [ 77.5190642, 23.2513812, 0.0 ], [ 77.5190171, 23.2515006, 0.0 ], [ 77.5189673, 23.2515947, 0.0 ], [ 77.5185634, 23.2520291, 0.0 ], [ 77.5184891, 23.2521463, 0.0 ], [ 77.5183722, 23.2524781, 0.0 ], [ 77.5183651, 23.2525513, 0.0 ], [ 77.518358, 23.2526197, 0.0 ], [ 77.518312, 23.2529027, 0.0 ], [ 77.5183138, 23.2529515, 0.0 ], [ 77.5183173, 23.2529906, 0.0 ], [ 77.5183315, 23.2530394, 0.0 ], [ 77.5183456, 23.2530833, 0.0 ], [ 77.5184129, 23.2532102, 0.0 ], [ 77.518744, 23.2537308, 0.0 ], [ 77.5191336, 23.2542144, 0.0 ], [ 77.5191815, 23.2542738, 0.0 ], [ 77.5193088, 23.2544661, 0.0 ], [ 77.5194045, 23.2546255, 0.0 ], [ 77.5194381, 23.2546987, 0.0 ], [ 77.519562, 23.2550631, 0.0 ], [ 77.5196364, 23.2552762, 0.0 ], [ 77.5196789, 23.2554161, 0.0 ], [ 77.519709, 23.2555462, 0.0 ], [ 77.5197214, 23.2556032, 0.0 ], [ 77.5197391, 23.2557008, 0.0 ], [ 77.5197364, 23.2560756, 0.0 ], [ 77.5196701, 23.2568252, 0.0 ], [ 77.5196602, 23.2568761, 0.0 ], [ 77.5196092, 23.2572578, 0.0 ], [ 77.5195926, 23.2573646, 0.0 ], [ 77.5195649, 23.257451, 0.0 ], [ 77.5195013, 23.2575578, 0.0 ], [ 77.5194128, 23.2576442, 0.0 ], [ 77.5188504, 23.257903, 0.0 ], [ 77.5184604, 23.2581302, 0.0 ], [ 77.5183659, 23.2582386, 0.0 ], [ 77.5183246, 23.2583687, 0.0 ], [ 77.5182955, 23.2584958, 0.0 ], [ 77.5183144, 23.2589049, 0.0 ], [ 77.5183172, 23.2590269, 0.0 ], [ 77.5182978, 23.2590981, 0.0 ], [ 77.5182785, 23.2591514, 0.0 ], [ 77.5182425, 23.2592074, 0.0 ], [ 77.5181955, 23.2592633, 0.0 ], [ 77.5181374, 23.2593217, 0.0 ], [ 77.5180737, 23.2593777, 0.0 ], [ 77.5180239, 23.2594132, 0.0 ], [ 77.5178607, 23.2595607, 0.0 ], [ 77.5178386, 23.2595912, 0.0 ], [ 77.5177999, 23.2596395, 0.0 ], [ 77.5177473, 23.2597411, 0.0 ], [ 77.517739, 23.2597869, 0.0 ], [ 77.5177335, 23.2600563, 0.0 ], [ 77.517739, 23.2601351, 0.0 ], [ 77.517739, 23.2602444, 0.0 ], [ 77.5177252, 23.2603283, 0.0 ], [ 77.5177058, 23.260402, 0.0 ], [ 77.5176588, 23.2605189, 0.0 ], [ 77.5175343, 23.2606485, 0.0 ], [ 77.5174485, 23.2607527, 0.0 ], [ 77.5173821, 23.2608239, 0.0 ], [ 77.5173064, 23.2609947, 0.0 ], [ 77.5173019, 23.2610186, 0.0 ], [ 77.5173008, 23.2610561, 0.0 ], [ 77.5173019, 23.2610696, 0.0 ], [ 77.5173121, 23.2610904, 0.0 ], [ 77.5176054, 23.2614852, 0.0 ], [ 77.5182668, 23.2623078, 0.0 ], [ 77.5184685, 23.2625328, 0.0 ], [ 77.5190737, 23.2630094, 0.0 ], [ 77.519333, 23.2633006, 0.0 ], [ 77.5195347, 23.2636579, 0.0 ], [ 77.5196788, 23.264055, 0.0 ], [ 77.519722, 23.2643859, 0.0 ], [ 77.519722, 23.2644578, 0.0 ], [ 77.519738, 23.2650453, 0.0 ], [ 77.519753, 23.2655996, 0.0 ], [ 77.5197696, 23.2656835, 0.0 ], [ 77.5197945, 23.2657725, 0.0 ], [ 77.5198416, 23.2658665, 0.0 ], [ 77.5198831, 23.2659351, 0.0 ], [ 77.519955, 23.2660241, 0.0 ], [ 77.5200297, 23.2661003, 0.0 ], [ 77.5202782, 23.2662258, 0.0 ], [ 77.5215901, 23.2670347, 0.0 ], [ 77.5216804, 23.267106, 0.0 ], [ 77.5223548, 23.2675699, 0.0 ], [ 77.5227235, 23.2677593, 0.0 ], [ 77.5228834, 23.2678427, 0.0 ], [ 77.5229785, 23.2679103, 0.0 ], [ 77.5230779, 23.2680135, 0.0 ], [ 77.5231644, 23.2681406, 0.0 ], [ 77.5232292, 23.2683272, 0.0 ], [ 77.5232681, 23.2684662, 0.0 ], [ 77.5232941, 23.2685615, 0.0 ], [ 77.5233632, 23.2686767, 0.0 ], [ 77.5235843, 23.2689502, 0.0 ], [ 77.523922, 23.2692604, 0.0 ], [ 77.5245903, 23.2698744, 0.0 ], [ 77.5257732, 23.2709641, 0.0 ], [ 77.5234104, 23.2723936, 0.0 ], [ 77.5194458, 23.2732359, 0.0 ], [ 77.5191666, 23.2732862, 0.0 ], [ 77.5191146, 23.273293, 0.0 ], [ 77.518947, 23.273313, 0.0 ], [ 77.5175518, 23.2734558, 0.0 ], [ 77.5161597, 23.2736546, 0.0 ], [ 77.5150083, 23.273817, 0.0 ], [ 77.5142845, 23.2739262, 0.0 ], [ 77.5137098, 23.274013, 0.0 ], [ 77.511968, 23.2742656, 0.0 ], [ 77.511211, 23.2743853, 0.0 ], [ 77.5108595, 23.2745664, 0.0 ], [ 77.5090075, 23.2748221, 0.0 ], [ 77.5074304, 23.2750554, 0.0 ], [ 77.5074681, 23.2752025, 0.0 ], [ 77.5075622, 23.2755127, 0.0 ], [ 77.5077254, 23.276131, 0.0 ], [ 77.5078647, 23.2766671, 0.0 ], [ 77.5079316, 23.2766546, 0.0 ], [ 77.507974, 23.2768897, 0.0 ], [ 77.5075705, 23.2770003, 0.0 ], [ 77.5078049, 23.2775467, 0.0 ], [ 77.508018, 23.2780744, 0.0 ] ] ] } },
{ "type": "Feature", "properties": { "objectid": 38, "townname": "Bhopal", "towncensuscode2011": 802312, "town_lgd_code": 250946, "ward_lgd_code": 34388, "ward_lgd_name": "Sonagiri Ward", "sourcewardcode": 64, "state": "Madhya Pradesh" }, "geometry": { "type": "Polygon", "coordinates": [ [ [ 77.5034335, 23.2908122, 0.0 ], [ 77.5034348, 23.2908539, 0.0 ], [ 77.5034296, 23.2908837, 0.0 ], [ 77.5034153, 23.2909183, 0.0 ], [ 77.5033906, 23.2909625, 0.0 ], [ 77.5033633, 23.2909971, 0.0 ], [ 77.5033049, 23.29104, 0.0 ], [ 77.5032451, 23.2910591, 0.0 ], [ 77.5031932, 23.2910651, 0.0 ], [ 77.5031089, 23.2910481, 0.0 ], [ 77.5029918, 23.2910245, 0.0 ], [ 77.5029516, 23.2910007, 0.0 ], [ 77.5028918, 23.2909494, 0.0 ], [ 77.5028113, 23.2908599, 0.0 ], [ 77.5026679, 23.2906833, 0.0 ], [ 77.5026091, 23.2906274, 0.0 ], [ 77.5025441, 23.2905733, 0.0 ], [ 77.5024893, 23.2905398, 0.0 ], [ 77.5023919, 23.2905043, 0.0 ], [ 77.5022315, 23.2904727, 0.0 ], [ 77.5022011, 23.2904745, 0.0 ], [ 77.5020645, 23.2905046, 0.0 ], [ 77.502057, 23.2905062, 0.0 ], [ 77.5018155, 23.290646, 0.0 ], [ 77.5017769, 23.290674, 0.0 ], [ 77.5016693, 23.2907448, 0.0 ], [ 77.5015841, 23.2908101, 0.0 ], [ 77.5014989, 23.2908735, 0.0 ], [ 77.5014299, 23.2909052, 0.0 ], [ 77.5013791, 23.2909033, 0.0 ], [ 77.5013527, 23.2908735, 0.0 ], [ 77.5013284, 23.2908008, 0.0 ], [ 77.5013263, 23.290743, 0.0 ], [ 77.5013385, 23.2906982, 0.0 ], [ 77.5013701, 23.2905809, 0.0 ], [ 77.5014339, 23.290344, 0.0 ], [ 77.5014745, 23.2902266, 0.0 ], [ 77.5014847, 23.2901576, 0.0 ], [ 77.5014806, 23.2900271, 0.0 ], [ 77.5014644, 23.2899413, 0.0 ], [ 77.501398, 23.2897834, 0.0 ], [ 77.5013304, 23.2896226, 0.0 ], [ 77.5011498, 23.289356, 0.0 ], [ 77.5011193, 23.289328, 0.0 ], [ 77.5010666, 23.2892814, 0.0 ], [ 77.5010097, 23.2892348, 0.0 ], [ 77.5009752, 23.2891919, 0.0 ], [ 77.5009387, 23.2891267, 0.0 ], [ 77.5008981, 23.2890316, 0.0 ], [ 77.5006998, 23.2885845, 0.0 ], [ 77.5005815, 23.2883176, 0.0 ], [ 77.500551, 23.2882579, 0.0 ], [ 77.5005206, 23.2882113, 0.0 ], [ 77.5001788, 23.2875315, 0.0 ], [ 77.5001685, 23.2875024, 0.0 ], [ 77.4999768, 23.2869622, 0.0 ], [ 77.4999609, 23.2869068, 0.0 ], [ 77.4999387, 23.2868427, 0.0 ], [ 77.4998943, 23.2868136, 0.0 ], [ 77.4997548, 23.2867699, 0.0 ], [ 77.4996723, 23.286735, 0.0 ], [ 77.4995804, 23.2867087, 0.0 ], [ 77.4992411, 23.286633, 0.0 ], [ 77.4990508, 23.2865514, 0.0 ], [ 77.4987115, 23.2863184, 0.0 ], [ 77.4986322, 23.2862135, 0.0 ], [ 77.4984374, 23.2858981, 0.0 ], [ 77.497857, 23.2851382, 0.0 ], [ 77.4975938, 23.2848821, 0.0 ], [ 77.4974389, 23.2847612, 0.0 ], [ 77.4972067, 23.2845977, 0.0 ], [ 77.4969821, 23.2844625, 0.0 ], [ 77.4967731, 23.2843772, 0.0 ], [ 77.4965486, 23.2843274, 0.0 ], [ 77.4960143, 23.2842421, 0.0 ], [ 77.4957511, 23.2842065, 0.0 ], [ 77.4954259, 23.2840927, 0.0 ], [ 77.4942646, 23.2840074, 0.0 ], [ 77.4936839, 23.2838438, 0.0 ], [ 77.4934749, 23.2837158, 0.0 ], [ 77.4931497, 23.2834953, 0.0 ], [ 77.4929639, 23.2833531, 0.0 ], [ 77.4919419, 23.2828055, 0.0 ], [ 77.491516, 23.2826135, 0.0 ], [ 77.4912451, 23.2824712, 0.0 ], [ 77.4910205, 23.282393, 0.0 ], [ 77.4906179, 23.2822508, 0.0 ], [ 77.4905405, 23.2822223, 0.0 ], [ 77.4903547, 23.2821512, 0.0 ], [ 77.4901069, 23.2820445, 0.0 ], [ 77.4898669, 23.2819805, 0.0 ], [ 77.4894107, 23.2819489, 0.0 ], [ 77.4885284, 23.2818355, 0.0 ], [ 77.4878238, 23.2817449, 0.0 ], [ 77.4874287, 23.2816941, 0.0 ], [ 77.4872751, 23.2816531, 0.0 ], [ 77.4872156, 23.2816076, 0.0 ], [ 77.4871562, 23.2815439, 0.0 ], [ 77.4870967, 23.2814437, 0.0 ], [ 77.4870719, 23.2811706, 0.0 ], [ 77.487062, 23.2809886, 0.0 ], [ 77.487062, 23.2808429, 0.0 ], [ 77.487062, 23.2807473, 0.0 ], [ 77.487176, 23.2799053, 0.0 ], [ 77.4872008, 23.2797141, 0.0 ], [ 77.4872602, 23.2794865, 0.0 ], [ 77.4873643, 23.2793226, 0.0 ], [ 77.4875774, 23.2789449, 0.0 ], [ 77.4880994, 23.2780609, 0.0 ], [ 77.4881864, 23.2780001, 0.0 ], [ 77.4883657, 23.2779154, 0.0 ], [ 77.4884384, 23.2778963, 0.0 ], [ 77.488493, 23.2778796, 0.0 ], [ 77.4885644, 23.2778295, 0.0 ], [ 77.4886927, 23.2777009, 0.0 ], [ 77.4887159, 23.2776726, 0.0 ], [ 77.4887267, 23.2776535, 0.0 ], [ 77.4887292, 23.2775802, 0.0 ], [ 77.4886086, 23.2767579, 0.0 ], [ 77.4886021, 23.2766828, 0.0 ], [ 77.48858, 23.276635, 0.0 ], [ 77.4885553, 23.2766028, 0.0 ], [ 77.4885255, 23.276579, 0.0 ], [ 77.4884501, 23.2765491, 0.0 ], [ 77.4883371, 23.2765253, 0.0 ], [ 77.4883033, 23.2765193, 0.0 ], [ 77.4882696, 23.2765038, 0.0 ], [ 77.4882345, 23.2764608, 0.0 ], [ 77.4882098, 23.2764, 0.0 ], [ 77.4882046, 23.2763523, 0.0 ], [ 77.4882046, 23.27632, 0.0 ], [ 77.4882085, 23.2762962, 0.0 ], [ 77.4882177, 23.276259, 0.0 ], [ 77.4882327, 23.276198, 0.0 ], [ 77.4884702, 23.2756039, 0.0 ], [ 77.4874806, 23.2754833, 0.0 ], [ 77.4872285, 23.275665, 0.0 ], [ 77.4859683, 23.2757148, 0.0 ], [ 77.4856813, 23.2758719, 0.0 ], [ 77.4848981, 23.2763015, 0.0 ], [ 77.4831042, 23.2772879, 0.0 ], [ 77.4830854, 23.277216, 0.0 ], [ 77.4830725, 23.2770753, 0.0 ], [ 77.4830673, 23.2770157, 0.0 ], [ 77.4830452, 23.2769548, 0.0 ], [ 77.4830361, 23.2769322, 0.0 ], [ 77.4830218, 23.2768999, 0.0 ], [ 77.4830062, 23.2768653, 0.0 ], [ 77.4829673, 23.2767866, 0.0 ], [ 77.4827607, 23.276536, 0.0 ], [ 77.4821243, 23.275863, 0.0 ], [ 77.4819741, 23.2757371, 0.0 ], [ 77.4819456, 23.2757203, 0.0 ], [ 77.4818848, 23.2756849, 0.0 ], [ 77.4818462, 23.2756681, 0.0 ], [ 77.4817508, 23.2756401, 0.0 ], [ 77.4816717, 23.2756271, 0.0 ], [ 77.4815824, 23.2756271, 0.0 ], [ 77.4814991, 23.2756289, 0.0 ], [ 77.4813834, 23.275642, 0.0 ], [ 77.4802509, 23.275862, 0.0 ], [ 77.4800865, 23.27589, 0.0 ], [ 77.4800601, 23.2758918, 0.0 ], [ 77.4800135, 23.2758918, 0.0 ], [ 77.4799688, 23.2758844, 0.0 ], [ 77.4799282, 23.2758713, 0.0 ], [ 77.4798978, 23.2758415, 0.0 ], [ 77.4798836, 23.2758098, 0.0 ], [ 77.4794919, 23.2751232, 0.0 ], [ 77.4785464, 23.273466, 0.0 ], [ 77.478939, 23.2732547, 0.0 ], [ 77.4796174, 23.2734417, 0.0 ], [ 77.4799207, 23.2728476, 0.0 ], [ 77.4785536, 23.272003, 0.0 ], [ 77.4786037, 23.2714658, 0.0 ], [ 77.4786533, 23.2708768, 0.0 ], [ 77.4786731, 23.2706423, 0.0 ], [ 77.4763953, 23.2687144, 0.0 ], [ 77.4755889, 23.2680722, 0.0 ], [ 77.4743874, 23.267084, 0.0 ], [ 77.4732183, 23.2661349, 0.0 ], [ 77.4726332, 23.2657156, 0.0 ], [ 77.4717873, 23.2649866, 0.0 ], [ 77.4720747, 23.2646048, 0.0 ], [ 77.4725752, 23.2639639, 0.0 ], [ 77.4743199, 23.2617006, 0.0 ], [ 77.4756633, 23.2599592, 0.0 ], [ 77.477163, 23.2580712, 0.0 ], [ 77.4772839, 23.257919, 0.0 ], [ 77.4776487, 23.257427, 0.0 ], [ 77.4780151, 23.2569019, 0.0 ], [ 77.4781375, 23.2567065, 0.0 ], [ 77.4782337, 23.2565, 0.0 ], [ 77.4782988, 23.2563069, 0.0 ], [ 77.4786123, 23.2551545, 0.0 ], [ 77.4786859, 23.2547898, 0.0 ], [ 77.478873, 23.2540693, 0.0 ], [ 77.47854, 23.2540036, 0.0 ], [ 77.4785075, 23.2539943, 0.0 ], [ 77.4783208, 23.2539812, 0.0 ], [ 77.4782477, 23.2539849, 0.0 ], [ 77.4781645, 23.2539868, 0.0 ], [ 77.4780995, 23.2539943, 0.0 ], [ 77.4780163, 23.2540017, 0.0 ], [ 77.4779717, 23.2540073, 0.0 ], [ 77.4778438, 23.2540297, 0.0 ], [ 77.4777748, 23.2540465, 0.0 ], [ 77.477651, 23.2540875, 0.0 ], [ 77.4776124, 23.2541043, 0.0 ], [ 77.47758, 23.2541229, 0.0 ], [ 77.4775252, 23.2541602, 0.0 ], [ 77.4772288, 23.2543579, 0.0 ], [ 77.4771335, 23.2544101, 0.0 ], [ 77.477032, 23.2544567, 0.0 ], [ 77.4769792, 23.2544791, 0.0 ], [ 77.4768229, 23.2545276, 0.0 ], [ 77.4767783, 23.2545313, 0.0 ], [ 77.4766727, 23.2545369, 0.0 ], [ 77.4765956, 23.2545481, 0.0 ], [ 77.4764515, 23.2545761, 0.0 ], [ 77.4764028, 23.2545966, 0.0 ], [ 77.4763318, 23.2546264, 0.0 ], [ 77.476072, 23.2547924, 0.0 ], [ 77.4760334, 23.2548129, 0.0 ], [ 77.4759969, 23.2548278, 0.0 ], [ 77.4759096, 23.254852, 0.0 ], [ 77.4758589, 23.2548651, 0.0 ], [ 77.4757148, 23.2548744, 0.0 ], [ 77.4756356, 23.2548707, 0.0 ], [ 77.4752033, 23.2547905, 0.0 ], [ 77.4749638, 23.2547476, 0.0 ], [ 77.4748989, 23.2547215, 0.0 ], [ 77.4748481, 23.2546954, 0.0 ], [ 77.4748096, 23.2546712, 0.0 ], [ 77.4747649, 23.2546301, 0.0 ], [ 77.4745944, 23.2543821, 0.0 ], [ 77.4745559, 23.2543374, 0.0 ], [ 77.4745214, 23.2543038, 0.0 ], [ 77.4743346, 23.2541136, 0.0 ], [ 77.4743103, 23.2540782, 0.0 ], [ 77.4742778, 23.2540278, 0.0 ], [ 77.4742555, 23.2539849, 0.0 ], [ 77.4742372, 23.253957, 0.0 ], [ 77.4742068, 23.2539197, 0.0 ], [ 77.4741154, 23.2538544, 0.0 ], [ 77.474089, 23.2538395, 0.0 ], [ 77.4740505, 23.2538208, 0.0 ], [ 77.4737826, 23.25375, 0.0 ], [ 77.4735877, 23.2537164, 0.0 ], [ 77.4734733, 23.2537119, 0.0 ], [ 77.4734017, 23.2537174, 0.0 ], [ 77.4733122, 23.2537448, 0.0 ], [ 77.4732565, 23.2537686, 0.0 ], [ 77.4731789, 23.2538124, 0.0 ], [ 77.4730954, 23.2538636, 0.0 ], [ 77.4730357, 23.2539038, 0.0 ], [ 77.4729601, 23.253944, 0.0 ], [ 77.4728845, 23.2539659, 0.0 ], [ 77.471779, 23.2541336, 0.0 ], [ 77.4717026, 23.2534093, 0.0 ], [ 77.4716697, 23.2529392, 0.0 ], [ 77.4712802, 23.2529727, 0.0 ], [ 77.4692797, 23.2531593, 0.0 ], [ 77.4673536, 23.2533512, 0.0 ], [ 77.4673084, 23.2526429, 0.0 ], [ 77.467162, 23.2509103, 0.0 ], [ 77.467034, 23.2498948, 0.0 ], [ 77.4670183, 23.249783, 0.0 ], [ 77.4679099, 23.2496332, 0.0 ], [ 77.4703087, 23.249238, 0.0 ], [ 77.4715431, 23.2490376, 0.0 ], [ 77.4719791, 23.2489683, 0.0 ], [ 77.4721626, 23.2489392, 0.0 ], [ 77.4723318, 23.2489221, 0.0 ], [ 77.4724684, 23.2489142, 0.0 ], [ 77.4725538, 23.2489135, 0.0 ], [ 77.4727283, 23.248915, 0.0 ], [ 77.4728542, 23.2489161, 0.0 ], [ 77.4729068, 23.2489177, 0.0 ], [ 77.4730704, 23.2489257, 0.0 ], [ 77.4740004, 23.2489567, 0.0 ], [ 77.4750411, 23.2490091, 0.0 ], [ 77.4754673, 23.2490269, 0.0 ], [ 77.4756466, 23.2490512, 0.0 ], [ 77.4757957, 23.249089, 0.0 ], [ 77.4760464, 23.2491553, 0.0 ], [ 77.4761497, 23.2491881, 0.0 ], [ 77.4762312, 23.2492252, 0.0 ], [ 77.4765192, 23.249365, 0.0 ], [ 77.4779539, 23.2500881, 0.0 ], [ 77.4786756, 23.2504459, 0.0 ], [ 77.479973, 23.2511033, 0.0 ], [ 77.4804561, 23.2512215, 0.0 ], [ 77.4846376, 23.2518772, 0.0 ], [ 77.4847665, 23.2518939, 0.0 ], [ 77.4855089, 23.252008, 0.0 ], [ 77.4860351, 23.2524934, 0.0 ], [ 77.4863092, 23.2527484, 0.0 ], [ 77.4867779, 23.2531855, 0.0 ], [ 77.4872539, 23.2535488, 0.0 ], [ 77.4878691, 23.253995, 0.0 ], [ 77.4880117, 23.2540859, 0.0 ], [ 77.4882583, 23.2542106, 0.0 ], [ 77.4883743, 23.2542461, 0.0 ], [ 77.4884179, 23.2542524, 0.0 ], [ 77.488457, 23.2542515, 0.0 ], [ 77.4891877, 23.2542224, 0.0 ], [ 77.4893832, 23.254216, 0.0 ], [ 77.4894332, 23.2542273, 0.0 ], [ 77.4895449, 23.2542757, 0.0 ], [ 77.4896394, 23.2543245, 0.0 ], [ 77.4902035, 23.2546357, 0.0 ], [ 77.4903957, 23.2547576, 0.0 ], [ 77.4916047, 23.2555491, 0.0 ], [ 77.4930982, 23.2564586, 0.0 ], [ 77.4932325, 23.2565422, 0.0 ], [ 77.4932816, 23.2565801, 0.0 ], [ 77.4933925, 23.256738, 0.0 ], [ 77.4937185, 23.2572786, 0.0 ], [ 77.4937853, 23.2573952, 0.0 ], [ 77.494483, 23.258644, 0.0 ], [ 77.4946292, 23.2588844, 0.0 ], [ 77.4947835, 23.2590764, 0.0 ], [ 77.4965752, 23.2610542, 0.0 ], [ 77.4974115, 23.2620307, 0.0 ], [ 77.4993821, 23.2642661, 0.0 ], [ 77.5004558, 23.2655134, 0.0 ], [ 77.5005309, 23.2656746, 0.0 ], [ 77.5005599, 23.2660253, 0.0 ], [ 77.5005794, 23.2669307, 0.0 ], [ 77.5006352, 23.2675095, 0.0 ], [ 77.5007379, 23.2679733, 0.0 ], [ 77.5007744, 23.2680524, 0.0 ], [ 77.5010305, 23.2684049, 0.0 ], [ 77.5013361, 23.2687718, 0.0 ], [ 77.5015344, 23.2690337, 0.0 ], [ 77.5016218, 23.2691878, 0.0 ], [ 77.5017408, 23.2694928, 0.0 ], [ 77.5017782, 23.269666, 0.0 ], [ 77.5018182, 23.2700491, 0.0 ], [ 77.5018061, 23.2701386, 0.0 ], [ 77.5017542, 23.2703671, 0.0 ], [ 77.5015787, 23.2707785, 0.0 ], [ 77.5002885, 23.273646, 0.0 ], [ 77.5002231, 23.2738009, 0.0 ], [ 77.5002111, 23.2738513, 0.0 ], [ 77.5001949, 23.2739398, 0.0 ], [ 77.5001991, 23.2740338, 0.0 ], [ 77.5002255, 23.2741155, 0.0 ], [ 77.5003035, 23.2742499, 0.0 ], [ 77.5005333, 23.2745305, 0.0 ], [ 77.5009983, 23.2750229, 0.0 ], [ 77.500372, 23.2756752, 0.0 ], [ 77.5002655, 23.2758394, 0.0 ], [ 77.5002505, 23.2758682, 0.0 ], [ 77.5002418, 23.2758874, 0.0 ], [ 77.5002368, 23.2759117, 0.0 ], [ 77.5002323, 23.2759781, 0.0 ], [ 77.5002291, 23.2760011, 0.0 ], [ 77.5002141, 23.2760207, 0.0 ], [ 77.5001172, 23.2761147, 0.0 ], [ 77.5000803, 23.276134, 0.0 ], [ 77.5000335, 23.2761461, 0.0 ], [ 77.4995913, 23.276119, 0.0 ], [ 77.4995857, 23.2764077, 0.0 ], [ 77.4996552, 23.2766674, 0.0 ], [ 77.4998303, 23.2770249, 0.0 ], [ 77.4997842, 23.2770849, 0.0 ], [ 77.4997264, 23.2771572, 0.0 ], [ 77.4997201, 23.2771651, 0.0 ], [ 77.4997087, 23.2771729, 0.0 ], [ 77.4996839, 23.2771827, 0.0 ], [ 77.4996258, 23.2771984, 0.0 ], [ 77.4995981, 23.2772014, 0.0 ], [ 77.4995132, 23.277222, 0.0 ], [ 77.499486, 23.2772365, 0.0 ], [ 77.4994644, 23.2772553, 0.0 ], [ 77.4994463, 23.2772761, 0.0 ], [ 77.4992129, 23.2775842, 0.0 ], [ 77.4991993, 23.2775977, 0.0 ], [ 77.4991664, 23.2776133, 0.0 ], [ 77.4991369, 23.2776227, 0.0 ], [ 77.4990758, 23.2776331, 0.0 ], [ 77.4990055, 23.2776394, 0.0 ], [ 77.498967, 23.2776404, 0.0 ], [ 77.4989284, 23.2776425, 0.0 ], [ 77.4988899, 23.2776477, 0.0 ], [ 77.4988502, 23.2776571, 0.0 ], [ 77.4988253, 23.2776664, 0.0 ], [ 77.4988038, 23.2776841, 0.0 ], [ 77.4987913, 23.2777008, 0.0 ], [ 77.4987857, 23.2777185, 0.0 ], [ 77.4987857, 23.2777372, 0.0 ], [ 77.4987857, 23.2777528, 0.0 ], [ 77.4987902, 23.2777757, 0.0 ], [ 77.4987981, 23.277809, 0.0 ], [ 77.4988199, 23.2779023, 0.0 ], [ 77.4988517, 23.2780169, 0.0 ], [ 77.4989844, 23.2789359, 0.0 ], [ 77.4991691, 23.2796619, 0.0 ], [ 77.4999936, 23.281337, 0.0 ], [ 77.5002738, 23.2816075, 0.0 ], [ 77.500442, 23.2816904, 0.0 ], [ 77.5008745, 23.2819416, 0.0 ], [ 77.5034706, 23.2837589, 0.0 ], [ 77.5043503, 23.2841383, 0.0 ], [ 77.5045634, 23.2842111, 0.0 ], [ 77.5046427, 23.284252, 0.0 ], [ 77.5047071, 23.2842976, 0.0 ], [ 77.5047567, 23.2843522, 0.0 ], [ 77.5048508, 23.2844933, 0.0 ], [ 77.5048706, 23.2845433, 0.0 ], [ 77.5048904, 23.2847391, 0.0 ], [ 77.5048863, 23.2847792, 0.0 ], [ 77.504868, 23.2848277, 0.0 ], [ 77.5048193, 23.2848985, 0.0 ], [ 77.5048031, 23.2849153, 0.0 ], [ 77.5047807, 23.2849284, 0.0 ], [ 77.5045815, 23.2850083, 0.0 ], [ 77.5043494, 23.285138, 0.0 ], [ 77.5043291, 23.2851494, 0.0 ], [ 77.5043149, 23.2851631, 0.0 ], [ 77.5043025, 23.2851822, 0.0 ], [ 77.5042958, 23.2852044, 0.0 ], [ 77.5042975, 23.2852395, 0.0 ], [ 77.5043027, 23.2853547, 0.0 ], [ 77.5043129, 23.2855815, 0.0 ], [ 77.5043103, 23.2856149, 0.0 ], [ 77.5043025, 23.2856352, 0.0 ], [ 77.5042895, 23.2856531, 0.0 ], [ 77.5042531, 23.2856686, 0.0 ], [ 77.504235, 23.2856687, 0.0 ], [ 77.5040562, 23.285669, 0.0 ], [ 77.5038265, 23.2856462, 0.0 ], [ 77.5034997, 23.285634, 0.0 ], [ 77.5034413, 23.2856424, 0.0 ], [ 77.5034166, 23.2856567, 0.0 ], [ 77.5033958, 23.285677, 0.0 ], [ 77.5033698, 23.2857128, 0.0 ], [ 77.5033439, 23.28577, 0.0 ], [ 77.5033395, 23.2859725, 0.0 ], [ 77.5033593, 23.2860726, 0.0 ], [ 77.5034039, 23.2861591, 0.0 ], [ 77.5034733, 23.2862638, 0.0 ], [ 77.5035328, 23.2863503, 0.0 ], [ 77.5037012, 23.2865005, 0.0 ], [ 77.5038846, 23.2866052, 0.0 ], [ 77.5039837, 23.2866416, 0.0 ], [ 77.5040679, 23.2866643, 0.0 ], [ 77.5041868, 23.2867007, 0.0 ], [ 77.5043454, 23.2867599, 0.0 ], [ 77.5044148, 23.2868009, 0.0 ], [ 77.5044445, 23.286901, 0.0 ], [ 77.5044395, 23.2869647, 0.0 ], [ 77.5043503, 23.2871286, 0.0 ], [ 77.5041868, 23.2871513, 0.0 ], [ 77.5040877, 23.2871468, 0.0 ], [ 77.5039886, 23.2871468, 0.0 ], [ 77.5038251, 23.2871604, 0.0 ], [ 77.5036814, 23.2871832, 0.0 ], [ 77.5035179, 23.2872059, 0.0 ], [ 77.5033197, 23.2872742, 0.0 ], [ 77.5032354, 23.2873197, 0.0 ], [ 77.503171, 23.287388, 0.0 ], [ 77.5030967, 23.2874836, 0.0 ], [ 77.503067, 23.2875883, 0.0 ], [ 77.5029728, 23.2882482, 0.0 ], [ 77.5029481, 23.2884667, 0.0 ], [ 77.5029481, 23.288535, 0.0 ], [ 77.5029827, 23.288676, 0.0 ], [ 77.5030026, 23.2887216, 0.0 ], [ 77.5030521, 23.2887807, 0.0 ], [ 77.5031116, 23.2888217, 0.0 ], [ 77.5033958, 23.2888925, 0.0 ], [ 77.5038063, 23.2889975, 0.0 ], [ 77.5038491, 23.2890237, 0.0 ], [ 77.5038647, 23.2890452, 0.0 ], [ 77.5038803, 23.2891024, 0.0 ], [ 77.5039533, 23.2893354, 0.0 ], [ 77.5039533, 23.2893522, 0.0 ], [ 77.50395, 23.2893645, 0.0 ], [ 77.50394, 23.2893767, 0.0 ], [ 77.5039309, 23.2893858, 0.0 ], [ 77.503901, 23.2894004, 0.0 ], [ 77.5036774, 23.2895097, 0.0 ], [ 77.5034604, 23.2896088, 0.0 ], [ 77.5031887, 23.2897522, 0.0 ], [ 77.5031669, 23.2897679, 0.0 ], [ 77.5031568, 23.2897776, 0.0 ], [ 77.5031462, 23.2897967, 0.0 ], [ 77.5031419, 23.2898123, 0.0 ], [ 77.5031419, 23.2898299, 0.0 ], [ 77.5031833, 23.2900658, 0.0 ], [ 77.5034335, 23.2908122, 0.0 ] ] ] } },
{ "type": "Feature", "properties": { "objectid": 43, "townname": "Bhopal", "towncensuscode2011": 802312, "town_lgd_code": 250946, "ward_lgd_code": 34389, "ward_lgd_name": "Govindpura Audhogik Kshetra Ward", "sourcewardcode": 65, "state": "Madhya Pradesh" }, "geometry": { "type": "Polygon", "coordinates": [ [ [ 77.4634219, 23.2757934, 0.0 ], [ 77.4632588, 23.275976, 0.0 ], [ 77.4631187, 23.2761329, 0.0 ], [ 77.4629911, 23.2762579, 0.0 ], [ 77.4627521, 23.2764511, 0.0 ], [ 77.4626163, 23.2765609, 0.0 ], [ 77.4619318, 23.2769981, 0.0 ], [ 77.4616487, 23.2771422, 0.0 ], [ 77.4610001, 23.2773683, 0.0 ], [ 77.4582925, 23.2779745, 0.0 ], [ 77.4553473, 23.2786563, 0.0 ], [ 77.4517736, 23.2794612, 0.0 ], [ 77.4513113, 23.2795702, 0.0 ], [ 77.449235, 23.2800424, 0.0 ], [ 77.4472326, 23.2805052, 0.0 ], [ 77.4465094, 23.2806723, 0.0 ], [ 77.4458093, 23.2808209, 0.0 ], [ 77.4452942, 23.2809438, 0.0 ], [ 77.445252, 23.2809557, 0.0 ], [ 77.4451187, 23.2809962, 0.0 ], [ 77.445004, 23.2810311, 0.0 ], [ 77.4449305, 23.2810613, 0.0 ], [ 77.4447253, 23.2811555, 0.0 ], [ 77.4444911, 23.2812853, 0.0 ], [ 77.4443328, 23.281394, 0.0 ], [ 77.4443072, 23.2814116, 0.0 ], [ 77.4442959, 23.2811077, 0.0 ], [ 77.4442912, 23.2809832, 0.0 ], [ 77.4443478, 23.2801634, 0.0 ], [ 77.444344, 23.2801012, 0.0 ], [ 77.4443343, 23.2800443, 0.0 ], [ 77.444282, 23.2799287, 0.0 ], [ 77.443984, 23.2793776, 0.0 ], [ 77.4439607, 23.2793278, 0.0 ], [ 77.4439201, 23.2789473, 0.0 ], [ 77.4439104, 23.2788815, 0.0 ], [ 77.4437752, 23.2783353, 0.0 ], [ 77.4437846, 23.2783001, 0.0 ], [ 77.4438775, 23.2780867, 0.0 ], [ 77.444043, 23.2777134, 0.0 ], [ 77.4452163, 23.2774352, 0.0 ], [ 77.445246, 23.2772129, 0.0 ], [ 77.4452634, 23.2770149, 0.0 ], [ 77.4452656, 23.2763523, 0.0 ], [ 77.4452626, 23.2763234, 0.0 ], [ 77.44526, 23.2763113, 0.0 ], [ 77.445257, 23.2763011, 0.0 ], [ 77.4452529, 23.276295, 0.0 ], [ 77.4451601, 23.2762443, 0.0 ], [ 77.4451293, 23.2762282, 0.0 ], [ 77.4451267, 23.2762228, 0.0 ], [ 77.4451257, 23.2762183, 0.0 ], [ 77.4451257, 23.2762126, 0.0 ], [ 77.4451405, 23.2761718, 0.0 ], [ 77.445221, 23.2760205, 0.0 ], [ 77.445221, 23.2760074, 0.0 ], [ 77.4452194, 23.2759995, 0.0 ], [ 77.4452169, 23.2759925, 0.0 ], [ 77.4452052, 23.2759711, 0.0 ], [ 77.445187, 23.2759501, 0.0 ], [ 77.4451408, 23.2759263, 0.0 ], [ 77.4451205, 23.2759189, 0.0 ], [ 77.4451017, 23.2759105, 0.0 ], [ 77.445089, 23.2758969, 0.0 ], [ 77.4450774, 23.275868, 0.0 ], [ 77.4450759, 23.2758555, 0.0 ], [ 77.4450769, 23.2757459, 0.0 ], [ 77.4450769, 23.2757324, 0.0 ], [ 77.4450789, 23.2757166, 0.0 ], [ 77.4450799, 23.2757114, 0.0 ], [ 77.4451965, 23.2755014, 0.0 ], [ 77.4452089, 23.2754764, 0.0 ], [ 77.4452126, 23.2754628, 0.0 ], [ 77.4452027, 23.2754047, 0.0 ], [ 77.4451682, 23.2752971, 0.0 ], [ 77.4451545, 23.2752602, 0.0 ], [ 77.4451545, 23.275215, 0.0 ], [ 77.4451545, 23.275202, 0.0 ], [ 77.445152, 23.2751582, 0.0 ], [ 77.4451388, 23.2751255, 0.0 ], [ 77.4451332, 23.2751148, 0.0 ], [ 77.4451256, 23.275099, 0.0 ], [ 77.4451225, 23.2750743, 0.0 ], [ 77.4451261, 23.275057, 0.0 ], [ 77.445153, 23.27494, 0.0 ], [ 77.445155, 23.274927, 0.0 ], [ 77.445155, 23.2749125, 0.0 ], [ 77.445152, 23.2749004, 0.0 ], [ 77.4451398, 23.2748361, 0.0 ], [ 77.4451357, 23.2748165, 0.0 ], [ 77.4451317, 23.274803, 0.0 ], [ 77.4451256, 23.2747927, 0.0 ], [ 77.4450708, 23.2747251, 0.0 ], [ 77.4450566, 23.2746976, 0.0 ], [ 77.44505, 23.2746692, 0.0 ], [ 77.445049, 23.2746524, 0.0 ], [ 77.445049, 23.2746399, 0.0 ], [ 77.4450495, 23.2746291, 0.0 ], [ 77.445051, 23.2746165, 0.0 ], [ 77.4450561, 23.2745881, 0.0 ], [ 77.4450847, 23.2745307, 0.0 ], [ 77.4451045, 23.2745067, 0.0 ], [ 77.4451172, 23.2744885, 0.0 ], [ 77.4451267, 23.2744703, 0.0 ], [ 77.4451354, 23.2744499, 0.0 ], [ 77.445141, 23.2744273, 0.0 ], [ 77.4451442, 23.2744098, 0.0 ], [ 77.4451465, 23.2743902, 0.0 ], [ 77.4451481, 23.2743698, 0.0 ], [ 77.4451497, 23.2743559, 0.0 ], [ 77.4451545, 23.2743239, 0.0 ], [ 77.4452362, 23.2741038, 0.0 ], [ 77.4452423, 23.2740591, 0.0 ], [ 77.4452402, 23.2740069, 0.0 ], [ 77.4448471, 23.2732293, 0.0 ], [ 77.4443109, 23.273164, 0.0 ], [ 77.4438988, 23.2731057, 0.0 ], [ 77.4433195, 23.2730476, 0.0 ], [ 77.4431732, 23.2730356, 0.0 ], [ 77.4431185, 23.2730339, 0.0 ], [ 77.4430054, 23.2730346, 0.0 ], [ 77.4429292, 23.273038, 0.0 ], [ 77.4427318, 23.2730506, 0.0 ], [ 77.4420115, 23.273115, 0.0 ], [ 77.4408136, 23.2732474, 0.0 ], [ 77.4405176, 23.2732802, 0.0 ], [ 77.4399803, 23.2733319, 0.0 ], [ 77.4394333, 23.2733818, 0.0 ], [ 77.4385812, 23.2734403, 0.0 ], [ 77.4379039, 23.2734584, 0.0 ], [ 77.4377767, 23.2734618, 0.0 ], [ 77.4377641, 23.2734612, 0.0 ], [ 77.4377562, 23.2734596, 0.0 ], [ 77.4377515, 23.2734572, 0.0 ], [ 77.4377374, 23.273448, 0.0 ], [ 77.4377299, 23.2734358, 0.0 ], [ 77.4377232, 23.2734167, 0.0 ], [ 77.4377149, 23.2733823, 0.0 ], [ 77.4377063, 23.2733147, 0.0 ], [ 77.4376989, 23.2732557, 0.0 ], [ 77.4375696, 23.2710778, 0.0 ], [ 77.4374511, 23.2680786, 0.0 ], [ 77.4374245, 23.2669208, 0.0 ], [ 77.4387934, 23.2668505, 0.0 ], [ 77.4397474, 23.2667647, 0.0 ], [ 77.4398153, 23.2667581, 0.0 ], [ 77.4404415, 23.2666971, 0.0 ], [ 77.4411659, 23.2666261, 0.0 ], [ 77.4424774, 23.2665478, 0.0 ], [ 77.4424555, 23.2659233, 0.0 ], [ 77.4417057, 23.2659669, 0.0 ], [ 77.4405608, 23.2660153, 0.0 ], [ 77.4405614, 23.2659991, 0.0 ], [ 77.4405706, 23.2657421, 0.0 ], [ 77.4406071, 23.2653301, 0.0 ], [ 77.4406373, 23.2653289, 0.0 ], [ 77.440647, 23.2652681, 0.0 ], [ 77.4409946, 23.2652442, 0.0 ], [ 77.4410191, 23.2652436, 0.0 ], [ 77.4413695, 23.2652341, 0.0 ], [ 77.4414272, 23.2646643, 0.0 ], [ 77.4415571, 23.263381, 0.0 ], [ 77.4415569, 23.2633788, 0.0 ], [ 77.4411374, 23.2634044, 0.0 ], [ 77.4410975, 23.2633116, 0.0 ], [ 77.4414226, 23.2631722, 0.0 ], [ 77.4415472, 23.2631342, 0.0 ], [ 77.4416764, 23.2631007, 0.0 ], [ 77.4428523, 23.262796, 0.0 ], [ 77.4429503, 23.2621223, 0.0 ], [ 77.4444468, 23.2623177, 0.0 ], [ 77.4448259, 23.2623695, 0.0 ], [ 77.4448337, 23.2623588, 0.0 ], [ 77.4448978, 23.2622871, 0.0 ], [ 77.4451071, 23.2620841, 0.0 ], [ 77.4451757, 23.2620117, 0.0 ], [ 77.4457907, 23.2613608, 0.0 ], [ 77.4459871, 23.2610208, 0.0 ], [ 77.4460346, 23.2609003, 0.0 ], [ 77.4461119, 23.2606312, 0.0 ], [ 77.4461271, 23.2605362, 0.0 ], [ 77.4461315, 23.2604361, 0.0 ], [ 77.4461217, 23.2603571, 0.0 ], [ 77.4461085, 23.2602913, 0.0 ], [ 77.4460971, 23.2602345, 0.0 ], [ 77.4460257, 23.259964, 0.0 ], [ 77.4459653, 23.2598187, 0.0 ], [ 77.4457667, 23.2594194, 0.0 ], [ 77.4457177, 23.2593304, 0.0 ], [ 77.4454535, 23.2588725, 0.0 ], [ 77.4452676, 23.2585446, 0.0 ], [ 77.4450418, 23.2581461, 0.0 ], [ 77.4450043, 23.2580649, 0.0 ], [ 77.4449618, 23.2579132, 0.0 ], [ 77.4448287, 23.2574151, 0.0 ], [ 77.4447952, 23.2572899, 0.0 ], [ 77.4447694, 23.2571832, 0.0 ], [ 77.4447348, 23.2569861, 0.0 ], [ 77.444698, 23.2566103, 0.0 ], [ 77.4446737, 23.2555973, 0.0 ], [ 77.4446558, 23.255498, 0.0 ], [ 77.4446525, 23.2554795, 0.0 ], [ 77.4446365, 23.2554481, 0.0 ], [ 77.4444105, 23.2551054, 0.0 ], [ 77.4446437, 23.2548873, 0.0 ], [ 77.445445, 23.2550921, 0.0 ], [ 77.4454569, 23.2550765, 0.0 ], [ 77.4458056, 23.2551781, 0.0 ], [ 77.4459298, 23.2548514, 0.0 ], [ 77.4455913, 23.2547342, 0.0 ], [ 77.4445603, 23.2544028, 0.0 ], [ 77.4445739, 23.2540011, 0.0 ], [ 77.444572, 23.2529624, 0.0 ], [ 77.4455394, 23.252915, 0.0 ], [ 77.4469826, 23.2528691, 0.0 ], [ 77.4476631, 23.2528374, 0.0 ], [ 77.4478013, 23.2528276, 0.0 ], [ 77.4480485, 23.2528007, 0.0 ], [ 77.4485084, 23.2527226, 0.0 ], [ 77.4499761, 23.2524844, 0.0 ], [ 77.4500081, 23.2524812, 0.0 ], [ 77.4531482, 23.2519331, 0.0 ], [ 77.454455, 23.2517087, 0.0 ], [ 77.4547364, 23.2516644, 0.0 ], [ 77.4561962, 23.2514913, 0.0 ], [ 77.4563715, 23.2529504, 0.0 ], [ 77.4565433, 23.2545634, 0.0 ], [ 77.4567527, 23.2565162, 0.0 ], [ 77.4569103, 23.2578467, 0.0 ], [ 77.4570416, 23.2590768, 0.0 ], [ 77.4573422, 23.2619449, 0.0 ], [ 77.4575694, 23.2640211, 0.0 ], [ 77.4576612, 23.264901, 0.0 ], [ 77.4577838, 23.2665864, 0.0 ], [ 77.4578768, 23.267605, 0.0 ], [ 77.4582947, 23.2675792, 0.0 ], [ 77.4585638, 23.2675639, 0.0 ], [ 77.4586385, 23.2678679, 0.0 ], [ 77.4590279, 23.2678543, 0.0 ], [ 77.4590824, 23.2683093, 0.0 ], [ 77.4585296, 23.2684506, 0.0 ], [ 77.4586356, 23.2695696, 0.0 ], [ 77.4590052, 23.2712229, 0.0 ], [ 77.4594305, 23.2717412, 0.0 ], [ 77.4612333, 23.2739356, 0.0 ], [ 77.4613478, 23.2740308, 0.0 ], [ 77.4617306, 23.2742433, 0.0 ], [ 77.4628308, 23.2749638, 0.0 ], [ 77.4630827, 23.2747045, 0.0 ], [ 77.4630028, 23.2746074, 0.0 ], [ 77.4628288, 23.2742824, 0.0 ], [ 77.4626317, 23.2738119, 0.0 ], [ 77.462473, 23.2734712, 0.0 ], [ 77.4627857, 23.2733675, 0.0 ], [ 77.4627137, 23.2731094, 0.0 ], [ 77.4627001, 23.2727481, 0.0 ], [ 77.4628032, 23.2727325, 0.0 ], [ 77.4631934, 23.27289, 0.0 ], [ 77.4633451, 23.2725548, 0.0 ], [ 77.4635846, 23.2714938, 0.0 ], [ 77.4638049, 23.270642, 0.0 ], [ 77.463875, 23.270308, 0.0 ], [ 77.4638905, 23.2699819, 0.0 ], [ 77.4639235, 23.2691878, 0.0 ], [ 77.4639171, 23.2690033, 0.0 ], [ 77.4639069, 23.2687098, 0.0 ], [ 77.4639228, 23.2681171, 0.0 ], [ 77.4636617, 23.2680258, 0.0 ], [ 77.4635028, 23.2679743, 0.0 ], [ 77.463298, 23.2679184, 0.0 ], [ 77.4632587, 23.2679119, 0.0 ], [ 77.4632211, 23.2679083, 0.0 ], [ 77.4632056, 23.2679081, 0.0 ], [ 77.4631876, 23.2679091, 0.0 ], [ 77.4631584, 23.2679122, 0.0 ], [ 77.4630506, 23.2679236, 0.0 ], [ 77.4629349, 23.2679454, 0.0 ], [ 77.4626134, 23.268022, 0.0 ], [ 77.4627053, 23.267822, 0.0 ], [ 77.4628346, 23.2676673, 0.0 ], [ 77.463081, 23.2674119, 0.0 ], [ 77.4631896, 23.2672607, 0.0 ], [ 77.4636271, 23.2667066, 0.0 ], [ 77.4638838, 23.2663621, 0.0 ], [ 77.4644102, 23.2663255, 0.0 ], [ 77.4646862, 23.26617, 0.0 ], [ 77.464553, 23.265893, 0.0 ], [ 77.4645241, 23.2658158, 0.0 ], [ 77.4644504, 23.2655464, 0.0 ], [ 77.4643316, 23.2651526, 0.0 ], [ 77.4643146, 23.2650792, 0.0 ], [ 77.4642959, 23.2650323, 0.0 ], [ 77.4642636, 23.2649792, 0.0 ], [ 77.4642347, 23.2649291, 0.0 ], [ 77.4641972, 23.2648682, 0.0 ], [ 77.4641505, 23.2646852, 0.0 ], [ 77.4641484, 23.2646522, 0.0 ], [ 77.4641495, 23.2646392, 0.0 ], [ 77.4641797, 23.2643741, 0.0 ], [ 77.4641815, 23.2643675, 0.0 ], [ 77.4641837, 23.2643622, 0.0 ], [ 77.4641953, 23.2643515, 0.0 ], [ 77.4647739, 23.2642894, 0.0 ], [ 77.4648474, 23.2642804, 0.0 ], [ 77.4648647, 23.264371, 0.0 ], [ 77.4648929, 23.2644722, 0.0 ], [ 77.4649008, 23.2644868, 0.0 ], [ 77.4649125, 23.2645051, 0.0 ], [ 77.4649495, 23.2645627, 0.0 ], [ 77.4649626, 23.2645831, 0.0 ], [ 77.4649763, 23.2646015, 0.0 ], [ 77.4652731, 23.2648893, 0.0 ], [ 77.4652972, 23.2649137, 0.0 ], [ 77.4657232, 23.265312, 0.0 ], [ 77.4657963, 23.2653855, 0.0 ], [ 77.4658814, 23.265473, 0.0 ], [ 77.4659937, 23.2656184, 0.0 ], [ 77.4661026, 23.2657762, 0.0 ], [ 77.4662682, 23.2661055, 0.0 ], [ 77.4670181, 23.2673489, 0.0 ], [ 77.4671095, 23.2674896, 0.0 ], [ 77.4673188, 23.2678119, 0.0 ], [ 77.4675819, 23.2681387, 0.0 ], [ 77.4676221, 23.2681699, 0.0 ], [ 77.4676372, 23.2681817, 0.0 ], [ 77.4676743, 23.2681998, 0.0 ], [ 77.4681507, 23.2684359, 0.0 ], [ 77.4688701, 23.2687718, 0.0 ], [ 77.4645971, 23.2742739, 0.0 ], [ 77.4634219, 23.2757934, 0.0 ] ] ] } },
{ "type": "Feature", "properties": { "objectid": 44, "townname": "Bhopal", "towncensuscode2011": 802312, "town_lgd_code": 250946, "ward_lgd_code": 34394, "ward_lgd_name": "Punjabi Baag Ward", "sourcewardcode": 70, "state": "Madhya Pradesh" }, "geometry": { "type": "Polygon", "coordinates": [ [ [ 77.4424774, 23.2665478, 0.0 ], [ 77.4411659, 23.2666261, 0.0 ], [ 77.4404415, 23.2666971, 0.0 ], [ 77.4398153, 23.2667581, 0.0 ], [ 77.4397903, 23.2656678, 0.0 ], [ 77.4392225, 23.2656582, 0.0 ], [ 77.4395273, 23.2634515, 0.0 ], [ 77.438491, 23.2632737, 0.0 ], [ 77.4379451, 23.2631881, 0.0 ], [ 77.4380336, 23.263037, 0.0 ], [ 77.4382118, 23.2625926, 0.0 ], [ 77.4383774, 23.2621837, 0.0 ], [ 77.4384905, 23.2619882, 0.0 ], [ 77.4385851, 23.2615579, 0.0 ], [ 77.438663, 23.2612363, 0.0 ], [ 77.4386667, 23.2612232, 0.0 ], [ 77.4374902, 23.2610797, 0.0 ], [ 77.4374374, 23.2609813, 0.0 ], [ 77.4370768, 23.2610594, 0.0 ], [ 77.4368204, 23.261115, 0.0 ], [ 77.4368322, 23.2611604, 0.0 ], [ 77.4361348, 23.2612845, 0.0 ], [ 77.4360836, 23.2610997, 0.0 ], [ 77.4359574, 23.2606885, 0.0 ], [ 77.4358668, 23.2603477, 0.0 ], [ 77.4358567, 23.2600123, 0.0 ], [ 77.4368808, 23.2599717, 0.0 ], [ 77.4368705, 23.2589287, 0.0 ], [ 77.4368469, 23.2587698, 0.0 ], [ 77.4366581, 23.2588247, 0.0 ], [ 77.4362346, 23.2589657, 0.0 ], [ 77.4358658, 23.259068, 0.0 ], [ 77.43528, 23.2585505, 0.0 ], [ 77.434445, 23.2578127, 0.0 ], [ 77.4344637, 23.2577898, 0.0 ], [ 77.4345981, 23.2576007, 0.0 ], [ 77.4346117, 23.2575616, 0.0 ], [ 77.4346168, 23.2575131, 0.0 ], [ 77.4345748, 23.2569147, 0.0 ], [ 77.4345642, 23.256811, 0.0 ], [ 77.4345713, 23.256754, 0.0 ], [ 77.4345814, 23.2567057, 0.0 ], [ 77.4348937, 23.2552008, 0.0 ], [ 77.434146, 23.255334, 0.0 ], [ 77.4347686, 23.2529737, 0.0 ], [ 77.4334147, 23.2526788, 0.0 ], [ 77.4328997, 23.2525598, 0.0 ], [ 77.4323976, 23.2524306, 0.0 ], [ 77.4317761, 23.2522707, 0.0 ], [ 77.431333, 23.2521677, 0.0 ], [ 77.4310107, 23.2521016, 0.0 ], [ 77.4310016, 23.2521108, 0.0 ], [ 77.4307874, 23.2523257, 0.0 ], [ 77.4305255, 23.2527554, 0.0 ], [ 77.4305051, 23.2528039, 0.0 ], [ 77.4302097, 23.2538815, 0.0 ], [ 77.4302007, 23.2539052, 0.0 ], [ 77.4301937, 23.2539238, 0.0 ], [ 77.4301854, 23.2539404, 0.0 ], [ 77.4301728, 23.253959, 0.0 ], [ 77.4301624, 23.2539705, 0.0 ], [ 77.4301498, 23.2539801, 0.0 ], [ 77.4301303, 23.2539878, 0.0 ], [ 77.4300467, 23.2539923, 0.0 ], [ 77.4300251, 23.2539916, 0.0 ], [ 77.4300028, 23.2539891, 0.0 ], [ 77.4299868, 23.2539884, 0.0 ], [ 77.429961, 23.253991, 0.0 ], [ 77.4299484, 23.2539968, 0.0 ], [ 77.4299336, 23.2540109, 0.0 ], [ 77.4298187, 23.2541558, 0.0 ], [ 77.4294455, 23.2547025, 0.0 ], [ 77.4292296, 23.2550601, 0.0 ], [ 77.4289625, 23.2549684, 0.0 ], [ 77.4289453, 23.2549618, 0.0 ], [ 77.4282499, 23.2547906, 0.0 ], [ 77.4282006, 23.2547785, 0.0 ], [ 77.4277292, 23.2546625, 0.0 ], [ 77.4276414, 23.2549051, 0.0 ], [ 77.4275279, 23.2548786, 0.0 ], [ 77.4271409, 23.2544044, 0.0 ], [ 77.4270472, 23.2542564, 0.0 ], [ 77.4270448, 23.2541084, 0.0 ], [ 77.427249, 23.2530605, 0.0 ], [ 77.4272675, 23.2530569, 0.0 ], [ 77.4276575, 23.2529905, 0.0 ], [ 77.4282661, 23.252866, 0.0 ], [ 77.4288812, 23.2527262, 0.0 ], [ 77.4292285, 23.2526326, 0.0 ], [ 77.4294906, 23.252562, 0.0 ], [ 77.4301041, 23.2523943, 0.0 ], [ 77.4302987, 23.2523383, 0.0 ], [ 77.43035, 23.2522978, 0.0 ], [ 77.4304525, 23.2522111, 0.0 ], [ 77.43054, 23.2521162, 0.0 ], [ 77.4306224, 23.2519928, 0.0 ], [ 77.4306339, 23.2519712, 0.0 ], [ 77.4306634, 23.2519048, 0.0 ], [ 77.4307094, 23.251772, 0.0 ], [ 77.4308053, 23.2514028, 0.0 ], [ 77.4308411, 23.2512102, 0.0 ], [ 77.4308772, 23.2509921, 0.0 ], [ 77.4316204, 23.2510448, 0.0 ], [ 77.4322014, 23.2510331, 0.0 ], [ 77.4333936, 23.2510534, 0.0 ], [ 77.4334593, 23.2517401, 0.0 ], [ 77.4338203, 23.2516885, 0.0 ], [ 77.4340664, 23.2516756, 0.0 ], [ 77.4342248, 23.2516505, 0.0 ], [ 77.4345385, 23.2516425, 0.0 ], [ 77.4349486, 23.251607, 0.0 ], [ 77.4349603, 23.2513721, 0.0 ], [ 77.4355385, 23.2513959, 0.0 ], [ 77.4359202, 23.2514233, 0.0 ], [ 77.4361985, 23.2514486, 0.0 ], [ 77.436571, 23.2514724, 0.0 ], [ 77.4367142, 23.2514675, 0.0 ], [ 77.4368258, 23.2526433, 0.0 ], [ 77.4374154, 23.2526517, 0.0 ], [ 77.4380956, 23.2526348, 0.0 ], [ 77.438615, 23.2526155, 0.0 ], [ 77.4386301, 23.2529595, 0.0 ], [ 77.4389588, 23.2529562, 0.0 ], [ 77.4389347, 23.2522743, 0.0 ], [ 77.440094, 23.252268, 0.0 ], [ 77.4403238, 23.2520537, 0.0 ], [ 77.4399526, 23.251604, 0.0 ], [ 77.4395143, 23.2510953, 0.0 ], [ 77.439581, 23.2510684, 0.0 ], [ 77.4397906, 23.2510013, 0.0 ], [ 77.4395867, 23.2505817, 0.0 ], [ 77.4394296, 23.2502441, 0.0 ], [ 77.439302, 23.2499472, 0.0 ], [ 77.4397225, 23.24979, 0.0 ], [ 77.4403885, 23.2501109, 0.0 ], [ 77.4406272, 23.2498082, 0.0 ], [ 77.4413467, 23.2500862, 0.0 ], [ 77.4427087, 23.2470046, 0.0 ], [ 77.4429222, 23.2466029, 0.0 ], [ 77.4448886, 23.2466316, 0.0 ], [ 77.4447044, 23.2468727, 0.0 ], [ 77.4447383, 23.2468926, 0.0 ], [ 77.4453192, 23.247233, 0.0 ], [ 77.4460749, 23.2477026, 0.0 ], [ 77.4470118, 23.2483453, 0.0 ], [ 77.4476404, 23.2487961, 0.0 ], [ 77.4482922, 23.2492266, 0.0 ], [ 77.4485443, 23.2489014, 0.0 ], [ 77.4480491, 23.2485217, 0.0 ], [ 77.4490486, 23.2472932, 0.0 ], [ 77.4492432, 23.2467068, 0.0 ], [ 77.4501013, 23.2467212, 0.0 ], [ 77.4500844, 23.2478478, 0.0 ], [ 77.4500662, 23.2487573, 0.0 ], [ 77.450035, 23.2503737, 0.0 ], [ 77.4500247, 23.2516624, 0.0 ], [ 77.4500081, 23.2524812, 0.0 ], [ 77.4499761, 23.2524844, 0.0 ], [ 77.4485084, 23.2527226, 0.0 ], [ 77.4480485, 23.2528007, 0.0 ], [ 77.4478013, 23.2528276, 0.0 ], [ 77.4476631, 23.2528374, 0.0 ], [ 77.4469826, 23.2528691, 0.0 ], [ 77.4455394, 23.252915, 0.0 ], [ 77.444572, 23.2529624, 0.0 ], [ 77.4445739, 23.2540011, 0.0 ], [ 77.4445603, 23.2544028, 0.0 ], [ 77.4455913, 23.2547342, 0.0 ], [ 77.4459298, 23.2548514, 0.0 ], [ 77.4458056, 23.2551781, 0.0 ], [ 77.4454569, 23.2550765, 0.0 ], [ 77.445445, 23.2550921, 0.0 ], [ 77.4446437, 23.2548873, 0.0 ], [ 77.4444105, 23.2551054, 0.0 ], [ 77.4446365, 23.2554481, 0.0 ], [ 77.4446525, 23.2554795, 0.0 ], [ 77.4446558, 23.255498, 0.0 ], [ 77.4446737, 23.2555973, 0.0 ], [ 77.444698, 23.2566103, 0.0 ], [ 77.4447348, 23.2569861, 0.0 ], [ 77.4447694, 23.2571832, 0.0 ], [ 77.4447952, 23.2572899, 0.0 ], [ 77.4448287, 23.2574151, 0.0 ], [ 77.4449618, 23.2579132, 0.0 ], [ 77.4450043, 23.2580649, 0.0 ], [ 77.4450418, 23.2581461, 0.0 ], [ 77.4452676, 23.2585446, 0.0 ], [ 77.4454535, 23.2588725, 0.0 ], [ 77.4457177, 23.2593304, 0.0 ], [ 77.4457667, 23.2594194, 0.0 ], [ 77.4459653, 23.2598187, 0.0 ], [ 77.4460257, 23.259964, 0.0 ], [ 77.4460971, 23.2602345, 0.0 ], [ 77.4461085, 23.2602913, 0.0 ], [ 77.4461217, 23.2603571, 0.0 ], [ 77.4461315, 23.2604361, 0.0 ], [ 77.4461271, 23.2605362, 0.0 ], [ 77.4461119, 23.2606312, 0.0 ], [ 77.4460346, 23.2609003, 0.0 ], [ 77.4459871, 23.2610208, 0.0 ], [ 77.4457907, 23.2613608, 0.0 ], [ 77.4451757, 23.2620117, 0.0 ], [ 77.4451071, 23.2620841, 0.0 ], [ 77.4448978, 23.2622871, 0.0 ], [ 77.4448337, 23.2623588, 0.0 ], [ 77.4448259, 23.2623695, 0.0 ], [ 77.4444468, 23.2623177, 0.0 ], [ 77.4429503, 23.2621223, 0.0 ], [ 77.4428523, 23.262796, 0.0 ], [ 77.4416764, 23.2631007, 0.0 ], [ 77.4415472, 23.2631342, 0.0 ], [ 77.4414226, 23.2631722, 0.0 ], [ 77.4410975, 23.2633116, 0.0 ], [ 77.4411374, 23.2634044, 0.0 ], [ 77.4415569, 23.2633788, 0.0 ], [ 77.4415571, 23.263381, 0.0 ], [ 77.4414272, 23.2646643, 0.0 ], [ 77.4413695, 23.2652341, 0.0 ], [ 77.4410191, 23.2652436, 0.0 ], [ 77.4409946, 23.2652442, 0.0 ], [ 77.440647, 23.2652681, 0.0 ], [ 77.4406373, 23.2653289, 0.0 ], [ 77.4406071, 23.2653301, 0.0 ], [ 77.4405706, 23.2657421, 0.0 ], [ 77.4405614, 23.2659991, 0.0 ], [ 77.4405608, 23.2660153, 0.0 ], [ 77.4417057, 23.2659669, 0.0 ], [ 77.4424555, 23.2659233, 0.0 ], [ 77.4424774, 23.2665478, 0.0 ] ] ] } },
{ "type": "Feature", "properties": { "objectid": 45, "townname": "Bhopal", "towncensuscode2011": 802312, "town_lgd_code": 250946, "ward_lgd_code": 34395, "ward_lgd_name": "Dusshera Maidan Ashoka Garden Ward", "sourcewardcode": 71, "state": "Madhya Pradesh" }, "geometry": { "type": "Polygon", "coordinates": [ [ [ 77.4382118, 23.2625926, 0.0 ], [ 77.4380336, 23.263037, 0.0 ], [ 77.4379451, 23.2631881, 0.0 ], [ 77.438491, 23.2632737, 0.0 ], [ 77.4395273, 23.2634515, 0.0 ], [ 77.4392225, 23.2656582, 0.0 ], [ 77.4397903, 23.2656678, 0.0 ], [ 77.4398153, 23.2667581, 0.0 ], [ 77.4397474, 23.2667647, 0.0 ], [ 77.4387934, 23.2668505, 0.0 ], [ 77.4374245, 23.2669208, 0.0 ], [ 77.4346825, 23.2669677, 0.0 ], [ 77.4346265, 23.2669687, 0.0 ], [ 77.4346213, 23.2664292, 0.0 ], [ 77.4346167, 23.266253, 0.0 ], [ 77.4348992, 23.2662373, 0.0 ], [ 77.4348965, 23.2662186, 0.0 ], [ 77.4348569, 23.2659497, 0.0 ], [ 77.4347725, 23.265386, 0.0 ], [ 77.4345152, 23.263665, 0.0 ], [ 77.4342923, 23.2622506, 0.0 ], [ 77.4340193, 23.2622953, 0.0 ], [ 77.4338047, 23.2623039, 0.0 ], [ 77.4336288, 23.2625579, 0.0 ], [ 77.4333263, 23.2630235, 0.0 ], [ 77.4329681, 23.262969, 0.0 ], [ 77.4318973, 23.2628789, 0.0 ], [ 77.4319594, 23.2625411, 0.0 ], [ 77.4309159, 23.2626203, 0.0 ], [ 77.4303718, 23.2626615, 0.0 ], [ 77.4301769, 23.2621605, 0.0 ], [ 77.4299699, 23.2617574, 0.0 ], [ 77.4302693, 23.2615606, 0.0 ], [ 77.4304052, 23.2614715, 0.0 ], [ 77.4305932, 23.2613255, 0.0 ], [ 77.4299558, 23.2605628, 0.0 ], [ 77.4316413, 23.2593393, 0.0 ], [ 77.4321268, 23.2589233, 0.0 ], [ 77.4322402, 23.2588421, 0.0 ], [ 77.4324724, 23.258687, 0.0 ], [ 77.4330516, 23.2583088, 0.0 ], [ 77.4337492, 23.2578648, 0.0 ], [ 77.4338445, 23.2577554, 0.0 ], [ 77.4340486, 23.2574553, 0.0 ], [ 77.4337543, 23.2571662, 0.0 ], [ 77.4338632, 23.2566863, 0.0 ], [ 77.4345278, 23.2568046, 0.0 ], [ 77.4345642, 23.256811, 0.0 ], [ 77.4345748, 23.2569147, 0.0 ], [ 77.4346168, 23.2575131, 0.0 ], [ 77.4346117, 23.2575616, 0.0 ], [ 77.4345981, 23.2576007, 0.0 ], [ 77.4344637, 23.2577898, 0.0 ], [ 77.434445, 23.2578127, 0.0 ], [ 77.43528, 23.2585505, 0.0 ], [ 77.4358658, 23.259068, 0.0 ], [ 77.4362346, 23.2589657, 0.0 ], [ 77.4366581, 23.2588247, 0.0 ], [ 77.4368469, 23.2587698, 0.0 ], [ 77.4368705, 23.2589287, 0.0 ], [ 77.4368808, 23.2599717, 0.0 ], [ 77.4358567, 23.2600123, 0.0 ], [ 77.4358668, 23.2603477, 0.0 ], [ 77.4359574, 23.2606885, 0.0 ], [ 77.4360836, 23.2610997, 0.0 ], [ 77.4361348, 23.2612845, 0.0 ], [ 77.4368322, 23.2611604, 0.0 ], [ 77.4368204, 23.261115, 0.0 ], [ 77.4370768, 23.2610594, 0.0 ], [ 77.4374374, 23.2609813, 0.0 ], [ 77.4374902, 23.2610797, 0.0 ], [ 77.4386667, 23.2612232, 0.0 ], [ 77.438663, 23.2612363, 0.0 ], [ 77.4385851, 23.2615579, 0.0 ], [ 77.4384905, 23.2619882, 0.0 ], [ 77.4383774, 23.2621837, 0.0 ], [ 77.4382118, 23.2625926, 0.0 ] ] ] } },
{ "type": "Feature", "properties": { "objectid": 46, "townname": "Bhopal", "towncensuscode2011": 802312, "town_lgd_code": 250946, "ward_lgd_code": 34362, "ward_lgd_name": "Semra Ward", "sourcewardcode": 38, "state": "Madhya Pradesh" }, "geometry": { "type": "Polygon", "coordinates": [ [ [ 77.4323249, 23.268702, 0.0 ], [ 77.4320679, 23.2691286, 0.0 ], [ 77.431894, 23.2693786, 0.0 ], [ 77.4318528, 23.2694822, 0.0 ], [ 77.4317803, 23.2696461, 0.0 ], [ 77.4317053, 23.2697929, 0.0 ], [ 77.431689, 23.2698222, 0.0 ], [ 77.4315646, 23.2700343, 0.0 ], [ 77.431472, 23.2701645, 0.0 ], [ 77.4313914, 23.2702596, 0.0 ], [ 77.4313581, 23.2702935, 0.0 ], [ 77.4312798, 23.2703622, 0.0 ], [ 77.4312102, 23.2704182, 0.0 ], [ 77.4311675, 23.2704488, 0.0 ], [ 77.4309979, 23.2705788, 0.0 ], [ 77.4308525, 23.2706996, 0.0 ], [ 77.4308296, 23.2707211, 0.0 ], [ 77.4308147, 23.2707416, 0.0 ], [ 77.4307987, 23.2707631, 0.0 ], [ 77.4307274, 23.2708776, 0.0 ], [ 77.4307134, 23.2708697, 0.0 ], [ 77.4304848, 23.2707094, 0.0 ], [ 77.4302334, 23.270599, 0.0 ], [ 77.4301082, 23.2705501, 0.0 ], [ 77.4295384, 23.2703817, 0.0 ], [ 77.4288695, 23.2702099, 0.0 ], [ 77.4284396, 23.2700835, 0.0 ], [ 77.4278413, 23.2699527, 0.0 ], [ 77.4276183, 23.2699345, 0.0 ], [ 77.4268565, 23.2699037, 0.0 ], [ 77.4264278, 23.2698969, 0.0 ], [ 77.4260723, 23.2697831, 0.0 ], [ 77.4259038, 23.2696966, 0.0 ], [ 77.4252052, 23.2692562, 0.0 ], [ 77.4246353, 23.268875, 0.0 ], [ 77.4245102, 23.2687908, 0.0 ], [ 77.4243356, 23.2687191, 0.0 ], [ 77.4242377, 23.2686838, 0.0 ], [ 77.4237314, 23.268954, 0.0 ], [ 77.4233507, 23.268793, 0.0 ], [ 77.4233049, 23.2687691, 0.0 ], [ 77.4232739, 23.2687475, 0.0 ], [ 77.4232392, 23.2687179, 0.0 ], [ 77.4232095, 23.2686883, 0.0 ], [ 77.4231897, 23.2686633, 0.0 ], [ 77.4231736, 23.268644, 0.0 ], [ 77.4231302, 23.2685734, 0.0 ], [ 77.4231005, 23.2685006, 0.0 ], [ 77.4230332, 23.2682636, 0.0 ], [ 77.4230272, 23.2682274, 0.0 ], [ 77.4229909, 23.2679663, 0.0 ], [ 77.4230393, 23.2672745, 0.0 ], [ 77.4230393, 23.2672161, 0.0 ], [ 77.4230211, 23.2671189, 0.0 ], [ 77.4229667, 23.2669244, 0.0 ], [ 77.4229062, 23.2667632, 0.0 ], [ 77.4228452, 23.2666255, 0.0 ], [ 77.4227472, 23.2663978, 0.0 ], [ 77.4227762, 23.2663904, 0.0 ], [ 77.4229868, 23.2663246, 0.0 ], [ 77.4230855, 23.2660828, 0.0 ], [ 77.4231513, 23.2659778, 0.0 ], [ 77.42319, 23.2659263, 0.0 ], [ 77.4232229, 23.2658996, 0.0 ], [ 77.4232907, 23.2658463, 0.0 ], [ 77.4234068, 23.2657769, 0.0 ], [ 77.4235055, 23.2657342, 0.0 ], [ 77.423612, 23.2657058, 0.0 ], [ 77.4237552, 23.2656791, 0.0 ], [ 77.4237765, 23.2656738, 0.0 ], [ 77.4236765, 23.266441, 0.0 ], [ 77.4237787, 23.2664561, 0.0 ], [ 77.4237914, 23.2664622, 0.0 ], [ 77.4238091, 23.2664743, 0.0 ], [ 77.4238162, 23.2664808, 0.0 ], [ 77.4238218, 23.2664883, 0.0 ], [ 77.4239598, 23.2666775, 0.0 ], [ 77.423973, 23.2666873, 0.0 ], [ 77.4239812, 23.266692, 0.0 ], [ 77.4240248, 23.2667102, 0.0 ], [ 77.4240487, 23.2667217, 0.0 ], [ 77.4241401, 23.266766, 0.0 ], [ 77.4243876, 23.2668857, 0.0 ], [ 77.4246068, 23.2659565, 0.0 ], [ 77.4246262, 23.2657236, 0.0 ], [ 77.4246084, 23.2654196, 0.0 ], [ 77.4243788, 23.2653845, 0.0 ], [ 77.4243998, 23.2653476, 0.0 ], [ 77.4244739, 23.2652177, 0.0 ], [ 77.424489, 23.2651842, 0.0 ], [ 77.4244906, 23.265174, 0.0 ], [ 77.4244913, 23.2651652, 0.0 ], [ 77.4244744, 23.2649278, 0.0 ], [ 77.4244878, 23.2648249, 0.0 ], [ 77.4245442, 23.2645793, 0.0 ], [ 77.4245659, 23.2644849, 0.0 ], [ 77.42437, 23.2645177, 0.0 ], [ 77.423762, 23.2646074, 0.0 ], [ 77.4235539, 23.2646426, 0.0 ], [ 77.4233431, 23.2634638, 0.0 ], [ 77.4231844, 23.263435, 0.0 ], [ 77.4231824, 23.2627385, 0.0 ], [ 77.4229881, 23.2627426, 0.0 ], [ 77.4229715, 23.2625797, 0.0 ], [ 77.4229683, 23.262548, 0.0 ], [ 77.4229754, 23.2624857, 0.0 ], [ 77.4229774, 23.2624788, 0.0 ], [ 77.4229819, 23.2624693, 0.0 ], [ 77.4229884, 23.2624579, 0.0 ], [ 77.4230001, 23.2624388, 0.0 ], [ 77.4230147, 23.2624278, 0.0 ], [ 77.4230358, 23.2624173, 0.0 ], [ 77.4230746, 23.2624055, 0.0 ], [ 77.4230928, 23.2624011, 0.0 ], [ 77.4231253, 23.2623946, 0.0 ], [ 77.4231753, 23.2623895, 0.0 ], [ 77.4234211, 23.2623868, 0.0 ], [ 77.4235162, 23.2623858, 0.0 ], [ 77.4237, 23.2623635, 0.0 ], [ 77.42372, 23.2623589, 0.0 ], [ 77.423727, 23.2623558, 0.0 ], [ 77.4237407, 23.2623461, 0.0 ], [ 77.4237456, 23.2623408, 0.0 ], [ 77.4238288, 23.2622495, 0.0 ], [ 77.4238619, 23.2622023, 0.0 ], [ 77.4238706, 23.2621884, 0.0 ], [ 77.4238793, 23.2621651, 0.0 ], [ 77.423888, 23.262128, 0.0 ], [ 77.423916, 23.2620084, 0.0 ], [ 77.4239521, 23.2617312, 0.0 ], [ 77.4240609, 23.2617455, 0.0 ], [ 77.4243042, 23.2618018, 0.0 ], [ 77.4245407, 23.2618815, 0.0 ], [ 77.4250714, 23.2620581, 0.0 ], [ 77.4265583, 23.2625145, 0.0 ], [ 77.4267692, 23.2627974, 0.0 ], [ 77.4269206, 23.2626708, 0.0 ], [ 77.4273501, 23.2623399, 0.0 ], [ 77.4276925, 23.2621064, 0.0 ], [ 77.4284979, 23.2615714, 0.0 ], [ 77.4292066, 23.2611013, 0.0 ], [ 77.4298701, 23.2606213, 0.0 ], [ 77.4299558, 23.2605628, 0.0 ], [ 77.4305932, 23.2613255, 0.0 ], [ 77.4304052, 23.2614715, 0.0 ], [ 77.4302693, 23.2615606, 0.0 ], [ 77.4299699, 23.2617574, 0.0 ], [ 77.4301769, 23.2621605, 0.0 ], [ 77.4303718, 23.2626615, 0.0 ], [ 77.4309159, 23.2626203, 0.0 ], [ 77.4319594, 23.2625411, 0.0 ], [ 77.4318973, 23.2628789, 0.0 ], [ 77.4329681, 23.262969, 0.0 ], [ 77.4333263, 23.2630235, 0.0 ], [ 77.4336288, 23.2625579, 0.0 ], [ 77.4338047, 23.2623039, 0.0 ], [ 77.4340193, 23.2622953, 0.0 ], [ 77.4342923, 23.2622506, 0.0 ], [ 77.4345152, 23.263665, 0.0 ], [ 77.4347725, 23.265386, 0.0 ], [ 77.4348569, 23.2659497, 0.0 ], [ 77.4348965, 23.2662186, 0.0 ], [ 77.4348992, 23.2662373, 0.0 ], [ 77.4346167, 23.266253, 0.0 ], [ 77.4346213, 23.2664292, 0.0 ], [ 77.4346265, 23.2669687, 0.0 ], [ 77.4336639, 23.2669851, 0.0 ], [ 77.4335441, 23.2669834, 0.0 ], [ 77.4335287, 23.2669859, 0.0 ], [ 77.4335031, 23.2669917, 0.0 ], [ 77.4334717, 23.267003, 0.0 ], [ 77.4334451, 23.2670157, 0.0 ], [ 77.4334249, 23.2670313, 0.0 ], [ 77.4334042, 23.2670504, 0.0 ], [ 77.4333402, 23.2671234, 0.0 ], [ 77.4331265, 23.2673674, 0.0 ], [ 77.4330809, 23.2674194, 0.0 ], [ 77.4330126, 23.2674901, 0.0 ], [ 77.4329785, 23.2675219, 0.0 ], [ 77.4329158, 23.2675886, 0.0 ], [ 77.4328731, 23.2676447, 0.0 ], [ 77.4327115, 23.2679083, 0.0 ], [ 77.4326707, 23.2679907, 0.0 ], [ 77.432592, 23.2682009, 0.0 ], [ 77.4325411, 23.268311, 0.0 ], [ 77.4323249, 23.268702, 0.0 ] ] ] } },
{ "type": "Feature", "properties": { "objectid": 47, "townname": "Bhopal", "towncensuscode2011": 802312, "town_lgd_code": 250946, "ward_lgd_code": 32930, "ward_lgd_name": "Bhauri Ward", "sourcewardcode": 3, "state": "Madhya Pradesh" }, "geometry": { "type": "Polygon", "coordinates": [ [ [ 77.3196762, 23.3059763, 0.0 ], [ 77.3196888, 23.3059801, 0.0 ], [ 77.3197234, 23.3059904, 0.0 ], [ 77.3197502, 23.3060044, 0.0 ], [ 77.3197757, 23.3060302, 0.0 ], [ 77.3197986, 23.3060665, 0.0 ], [ 77.3198104, 23.3061047, 0.0 ], [ 77.319828, 23.3061613, 0.0 ], [ 77.3199363, 23.3066356, 0.0 ], [ 77.3200537, 23.3072199, 0.0 ], [ 77.3200677, 23.3073417, 0.0 ], [ 77.3200741, 23.3075349, 0.0 ], [ 77.3200885, 23.3078276, 0.0 ], [ 77.3200791, 23.3082279, 0.0 ], [ 77.320061, 23.3083487, 0.0 ], [ 77.32002, 23.3086224, 0.0 ], [ 77.3199297, 23.3088968, 0.0 ], [ 77.3198021, 23.3091741, 0.0 ], [ 77.3196589, 23.3094143, 0.0 ], [ 77.3194659, 23.3096801, 0.0 ], [ 77.3191209, 23.3100782, 0.0 ], [ 77.3174083, 23.3080592, 0.0 ], [ 77.3169912, 23.3076361, 0.0 ], [ 77.3167609, 23.3074388, 0.0 ], [ 77.3165368, 23.3073016, 0.0 ], [ 77.3161539, 23.3070815, 0.0 ], [ 77.3158488, 23.3069471, 0.0 ], [ 77.31475, 23.3066012, 0.0 ], [ 77.3128263, 23.3059637, 0.0 ], [ 77.3107034, 23.3051346, 0.0 ], [ 77.3057294, 23.3032455, 0.0 ], [ 77.3046109, 23.3028663, 0.0 ], [ 77.303663, 23.3025803, 0.0 ], [ 77.3029698, 23.3023465, 0.0 ], [ 77.3025948, 23.3021917, 0.0 ], [ 77.3020168, 23.3019278, 0.0 ], [ 77.3014939, 23.3016355, 0.0 ], [ 77.299667, 23.3003357, 0.0 ], [ 77.2976905, 23.2987766, 0.0 ], [ 77.29752, 23.2986562, 0.0 ], [ 77.2971676, 23.2984073, 0.0 ], [ 77.2970135, 23.2982985, 0.0 ], [ 77.2966759, 23.2978211, 0.0 ], [ 77.2965016, 23.2972278, 0.0 ], [ 77.2960547, 23.2931166, 0.0 ], [ 77.2959714, 23.292384, 0.0 ], [ 77.2959245, 23.2920177, 0.0 ], [ 77.2958104, 23.2915494, 0.0 ], [ 77.2957543, 23.2913835, 0.0 ], [ 77.295692, 23.2912318, 0.0 ], [ 77.2954237, 23.2907081, 0.0 ], [ 77.2948927, 23.2901286, 0.0 ], [ 77.2926649, 23.2883422, 0.0 ], [ 77.2926224, 23.2883288, 0.0 ], [ 77.2925916, 23.2883367, 0.0 ], [ 77.2925707, 23.2883593, 0.0 ], [ 77.2925584, 23.2883955, 0.0 ], [ 77.2925918, 23.28865, 0.0 ], [ 77.2929522, 23.2905578, 0.0 ], [ 77.292964, 23.2908483, 0.0 ], [ 77.292687, 23.2937108, 0.0 ], [ 77.2917869, 23.297103, 0.0 ], [ 77.2912437, 23.3000518, 0.0 ], [ 77.2874203, 23.3021981, 0.0 ], [ 77.2852565, 23.3036017, 0.0 ], [ 77.2847087, 23.3034268, 0.0 ], [ 77.2844081, 23.3033664, 0.0 ], [ 77.2835979, 23.3036757, 0.0 ], [ 77.2822642, 23.3041105, 0.0 ], [ 77.2814425, 23.3043747, 0.0 ], [ 77.2790509, 23.304972, 0.0 ], [ 77.2778347, 23.3051913, 0.0 ], [ 77.2766406, 23.3052035, 0.0 ], [ 77.2690558, 23.3058938, 0.0 ], [ 77.2677767, 23.3059241, 0.0 ], [ 77.2670767, 23.3059477, 0.0 ], [ 77.2663255, 23.3060689, 0.0 ], [ 77.2640386, 23.3063785, 0.0 ], [ 77.2627497, 23.3063994, 0.0 ], [ 77.2604602, 23.3065185, 0.0 ], [ 77.2605907, 23.3033481, 0.0 ], [ 77.2606737, 23.301819, 0.0 ], [ 77.2644054, 23.2954889, 0.0 ], [ 77.2660818, 23.2928563, 0.0 ], [ 77.2668707, 23.2915488, 0.0 ], [ 77.2671355, 23.2912015, 0.0 ], [ 77.2703217, 23.2870227, 0.0 ], [ 77.271054, 23.2836788, 0.0 ], [ 77.2710822, 23.2810556, 0.0 ], [ 77.2700997, 23.2785468, 0.0 ], [ 77.2677744, 23.2732845, 0.0 ], [ 77.2672847, 23.2721763, 0.0 ], [ 77.2653761, 23.2715992, 0.0 ], [ 77.2652547, 23.2703842, 0.0 ], [ 77.2643072, 23.2691172, 0.0 ], [ 77.2646833, 23.2685765, 0.0 ], [ 77.2636552, 23.2657246, 0.0 ], [ 77.2646157, 23.2609068, 0.0 ], [ 77.2640202, 23.2604293, 0.0 ], [ 77.2629015, 23.2599964, 0.0 ], [ 77.2639851, 23.2559002, 0.0 ], [ 77.2706971, 23.2426863, 0.0 ], [ 77.2805687, 23.2453113, 0.0 ], [ 77.2870684, 23.2450816, 0.0 ], [ 77.3163708, 23.2516276, 0.0 ], [ 77.32022, 23.2507074, 0.0 ], [ 77.3238998, 23.2511484, 0.0 ], [ 77.3365163, 23.2503726, 0.0 ], [ 77.3303529, 23.2580019, 0.0 ], [ 77.3277993, 23.264064, 0.0 ], [ 77.3269815, 23.2693609, 0.0 ], [ 77.3335133, 23.2703938, 0.0 ], [ 77.3321746, 23.2736261, 0.0 ], [ 77.3320998, 23.274732, 0.0 ], [ 77.3339682, 23.276533, 0.0 ], [ 77.333497, 23.2794635, 0.0 ], [ 77.3335937, 23.2807635, 0.0 ], [ 77.3277702, 23.2818188, 0.0 ], [ 77.3257284, 23.2828398, 0.0 ], [ 77.3235526, 23.2828226, 0.0 ], [ 77.3146858, 23.2865457, 0.0 ], [ 77.3177155, 23.2929052, 0.0 ], [ 77.3081027, 23.297279, 0.0 ], [ 77.3086418, 23.2983299, 0.0 ], [ 77.3034861, 23.3008597, 0.0 ], [ 77.304154, 23.3020871, 0.0 ], [ 77.3063797, 23.3009836, 0.0 ], [ 77.3099301, 23.2992757, 0.0 ], [ 77.3099772, 23.299253, 0.0 ], [ 77.3103972, 23.2996825, 0.0 ], [ 77.3109672, 23.3002654, 0.0 ], [ 77.311013, 23.3002998, 0.0 ], [ 77.3110754, 23.3003151, 0.0 ], [ 77.3111378, 23.3003189, 0.0 ], [ 77.3112251, 23.3002845, 0.0 ], [ 77.3129554, 23.2994472, 0.0 ], [ 77.3149262, 23.2984949, 0.0 ], [ 77.3170575, 23.2974808, 0.0 ], [ 77.31726, 23.2976746, 0.0 ], [ 77.3198421, 23.3008517, 0.0 ], [ 77.3192668, 23.3012952, 0.0 ], [ 77.3192481, 23.3021398, 0.0 ], [ 77.3193178, 23.3030688, 0.0 ], [ 77.319392, 23.3040565, 0.0 ], [ 77.3193322, 23.3041062, 0.0 ], [ 77.3192861, 23.3041447, 0.0 ], [ 77.3193276, 23.3048161, 0.0 ], [ 77.3193906, 23.3056414, 0.0 ], [ 77.3193787, 23.3056418, 0.0 ], [ 77.3192146, 23.3056468, 0.0 ], [ 77.3190056, 23.3056531, 0.0 ], [ 77.318975, 23.305659, 0.0 ], [ 77.3189622, 23.3056731, 0.0 ], [ 77.3189571, 23.3056906, 0.0 ], [ 77.3189546, 23.3057421, 0.0 ], [ 77.3189686, 23.3058991, 0.0 ], [ 77.3189763, 23.3059225, 0.0 ], [ 77.3189954, 23.3059459, 0.0 ], [ 77.3190234, 23.3059635, 0.0 ], [ 77.319063, 23.305974, 0.0 ], [ 77.3195844, 23.3059693, 0.0 ], [ 77.319638, 23.3059717, 0.0 ], [ 77.3196762, 23.3059763, 0.0 ] ] ] } },
{ "type": "Feature", "properties": { "objectid": 59, "townname": "Bhopal", "towncensuscode2011": 802312, "town_lgd_code": 250946, "ward_lgd_code": 881943, "ward_lgd_name": "Karond Ward", "sourcewardcode": 78, "state": "Madhya Pradesh" }, "geometry": { "type": "Polygon", "coordinates": [ [ [ 77.4190624, 23.3034361, 0.0 ], [ 77.4173458, 23.3032263, 0.0 ], [ 77.4142897, 23.3029098, 0.0 ], [ 77.4142885, 23.3028338, 0.0 ], [ 77.4144281, 23.3018659, 0.0 ], [ 77.4144174, 23.3017592, 0.0 ], [ 77.4139203, 23.2999022, 0.0 ], [ 77.413603, 23.298756, 0.0 ], [ 77.4130263, 23.2970909, 0.0 ], [ 77.4113257, 23.297523, 0.0 ], [ 77.4111329, 23.2970561, 0.0 ], [ 77.4109284, 23.2965195, 0.0 ], [ 77.4109056, 23.2964515, 0.0 ], [ 77.4109418, 23.2963721, 0.0 ], [ 77.4108288, 23.2960584, 0.0 ], [ 77.4102118, 23.2960908, 0.0 ], [ 77.4100099, 23.2961059, 0.0 ], [ 77.409649, 23.2961174, 0.0 ], [ 77.4088668, 23.2961155, 0.0 ], [ 77.4082473, 23.2961342, 0.0 ], [ 77.4082916, 23.2972327, 0.0 ], [ 77.4076377, 23.2972705, 0.0 ], [ 77.407577, 23.2971358, 0.0 ], [ 77.4075703, 23.2967129, 0.0 ], [ 77.4078036, 23.2966985, 0.0 ], [ 77.4077625, 23.2961665, 0.0 ], [ 77.4068064, 23.2961583, 0.0 ], [ 77.4067197, 23.2961508, 0.0 ], [ 77.4063867, 23.296077, 0.0 ], [ 77.4063718, 23.296068, 0.0 ], [ 77.4063649, 23.2960614, 0.0 ], [ 77.4063581, 23.2960435, 0.0 ], [ 77.4063482, 23.2957924, 0.0 ], [ 77.4063461, 23.2957872, 0.0 ], [ 77.4063435, 23.2957848, 0.0 ], [ 77.406338, 23.2957825, 0.0 ], [ 77.4063343, 23.2957818, 0.0 ], [ 77.4063265, 23.2957816, 0.0 ], [ 77.4061155, 23.2957874, 0.0 ], [ 77.4050297, 23.2958382, 0.0 ], [ 77.4050593, 23.29616, 0.0 ], [ 77.4037928, 23.2962813, 0.0 ], [ 77.404209, 23.3010532, 0.0 ], [ 77.4022646, 23.3013355, 0.0 ], [ 77.402624, 23.3028583, 0.0 ], [ 77.4011113, 23.3029067, 0.0 ], [ 77.3971583, 23.3031658, 0.0 ], [ 77.395753, 23.3030833, 0.0 ], [ 77.3937853, 23.3028929, 0.0 ], [ 77.3937415, 23.3028707, 0.0 ], [ 77.3937224, 23.302852, 0.0 ], [ 77.3937161, 23.3028316, 0.0 ], [ 77.3937202, 23.3025233, 0.0 ], [ 77.3937251, 23.3025073, 0.0 ], [ 77.3939223, 23.3021447, 0.0 ], [ 77.3939392, 23.3021101, 0.0 ], [ 77.3939495, 23.3020773, 0.0 ], [ 77.3939535, 23.3020477, 0.0 ], [ 77.3939488, 23.3020037, 0.0 ], [ 77.3937373, 23.3010408, 0.0 ], [ 77.3935374, 23.3000666, 0.0 ], [ 77.3937863, 23.3000031, 0.0 ], [ 77.3932974, 23.299065, 0.0 ], [ 77.3933817, 23.2990258, 0.0 ], [ 77.3933141, 23.2989018, 0.0 ], [ 77.3924119, 23.2991556, 0.0 ], [ 77.3914787, 23.2994052, 0.0 ], [ 77.3913777, 23.2993911, 0.0 ], [ 77.391568, 23.2983847, 0.0 ], [ 77.3929721, 23.2983153, 0.0 ], [ 77.3929156, 23.2977675, 0.0 ], [ 77.3940465, 23.2976701, 0.0 ], [ 77.3940295, 23.2972291, 0.0 ], [ 77.3958418, 23.2971437, 0.0 ], [ 77.3959003, 23.2975336, 0.0 ], [ 77.400877, 23.2972152, 0.0 ], [ 77.4007594, 23.2955328, 0.0 ], [ 77.4036673, 23.2950353, 0.0 ], [ 77.4034664, 23.2908933, 0.0 ], [ 77.4064535, 23.2906816, 0.0 ], [ 77.4064755, 23.2906837, 0.0 ], [ 77.4064834, 23.29069, 0.0 ], [ 77.4064884, 23.2907019, 0.0 ], [ 77.4064935, 23.2907255, 0.0 ], [ 77.4066307, 23.2920373, 0.0 ], [ 77.406637, 23.2920654, 0.0 ], [ 77.4066474, 23.2920783, 0.0 ], [ 77.4066666, 23.292086, 0.0 ], [ 77.4093864, 23.2919802, 0.0 ], [ 77.4095036, 23.2919762, 0.0 ], [ 77.4098367, 23.2920054, 0.0 ], [ 77.4100184, 23.2920379, 0.0 ], [ 77.4116648, 23.2924698, 0.0 ], [ 77.4117124, 23.2925098, 0.0 ], [ 77.4117962, 23.2927693, 0.0 ], [ 77.4118181, 23.2928215, 0.0 ], [ 77.4118393, 23.2928376, 0.0 ], [ 77.4134891, 23.2933697, 0.0 ], [ 77.4163312, 23.2945785, 0.0 ], [ 77.4165286, 23.2946683, 0.0 ], [ 77.4166662, 23.2947251, 0.0 ], [ 77.4168284, 23.2947738, 0.0 ], [ 77.4169649, 23.2948039, 0.0 ], [ 77.4174699, 23.2949005, 0.0 ], [ 77.4190193, 23.2951602, 0.0 ], [ 77.4192281, 23.295198, 0.0 ], [ 77.4192925, 23.2952178, 0.0 ], [ 77.4193246, 23.2952323, 0.0 ], [ 77.4193906, 23.2952712, 0.0 ], [ 77.4194246, 23.2952956, 0.0 ], [ 77.4194493, 23.2953186, 0.0 ], [ 77.419482, 23.2953551, 0.0 ], [ 77.4195179, 23.2954159, 0.0 ], [ 77.4195375, 23.2954691, 0.0 ], [ 77.4195478, 23.2955165, 0.0 ], [ 77.4195505, 23.2955434, 0.0 ], [ 77.4195458, 23.2956287, 0.0 ], [ 77.4195055, 23.2961028, 0.0 ], [ 77.4190624, 23.3034361, 0.0 ] ] ] } },
{ "type": "Feature", "properties": { "objectid": 48, "townname": "Bhopal", "towncensuscode2011": 802312, "town_lgd_code": 250946, "ward_lgd_code": 32929, "ward_lgd_name": "Airport Ward", "sourcewardcode": 2, "state": "Madhya Pradesh" }, "geometry": { "type": "Polygon", "coordinates": [ [ [ 77.3099301, 23.2992757, 0.0 ], [ 77.3063797, 23.3009836, 0.0 ], [ 77.304154, 23.3020871, 0.0 ], [ 77.3034861, 23.3008597, 0.0 ], [ 77.3086418, 23.2983299, 0.0 ], [ 77.3081027, 23.297279, 0.0 ], [ 77.3177155, 23.2929052, 0.0 ], [ 77.3146858, 23.2865457, 0.0 ], [ 77.3235526, 23.2828226, 0.0 ], [ 77.3257284, 23.2828398, 0.0 ], [ 77.3277702, 23.2818188, 0.0 ], [ 77.3335937, 23.2807635, 0.0 ], [ 77.333497, 23.2794635, 0.0 ], [ 77.3339682, 23.276533, 0.0 ], [ 77.3320998, 23.274732, 0.0 ], [ 77.3321746, 23.2736261, 0.0 ], [ 77.3358063, 23.2739604, 0.0 ], [ 77.3533122, 23.2755719, 0.0 ], [ 77.3533572, 23.2790554, 0.0 ], [ 77.3534277, 23.2800364, 0.0 ], [ 77.3542503, 23.2803815, 0.0 ], [ 77.3549783, 23.2802347, 0.0 ], [ 77.3553564, 23.2811296, 0.0 ], [ 77.3557235, 23.2817363, 0.0 ], [ 77.3560898, 23.2823198, 0.0 ], [ 77.3562716, 23.2824995, 0.0 ], [ 77.3564255, 23.282675, 0.0 ], [ 77.3565673, 23.2827932, 0.0 ], [ 77.357909, 23.2835859, 0.0 ], [ 77.3535552, 23.2875219, 0.0 ], [ 77.3529929, 23.2869025, 0.0 ], [ 77.3521681, 23.286585, 0.0 ], [ 77.3521404, 23.2859942, 0.0 ], [ 77.3524124, 23.2855235, 0.0 ], [ 77.3525682, 23.2846652, 0.0 ], [ 77.3521061, 23.2840779, 0.0 ], [ 77.3524795, 23.2828544, 0.0 ], [ 77.3517225, 23.2827799, 0.0 ], [ 77.3513891, 23.2826061, 0.0 ], [ 77.3514848, 23.282099, 0.0 ], [ 77.3511047, 23.2818016, 0.0 ], [ 77.3511891, 23.2806763, 0.0 ], [ 77.3516684, 23.2801462, 0.0 ], [ 77.3518147, 23.2795373, 0.0 ], [ 77.3518069, 23.279537, 0.0 ], [ 77.3508468, 23.2794995, 0.0 ], [ 77.347695, 23.2809808, 0.0 ], [ 77.3413879, 23.2841779, 0.0 ], [ 77.3442172, 23.2853917, 0.0 ], [ 77.3442801, 23.2854234, 0.0 ], [ 77.3442914, 23.285433, 0.0 ], [ 77.3442945, 23.2854462, 0.0 ], [ 77.3442937, 23.285473, 0.0 ], [ 77.3442837, 23.2855077, 0.0 ], [ 77.343772, 23.2867109, 0.0 ], [ 77.3437546, 23.2867721, 0.0 ], [ 77.3437542, 23.2868247, 0.0 ], [ 77.3437585, 23.2868608, 0.0 ], [ 77.3437733, 23.286893, 0.0 ], [ 77.3437946, 23.286917, 0.0 ], [ 77.3438243, 23.2869356, 0.0 ], [ 77.3439466, 23.2869868, 0.0 ], [ 77.3480406, 23.2884216, 0.0 ], [ 77.3484069, 23.2885343, 0.0 ], [ 77.3493451, 23.2887514, 0.0 ], [ 77.3506996, 23.2890521, 0.0 ], [ 77.3513234, 23.2892087, 0.0 ], [ 77.3514726, 23.2892617, 0.0 ], [ 77.3515956, 23.2893331, 0.0 ], [ 77.3516222, 23.2893539, 0.0 ], [ 77.3517105, 23.2894458, 0.0 ], [ 77.3517866, 23.2895418, 0.0 ], [ 77.3521642, 23.2901428, 0.0 ], [ 77.3526023, 23.2907997, 0.0 ], [ 77.3537303, 23.2925534, 0.0 ], [ 77.354177, 23.2932455, 0.0 ], [ 77.3543487, 23.2935925, 0.0 ], [ 77.3544775, 23.2939275, 0.0 ], [ 77.354541, 23.2942171, 0.0 ], [ 77.3545715, 23.2946296, 0.0 ], [ 77.3545475, 23.2949211, 0.0 ], [ 77.3544792, 23.2952535, 0.0 ], [ 77.3544352, 23.2953885, 0.0 ], [ 77.3542893, 23.295722, 0.0 ], [ 77.3541802, 23.2959191, 0.0 ], [ 77.3532716, 23.2972919, 0.0 ], [ 77.3509568, 23.2961067, 0.0 ], [ 77.3468166, 23.2950569, 0.0 ], [ 77.3455446, 23.2952263, 0.0 ], [ 77.3442282, 23.296091, 0.0 ], [ 77.3449661, 23.297728, 0.0 ], [ 77.3443209, 23.2980507, 0.0 ], [ 77.3430298, 23.2991807, 0.0 ], [ 77.3428707, 23.2994542, 0.0 ], [ 77.3424311, 23.2998816, 0.0 ], [ 77.3414841, 23.3002708, 0.0 ], [ 77.3411131, 23.2991426, 0.0 ], [ 77.3409219, 23.2989335, 0.0 ], [ 77.3387283, 23.3007729, 0.0 ], [ 77.3379542, 23.3014192, 0.0 ], [ 77.3376373, 23.3010642, 0.0 ], [ 77.3370245, 23.3010229, 0.0 ], [ 77.3375122, 23.3002818, 0.0 ], [ 77.3371229, 23.2999482, 0.0 ], [ 77.3367135, 23.2999058, 0.0 ], [ 77.3364539, 23.2992755, 0.0 ], [ 77.3363844, 23.2989, 0.0 ], [ 77.3361425, 23.2984862, 0.0 ], [ 77.3358426, 23.2985974, 0.0 ], [ 77.335615, 23.2982667, 0.0 ], [ 77.3354463, 23.297392, 0.0 ], [ 77.3358812, 23.2963556, 0.0 ], [ 77.3357368, 23.2957084, 0.0 ], [ 77.3356938, 23.295599, 0.0 ], [ 77.3356587, 23.2955428, 0.0 ], [ 77.3355887, 23.2955046, 0.0 ], [ 77.3355209, 23.2955146, 0.0 ], [ 77.3352655, 23.295628, 0.0 ], [ 77.3342903, 23.2961617, 0.0 ], [ 77.3308744, 23.2908447, 0.0 ], [ 77.3240573, 23.2940889, 0.0 ], [ 77.3170575, 23.2974808, 0.0 ], [ 77.3149262, 23.2984949, 0.0 ], [ 77.3129554, 23.2994472, 0.0 ], [ 77.3112251, 23.3002845, 0.0 ], [ 77.3111378, 23.3003189, 0.0 ], [ 77.3110754, 23.3003151, 0.0 ], [ 77.311013, 23.3002998, 0.0 ], [ 77.3109672, 23.3002654, 0.0 ], [ 77.3103972, 23.2996825, 0.0 ], [ 77.3099772, 23.299253, 0.0 ], [ 77.3099301, 23.2992757, 0.0 ] ] ] } },
{ "type": "Feature", "properties": { "objectid": 49, "townname": "Bhopal", "towncensuscode2011": 802312, "town_lgd_code": 250946, "ward_lgd_code": 32928, "ward_lgd_name": "Mahatma Gandhi Ward", "sourcewardcode": 1, "state": "Madhya Pradesh" }, "geometry": { "type": "Polygon", "coordinates": [ [ [ 77.3609944, 23.3010818, 0.0 ], [ 77.3621075, 23.3014526, 0.0 ], [ 77.3643738, 23.3015121, 0.0 ], [ 77.3643388, 23.3029347, 0.0 ], [ 77.3665041, 23.3086202, 0.0 ], [ 77.3668648, 23.3106205, 0.0 ], [ 77.3671397, 23.3124816, 0.0 ], [ 77.367382, 23.3149759, 0.0 ], [ 77.3673494, 23.315333, 0.0 ], [ 77.3662939, 23.3180573, 0.0 ], [ 77.3649624, 23.3187251, 0.0 ], [ 77.3648886, 23.319027, 0.0 ], [ 77.3650325, 23.3198947, 0.0 ], [ 77.3646677, 23.3200557, 0.0 ], [ 77.3638351, 23.3200726, 0.0 ], [ 77.363796, 23.3225352, 0.0 ], [ 77.3638986, 23.3237033, 0.0 ], [ 77.3636336, 23.3238605, 0.0 ], [ 77.3634141, 23.3255264, 0.0 ], [ 77.3617927, 23.3258748, 0.0 ], [ 77.3618696, 23.3263635, 0.0 ], [ 77.3617408, 23.3265537, 0.0 ], [ 77.3615594, 23.3289247, 0.0 ], [ 77.3612011, 23.3305682, 0.0 ], [ 77.3615783, 23.3317928, 0.0 ], [ 77.3614428, 23.3322835, 0.0 ], [ 77.3609751, 23.332553, 0.0 ], [ 77.3609463, 23.3325716, 0.0 ], [ 77.3594891, 23.3327226, 0.0 ], [ 77.3587278, 23.3328391, 0.0 ], [ 77.3583731, 23.332942, 0.0 ], [ 77.3567949, 23.333559, 0.0 ], [ 77.3471183, 23.3317476, 0.0 ], [ 77.3420624, 23.3308868, 0.0 ], [ 77.3388134, 23.3299111, 0.0 ], [ 77.3388279, 23.3292525, 0.0 ], [ 77.3382131, 23.3283029, 0.0 ], [ 77.3370423, 23.3281726, 0.0 ], [ 77.3365596, 23.3267831, 0.0 ], [ 77.3362515, 23.3265431, 0.0 ], [ 77.3358658, 23.3259742, 0.0 ], [ 77.3352949, 23.3225779, 0.0 ], [ 77.3346558, 23.3221319, 0.0 ], [ 77.3339571, 23.3204789, 0.0 ], [ 77.3335992, 23.3201217, 0.0 ], [ 77.3328026, 23.3195974, 0.0 ], [ 77.3316618, 23.3179625, 0.0 ], [ 77.3316151, 23.3172721, 0.0 ], [ 77.3323244, 23.3169667, 0.0 ], [ 77.3315057, 23.3152746, 0.0 ], [ 77.3311309, 23.3150676, 0.0 ], [ 77.3304073, 23.3133649, 0.0 ], [ 77.3297587, 23.3122038, 0.0 ], [ 77.3290685, 23.3109931, 0.0 ], [ 77.3288324, 23.3108011, 0.0 ], [ 77.3282495, 23.3106307, 0.0 ], [ 77.3276394, 23.3100305, 0.0 ], [ 77.3379542, 23.3014192, 0.0 ], [ 77.3387283, 23.3007729, 0.0 ], [ 77.3409219, 23.2989335, 0.0 ], [ 77.3411131, 23.2991426, 0.0 ], [ 77.3414841, 23.3002708, 0.0 ], [ 77.3424311, 23.2998816, 0.0 ], [ 77.3428707, 23.2994542, 0.0 ], [ 77.3430298, 23.2991807, 0.0 ], [ 77.3443209, 23.2980507, 0.0 ], [ 77.3449661, 23.297728, 0.0 ], [ 77.3442282, 23.296091, 0.0 ], [ 77.3455446, 23.2952263, 0.0 ], [ 77.3468166, 23.2950569, 0.0 ], [ 77.3509568, 23.2961067, 0.0 ], [ 77.3532716, 23.2972919, 0.0 ], [ 77.3582706, 23.2997475, 0.0 ], [ 77.3609944, 23.3010818, 0.0 ] ] ] } },
{ "type": "Feature", "properties": { "objectid": 50, "townname": "Bhopal", "towncensuscode2011": 802312, "town_lgd_code": 250946, "ward_lgd_code": 32931, "ward_lgd_name": "Hemu Colony Ward", "sourcewardcode": 4, "state": "Madhya Pradesh" }, "geometry": { "type": "Polygon", "coordinates": [ [ [ 77.3423196, 23.264392, 0.0 ], [ 77.3422858, 23.2643719, 0.0 ], [ 77.3412916, 23.2637793, 0.0 ], [ 77.3405805, 23.2633554, 0.0 ], [ 77.340496, 23.263614, 0.0 ], [ 77.3400057, 23.26343, 0.0 ], [ 77.3397791, 23.2633691, 0.0 ], [ 77.3393378, 23.2632505, 0.0 ], [ 77.3391658, 23.2632391, 0.0 ], [ 77.3390063, 23.2632421, 0.0 ], [ 77.3387809, 23.2632718, 0.0 ], [ 77.3388125, 23.2634758, 0.0 ], [ 77.3388753, 23.2638817, 0.0 ], [ 77.338893, 23.2639963, 0.0 ], [ 77.3386838, 23.2640704, 0.0 ], [ 77.3380392, 23.2642985, 0.0 ], [ 77.3378052, 23.2644917, 0.0 ], [ 77.3373744, 23.2642228, 0.0 ], [ 77.3375407, 23.2639458, 0.0 ], [ 77.3375204, 23.2635672, 0.0 ], [ 77.3370306, 23.2637649, 0.0 ], [ 77.3367831, 23.263754, 0.0 ], [ 77.3363941, 23.2644491, 0.0 ], [ 77.336379, 23.2651276, 0.0 ], [ 77.3363172, 23.2654335, 0.0 ], [ 77.3359905, 23.2670534, 0.0 ], [ 77.3358321, 23.2670285, 0.0 ], [ 77.3348038, 23.2668665, 0.0 ], [ 77.3346798, 23.2674776, 0.0 ], [ 77.3356953, 23.2676704, 0.0 ], [ 77.3371266, 23.2679422, 0.0 ], [ 77.3358063, 23.2739604, 0.0 ], [ 77.3321746, 23.2736261, 0.0 ], [ 77.3335133, 23.2703938, 0.0 ], [ 77.3269815, 23.2693609, 0.0 ], [ 77.3277993, 23.264064, 0.0 ], [ 77.3303529, 23.2580019, 0.0 ], [ 77.3365163, 23.2503726, 0.0 ], [ 77.3407433, 23.2512148, 0.0 ], [ 77.3459633, 23.25355, 0.0 ], [ 77.342884, 23.2622127, 0.0 ], [ 77.3431986, 23.2636327, 0.0 ], [ 77.3428366, 23.2647002, 0.0 ], [ 77.3423196, 23.264392, 0.0 ] ] ] } },
{ "type": "Feature", "properties": { "objectid": 51, "townname": "Bhopal", "towncensuscode2011": 802312, "town_lgd_code": 250946, "ward_lgd_code": 32932, "ward_lgd_name": "Sadhu Waswani Ward", "sourcewardcode": 5, "state": "Madhya Pradesh" }, "geometry": { "type": "Polygon", "coordinates": [ [ [ 77.3535411, 23.2677014, 0.0 ], [ 77.3533122, 23.2755719, 0.0 ], [ 77.3358063, 23.2739604, 0.0 ], [ 77.3371266, 23.2679422, 0.0 ], [ 77.3356953, 23.2676704, 0.0 ], [ 77.3346798, 23.2674776, 0.0 ], [ 77.3348038, 23.2668665, 0.0 ], [ 77.3358321, 23.2670285, 0.0 ], [ 77.3359905, 23.2670534, 0.0 ], [ 77.3363172, 23.2654335, 0.0 ], [ 77.336379, 23.2651276, 0.0 ], [ 77.3363941, 23.2644491, 0.0 ], [ 77.3367831, 23.263754, 0.0 ], [ 77.3370306, 23.2637649, 0.0 ], [ 77.3375204, 23.2635672, 0.0 ], [ 77.3375407, 23.2639458, 0.0 ], [ 77.3373744, 23.2642228, 0.0 ], [ 77.3378052, 23.2644917, 0.0 ], [ 77.3380392, 23.2642985, 0.0 ], [ 77.3386838, 23.2640704, 0.0 ], [ 77.338893, 23.2639963, 0.0 ], [ 77.3388753, 23.2638817, 0.0 ], [ 77.3388125, 23.2634758, 0.0 ], [ 77.3387809, 23.2632718, 0.0 ], [ 77.3390063, 23.2632421, 0.0 ], [ 77.3391658, 23.2632391, 0.0 ], [ 77.3393378, 23.2632505, 0.0 ], [ 77.3397791, 23.2633691, 0.0 ], [ 77.3400057, 23.26343, 0.0 ], [ 77.340496, 23.263614, 0.0 ], [ 77.3405805, 23.2633554, 0.0 ], [ 77.3412916, 23.2637793, 0.0 ], [ 77.3422858, 23.2643719, 0.0 ], [ 77.3423196, 23.264392, 0.0 ], [ 77.3428366, 23.2647002, 0.0 ], [ 77.3431986, 23.2636327, 0.0 ], [ 77.342884, 23.2622127, 0.0 ], [ 77.3459633, 23.25355, 0.0 ], [ 77.3478985, 23.2539628, 0.0 ], [ 77.3539484, 23.2471547, 0.0 ], [ 77.3556652, 23.2474567, 0.0 ], [ 77.3537056, 23.2600181, 0.0 ], [ 77.3555627, 23.2642316, 0.0 ], [ 77.3535411, 23.2677014, 0.0 ] ] ] } },
{ "type": "Feature", "properties": { "objectid": 52, "townname": "Bhopal", "towncensuscode2011": 802312, "town_lgd_code": 250946, "ward_lgd_code": 32933, "ward_lgd_name": "Mahavir Giri Ward", "sourcewardcode": 6, "state": "Madhya Pradesh" }, "geometry": { "type": "Polygon", "coordinates": [ [ [ 77.3760224, 23.2983353, 0.0 ], [ 77.3760095, 23.2983958, 0.0 ], [ 77.3761324, 23.2993242, 0.0 ], [ 77.3761433, 23.3002816, 0.0 ], [ 77.3741569, 23.299747, 0.0 ], [ 77.3739254, 23.2996581, 0.0 ], [ 77.3690756, 23.2975279, 0.0 ], [ 77.3689237, 23.2975018, 0.0 ], [ 77.3688188, 23.2975177, 0.0 ], [ 77.3687011, 23.2975796, 0.0 ], [ 77.3685099, 23.2977679, 0.0 ], [ 77.3669827, 23.2995224, 0.0 ], [ 77.3668823, 23.2995684, 0.0 ], [ 77.3661898, 23.2996021, 0.0 ], [ 77.3660735, 23.2995732, 0.0 ], [ 77.3651477, 23.2991179, 0.0 ], [ 77.3648626, 23.2990137, 0.0 ], [ 77.36394, 23.2988259, 0.0 ], [ 77.3636488, 23.2987937, 0.0 ], [ 77.3630205, 23.2988238, 0.0 ], [ 77.3628215, 23.2988807, 0.0 ], [ 77.3614898, 23.2995313, 0.0 ], [ 77.3614144, 23.299559, 0.0 ], [ 77.3613891, 23.2995622, 0.0 ], [ 77.3613655, 23.2995555, 0.0 ], [ 77.3613434, 23.2995335, 0.0 ], [ 77.3613288, 23.2995142, 0.0 ], [ 77.3612843, 23.2994247, 0.0 ], [ 77.3609877, 23.2987289, 0.0 ], [ 77.3609679, 23.2986918, 0.0 ], [ 77.3609385, 23.298655, 0.0 ], [ 77.3609188, 23.2986406, 0.0 ], [ 77.3608813, 23.29863, 0.0 ], [ 77.3608329, 23.298626, 0.0 ], [ 77.3588401, 23.2986569, 0.0 ], [ 77.358802, 23.2986635, 0.0 ], [ 77.3587927, 23.2986666, 0.0 ], [ 77.3587754, 23.2986808, 0.0 ], [ 77.3582706, 23.2997475, 0.0 ], [ 77.3532716, 23.2972919, 0.0 ], [ 77.3541802, 23.2959191, 0.0 ], [ 77.3542893, 23.295722, 0.0 ], [ 77.3544352, 23.2953885, 0.0 ], [ 77.3544792, 23.2952535, 0.0 ], [ 77.3545475, 23.2949211, 0.0 ], [ 77.3545715, 23.2946296, 0.0 ], [ 77.354541, 23.2942171, 0.0 ], [ 77.3544775, 23.2939275, 0.0 ], [ 77.3543487, 23.2935925, 0.0 ], [ 77.354177, 23.2932455, 0.0 ], [ 77.3537303, 23.2925534, 0.0 ], [ 77.3526023, 23.2907997, 0.0 ], [ 77.3521642, 23.2901428, 0.0 ], [ 77.3517866, 23.2895418, 0.0 ], [ 77.3517105, 23.2894458, 0.0 ], [ 77.3516222, 23.2893539, 0.0 ], [ 77.3515956, 23.2893331, 0.0 ], [ 77.3514726, 23.2892617, 0.0 ], [ 77.3513234, 23.2892087, 0.0 ], [ 77.3506996, 23.2890521, 0.0 ], [ 77.3493451, 23.2887514, 0.0 ], [ 77.3484069, 23.2885343, 0.0 ], [ 77.3480406, 23.2884216, 0.0 ], [ 77.3439466, 23.2869868, 0.0 ], [ 77.3438243, 23.2869356, 0.0 ], [ 77.3437946, 23.286917, 0.0 ], [ 77.3437733, 23.286893, 0.0 ], [ 77.3437585, 23.2868608, 0.0 ], [ 77.3437542, 23.2868247, 0.0 ], [ 77.3437546, 23.2867721, 0.0 ], [ 77.343772, 23.2867109, 0.0 ], [ 77.3442837, 23.2855077, 0.0 ], [ 77.3442937, 23.285473, 0.0 ], [ 77.3442945, 23.2854462, 0.0 ], [ 77.3442914, 23.285433, 0.0 ], [ 77.3442801, 23.2854234, 0.0 ], [ 77.3442172, 23.2853917, 0.0 ], [ 77.3413879, 23.2841779, 0.0 ], [ 77.347695, 23.2809808, 0.0 ], [ 77.3508468, 23.2794995, 0.0 ], [ 77.3518069, 23.279537, 0.0 ], [ 77.3518147, 23.2795373, 0.0 ], [ 77.3516684, 23.2801462, 0.0 ], [ 77.3511891, 23.2806763, 0.0 ], [ 77.3511047, 23.2818016, 0.0 ], [ 77.3514848, 23.282099, 0.0 ], [ 77.3513891, 23.2826061, 0.0 ], [ 77.3517225, 23.2827799, 0.0 ], [ 77.3524795, 23.2828544, 0.0 ], [ 77.3521061, 23.2840779, 0.0 ], [ 77.3525682, 23.2846652, 0.0 ], [ 77.3524124, 23.2855235, 0.0 ], [ 77.3521404, 23.2859942, 0.0 ], [ 77.3521681, 23.286585, 0.0 ], [ 77.3529929, 23.2869025, 0.0 ], [ 77.3535552, 23.2875219, 0.0 ], [ 77.357909, 23.2835859, 0.0 ], [ 77.3565673, 23.2827932, 0.0 ], [ 77.3564255, 23.282675, 0.0 ], [ 77.3562716, 23.2824995, 0.0 ], [ 77.3560898, 23.2823198, 0.0 ], [ 77.3557235, 23.2817363, 0.0 ], [ 77.3553564, 23.2811296, 0.0 ], [ 77.3549783, 23.2802347, 0.0 ], [ 77.3542503, 23.2803815, 0.0 ], [ 77.3534277, 23.2800364, 0.0 ], [ 77.3533572, 23.2790554, 0.0 ], [ 77.3533122, 23.2755719, 0.0 ], [ 77.3535411, 23.2677014, 0.0 ], [ 77.3555627, 23.2642316, 0.0 ], [ 77.3537056, 23.2600181, 0.0 ], [ 77.3650512, 23.2619816, 0.0 ], [ 77.3681504, 23.2639059, 0.0 ], [ 77.3670224, 23.2666137, 0.0 ], [ 77.3669927, 23.2667649, 0.0 ], [ 77.3669899, 23.2668336, 0.0 ], [ 77.3670054, 23.2670082, 0.0 ], [ 77.3670797, 23.267351, 0.0 ], [ 77.3671626, 23.2675029, 0.0 ], [ 77.3680083, 23.2687349, 0.0 ], [ 77.3680853, 23.2689025, 0.0 ], [ 77.3686953, 23.2712447, 0.0 ], [ 77.3687308, 23.2713228, 0.0 ], [ 77.3688084, 23.2714701, 0.0 ], [ 77.3697386, 23.2730163, 0.0 ], [ 77.3698095, 23.2731078, 0.0 ], [ 77.3705742, 23.2739758, 0.0 ], [ 77.3721096, 23.2757964, 0.0 ], [ 77.3721694, 23.2759182, 0.0 ], [ 77.372606, 23.27723, 0.0 ], [ 77.3727179, 23.2773796, 0.0 ], [ 77.3761567, 23.2801718, 0.0 ], [ 77.3771324, 23.2812787, 0.0 ], [ 77.377629, 23.2823751, 0.0 ], [ 77.3776538, 23.2825426, 0.0 ], [ 77.3776521, 23.2826184, 0.0 ], [ 77.3776029, 23.2827886, 0.0 ], [ 77.3773841, 23.2832226, 0.0 ], [ 77.3772564, 23.283426, 0.0 ], [ 77.375976, 23.2849282, 0.0 ], [ 77.3753151, 23.2857339, 0.0 ], [ 77.3763233, 23.2878441, 0.0 ], [ 77.3783431, 23.2900648, 0.0 ], [ 77.3767267, 23.2921179, 0.0 ], [ 77.377049, 23.2923387, 0.0 ], [ 77.3766023, 23.2929761, 0.0 ], [ 77.3776479, 23.2937191, 0.0 ], [ 77.3782301, 23.2939737, 0.0 ], [ 77.3777294, 23.2951329, 0.0 ], [ 77.3760224, 23.2983353, 0.0 ] ] ] } },
{ "type": "Feature", "properties": { "objectid": 53, "townname": "Bhopal", "towncensuscode2011": 802312, "town_lgd_code": 250946, "ward_lgd_code": 32934, "ward_lgd_name": "Koh-E-Fiza Ward", "sourcewardcode": 7, "state": "Madhya Pradesh" }, "geometry": { "type": "Polygon", "coordinates": [ [ [ 77.3822538, 23.2615274, 0.0 ], [ 77.3815701, 23.2633963, 0.0 ], [ 77.3815191, 23.2635259, 0.0 ], [ 77.3815281, 23.2636279, 0.0 ], [ 77.3815733, 23.2637268, 0.0 ], [ 77.3820848, 23.2641991, 0.0 ], [ 77.3819802, 23.2642482, 0.0 ], [ 77.3816502, 23.2644269, 0.0 ], [ 77.381412, 23.2645735, 0.0 ], [ 77.3812407, 23.2646977, 0.0 ], [ 77.3808476, 23.2650255, 0.0 ], [ 77.3806924, 23.2651823, 0.0 ], [ 77.3778803, 23.2683179, 0.0 ], [ 77.3772513, 23.2691245, 0.0 ], [ 77.3754716, 23.2716206, 0.0 ], [ 77.3754534, 23.2716684, 0.0 ], [ 77.3754578, 23.2716944, 0.0 ], [ 77.3754742, 23.2717172, 0.0 ], [ 77.3755693, 23.2717839, 0.0 ], [ 77.3758919, 23.2719812, 0.0 ], [ 77.3761326, 23.2721453, 0.0 ], [ 77.3762095, 23.2722143, 0.0 ], [ 77.3762502, 23.2722745, 0.0 ], [ 77.3762683, 23.2723211, 0.0 ], [ 77.3762897, 23.2724297, 0.0 ], [ 77.3762991, 23.2725731, 0.0 ], [ 77.3763001, 23.2727514, 0.0 ], [ 77.376288, 23.2728951, 0.0 ], [ 77.3762451, 23.2731455, 0.0 ], [ 77.3762152, 23.2732631, 0.0 ], [ 77.3761718, 23.2733659, 0.0 ], [ 77.3759264, 23.273765, 0.0 ], [ 77.3759028, 23.2738262, 0.0 ], [ 77.3758983, 23.2738562, 0.0 ], [ 77.3759019, 23.2739113, 0.0 ], [ 77.3759062, 23.2739469, 0.0 ], [ 77.3759175, 23.2739787, 0.0 ], [ 77.3759422, 23.2740079, 0.0 ], [ 77.3759702, 23.2740259, 0.0 ], [ 77.3760668, 23.2740477, 0.0 ], [ 77.3761293, 23.2745582, 0.0 ], [ 77.37618, 23.2747876, 0.0 ], [ 77.3763299, 23.2752262, 0.0 ], [ 77.3764332, 23.2755924, 0.0 ], [ 77.3764612, 23.2757499, 0.0 ], [ 77.3765224, 23.2761761, 0.0 ], [ 77.376531, 23.2768965, 0.0 ], [ 77.3765213, 23.278125, 0.0 ], [ 77.3765556, 23.2785052, 0.0 ], [ 77.3765886, 23.2786748, 0.0 ], [ 77.3766316, 23.2788194, 0.0 ], [ 77.3767221, 23.2790341, 0.0 ], [ 77.3777984, 23.2810909, 0.0 ], [ 77.3771324, 23.2812787, 0.0 ], [ 77.3761567, 23.2801718, 0.0 ], [ 77.3727179, 23.2773796, 0.0 ], [ 77.372606, 23.27723, 0.0 ], [ 77.3721694, 23.2759182, 0.0 ], [ 77.3721096, 23.2757964, 0.0 ], [ 77.3705742, 23.2739758, 0.0 ], [ 77.3698095, 23.2731078, 0.0 ], [ 77.3697386, 23.2730163, 0.0 ], [ 77.3688084, 23.2714701, 0.0 ], [ 77.3687308, 23.2713228, 0.0 ], [ 77.3686953, 23.2712447, 0.0 ], [ 77.3680853, 23.2689025, 0.0 ], [ 77.3680083, 23.2687349, 0.0 ], [ 77.3671626, 23.2675029, 0.0 ], [ 77.3670797, 23.267351, 0.0 ], [ 77.3670054, 23.2670082, 0.0 ], [ 77.3669899, 23.2668336, 0.0 ], [ 77.3669927, 23.2667649, 0.0 ], [ 77.3670224, 23.2666137, 0.0 ], [ 77.3681504, 23.2639059, 0.0 ], [ 77.3683644, 23.2633988, 0.0 ], [ 77.3685174, 23.2631298, 0.0 ], [ 77.3686903, 23.2629269, 0.0 ], [ 77.3693589, 23.2623374, 0.0 ], [ 77.3704795, 23.2613619, 0.0 ], [ 77.3705881, 23.2612808, 0.0 ], [ 77.3706778, 23.2612396, 0.0 ], [ 77.3707965, 23.2612153, 0.0 ], [ 77.3713844, 23.2611727, 0.0 ], [ 77.3715518, 23.2611558, 0.0 ], [ 77.371688, 23.261129, 0.0 ], [ 77.371796, 23.2610933, 0.0 ], [ 77.3720751, 23.260952, 0.0 ], [ 77.3723794, 23.260747, 0.0 ], [ 77.3724527, 23.2607108, 0.0 ], [ 77.372555, 23.2606637, 0.0 ], [ 77.3726642, 23.2606201, 0.0 ], [ 77.3735161, 23.2603498, 0.0 ], [ 77.3736576, 23.260318, 0.0 ], [ 77.3737613, 23.2603051, 0.0 ], [ 77.3738759, 23.2603081, 0.0 ], [ 77.3750693, 23.2603614, 0.0 ], [ 77.375127, 23.2603597, 0.0 ], [ 77.3760035, 23.2602915, 0.0 ], [ 77.3760836, 23.2602895, 0.0 ], [ 77.3761305, 23.2602915, 0.0 ], [ 77.3762097, 23.2603098, 0.0 ], [ 77.3767699, 23.2605533, 0.0 ], [ 77.3768911, 23.2605881, 0.0 ], [ 77.3769466, 23.2605977, 0.0 ], [ 77.3770304, 23.2606047, 0.0 ], [ 77.3771182, 23.2606053, 0.0 ], [ 77.377253, 23.2605945, 0.0 ], [ 77.3777898, 23.2604879, 0.0 ], [ 77.3779095, 23.2604632, 0.0 ], [ 77.3780979, 23.2604481, 0.0 ], [ 77.3783051, 23.2604598, 0.0 ], [ 77.3785724, 23.2604979, 0.0 ], [ 77.3787031, 23.2605364, 0.0 ], [ 77.3788237, 23.2605967, 0.0 ], [ 77.3789053, 23.2606875, 0.0 ], [ 77.3792324, 23.2611177, 0.0 ], [ 77.3792967, 23.2611663, 0.0 ], [ 77.3793714, 23.2611837, 0.0 ], [ 77.3794395, 23.2611853, 0.0 ], [ 77.3804078, 23.2610043, 0.0 ], [ 77.3805622, 23.260951, 0.0 ], [ 77.3806529, 23.2608835, 0.0 ], [ 77.3807592, 23.2607657, 0.0 ], [ 77.3808318, 23.2606307, 0.0 ], [ 77.3809836, 23.2601594, 0.0 ], [ 77.3810913, 23.2599241, 0.0 ], [ 77.3812275, 23.2597047, 0.0 ], [ 77.3813526, 23.2595446, 0.0 ], [ 77.3815246, 23.2593693, 0.0 ], [ 77.3816065, 23.2593089, 0.0 ], [ 77.3816703, 23.2592896, 0.0 ], [ 77.3817189, 23.2593111, 0.0 ], [ 77.3817943, 23.2593857, 0.0 ], [ 77.3822731, 23.2595934, 0.0 ], [ 77.3824439, 23.2597061, 0.0 ], [ 77.3828328, 23.2601979, 0.0 ], [ 77.3828222, 23.2602523, 0.0 ], [ 77.3822538, 23.2615274, 0.0 ] ] ] } },
{ "type": "Feature", "properties": { "objectid": 54, "townname": "Bhopal", "towncensuscode2011": 802312, "town_lgd_code": 250946, "ward_lgd_code": 32935, "ward_lgd_name": "Royal Market Ward", "sourcewardcode": 8, "state": "Madhya Pradesh" }, "geometry": { "type": "Polygon", "coordinates": [ [ [ 77.3921723, 23.2701252, 0.0 ], [ 77.3905575, 23.2701343, 0.0 ], [ 77.3890387, 23.2703217, 0.0 ], [ 77.3889969, 23.2703112, 0.0 ], [ 77.3889599, 23.2702692, 0.0 ], [ 77.38892, 23.2684321, 0.0 ], [ 77.3889077, 23.2684173, 0.0 ], [ 77.3888811, 23.268404, 0.0 ], [ 77.3878254, 23.2683906, 0.0 ], [ 77.3878052, 23.2683868, 0.0 ], [ 77.3877881, 23.2683623, 0.0 ], [ 77.3877871, 23.2683187, 0.0 ], [ 77.3878354, 23.2669807, 0.0 ], [ 77.3878395, 23.2667301, 0.0 ], [ 77.3878424, 23.2665015, 0.0 ], [ 77.3878215, 23.2662864, 0.0 ], [ 77.3877088, 23.265856, 0.0 ], [ 77.3877027, 23.2658154, 0.0 ], [ 77.3877148, 23.2657861, 0.0 ], [ 77.3877398, 23.2657683, 0.0 ], [ 77.3882648, 23.2654904, 0.0 ], [ 77.3883037, 23.2654582, 0.0 ], [ 77.3883512, 23.2654084, 0.0 ], [ 77.388656, 23.2650952, 0.0 ], [ 77.3887044, 23.2650612, 0.0 ], [ 77.3887671, 23.2650368, 0.0 ], [ 77.3892575, 23.2649284, 0.0 ], [ 77.3893113, 23.2649138, 0.0 ], [ 77.3893354, 23.2649004, 0.0 ], [ 77.3893428, 23.2648904, 0.0 ], [ 77.3893483, 23.2648657, 0.0 ], [ 77.3891878, 23.2639173, 0.0 ], [ 77.388932, 23.2631278, 0.0 ], [ 77.388772, 23.2628275, 0.0 ], [ 77.388321, 23.261916, 0.0 ], [ 77.3882958, 23.2618884, 0.0 ], [ 77.3882507, 23.2618717, 0.0 ], [ 77.388178, 23.2618568, 0.0 ], [ 77.3880545, 23.261865, 0.0 ], [ 77.3866211, 23.2621196, 0.0 ], [ 77.3854638, 23.2624279, 0.0 ], [ 77.3847501, 23.2626975, 0.0 ], [ 77.3841241, 23.26299, 0.0 ], [ 77.3837617, 23.2631836, 0.0 ], [ 77.3831506, 23.2635182, 0.0 ], [ 77.382885, 23.2636885, 0.0 ], [ 77.3820848, 23.2641991, 0.0 ], [ 77.3815733, 23.2637268, 0.0 ], [ 77.3815281, 23.2636279, 0.0 ], [ 77.3815191, 23.2635259, 0.0 ], [ 77.3815701, 23.2633963, 0.0 ], [ 77.3822538, 23.2615274, 0.0 ], [ 77.3828222, 23.2602523, 0.0 ], [ 77.3828328, 23.2601979, 0.0 ], [ 77.3824439, 23.2597061, 0.0 ], [ 77.3822731, 23.2595934, 0.0 ], [ 77.3817943, 23.2593857, 0.0 ], [ 77.3817189, 23.2593111, 0.0 ], [ 77.3816703, 23.2592896, 0.0 ], [ 77.3816065, 23.2593089, 0.0 ], [ 77.3815246, 23.2593693, 0.0 ], [ 77.3813526, 23.2595446, 0.0 ], [ 77.3812275, 23.2597047, 0.0 ], [ 77.3810913, 23.2599241, 0.0 ], [ 77.3809836, 23.2601594, 0.0 ], [ 77.3808318, 23.2606307, 0.0 ], [ 77.3807592, 23.2607657, 0.0 ], [ 77.3806529, 23.2608835, 0.0 ], [ 77.3805622, 23.260951, 0.0 ], [ 77.3804078, 23.2610043, 0.0 ], [ 77.3794395, 23.2611853, 0.0 ], [ 77.3793714, 23.2611837, 0.0 ], [ 77.3792967, 23.2611663, 0.0 ], [ 77.3792324, 23.2611177, 0.0 ], [ 77.3789053, 23.2606875, 0.0 ], [ 77.3788237, 23.2605967, 0.0 ], [ 77.3787031, 23.2605364, 0.0 ], [ 77.3785724, 23.2604979, 0.0 ], [ 77.3783051, 23.2604598, 0.0 ], [ 77.3780979, 23.2604481, 0.0 ], [ 77.3779095, 23.2604632, 0.0 ], [ 77.3777898, 23.2604879, 0.0 ], [ 77.377253, 23.2605945, 0.0 ], [ 77.3771182, 23.2606053, 0.0 ], [ 77.3770304, 23.2606047, 0.0 ], [ 77.3769466, 23.2605977, 0.0 ], [ 77.3768911, 23.2605881, 0.0 ], [ 77.3767699, 23.2605533, 0.0 ], [ 77.3762097, 23.2603098, 0.0 ], [ 77.3761305, 23.2602915, 0.0 ], [ 77.3760836, 23.2602895, 0.0 ], [ 77.3760035, 23.2602915, 0.0 ], [ 77.375127, 23.2603597, 0.0 ], [ 77.3750693, 23.2603614, 0.0 ], [ 77.3738759, 23.2603081, 0.0 ], [ 77.3737613, 23.2603051, 0.0 ], [ 77.3736576, 23.260318, 0.0 ], [ 77.3735161, 23.2603498, 0.0 ], [ 77.3726642, 23.2606201, 0.0 ], [ 77.372555, 23.2606637, 0.0 ], [ 77.3724527, 23.2607108, 0.0 ], [ 77.3723794, 23.260747, 0.0 ], [ 77.3720751, 23.260952, 0.0 ], [ 77.371796, 23.2610933, 0.0 ], [ 77.371688, 23.261129, 0.0 ], [ 77.3715518, 23.2611558, 0.0 ], [ 77.3713844, 23.2611727, 0.0 ], [ 77.3707965, 23.2612153, 0.0 ], [ 77.3706778, 23.2612396, 0.0 ], [ 77.3705881, 23.2612808, 0.0 ], [ 77.3704795, 23.2613619, 0.0 ], [ 77.3693589, 23.2623374, 0.0 ], [ 77.3686903, 23.2629269, 0.0 ], [ 77.3685174, 23.2631298, 0.0 ], [ 77.3683644, 23.2633988, 0.0 ], [ 77.3681504, 23.2639059, 0.0 ], [ 77.3650512, 23.2619816, 0.0 ], [ 77.3537056, 23.2600181, 0.0 ], [ 77.3556652, 23.2474567, 0.0 ], [ 77.3619774, 23.2475029, 0.0 ], [ 77.3650158, 23.2444236, 0.0 ], [ 77.3862976, 23.246972, 0.0 ], [ 77.3917029, 23.247926, 0.0 ], [ 77.3918929, 23.2480098, 0.0 ], [ 77.3919938, 23.2480398, 0.0 ], [ 77.3923289, 23.2480452, 0.0 ], [ 77.3928123, 23.2481188, 0.0 ], [ 77.3929814, 23.2481869, 0.0 ], [ 77.3931119, 23.2482469, 0.0 ], [ 77.3931949, 23.2483423, 0.0 ], [ 77.3932869, 23.2484622, 0.0 ], [ 77.393364, 23.2488219, 0.0 ], [ 77.3933966, 23.2489063, 0.0 ], [ 77.3934678, 23.2489908, 0.0 ], [ 77.3938908, 23.249396, 0.0 ], [ 77.3940669, 23.2494641, 0.0 ], [ 77.3942384, 23.2495663, 0.0 ], [ 77.394433, 23.2497111, 0.0 ], [ 77.3946091, 23.2499027, 0.0 ], [ 77.3945628, 23.2499836, 0.0 ], [ 77.3948733, 23.2502348, 0.0 ], [ 77.3950564, 23.2504652, 0.0 ], [ 77.3951196, 23.2505089, 0.0 ], [ 77.3953739, 23.2505298, 0.0 ], [ 77.395806, 23.2505107, 0.0 ], [ 77.3959651, 23.250822, 0.0 ], [ 77.3960867, 23.2509774, 0.0 ], [ 77.3968934, 23.2516804, 0.0 ], [ 77.3979552, 23.2522772, 0.0 ], [ 77.3983826, 23.2523667, 0.0 ], [ 77.398393, 23.2524334, 0.0 ], [ 77.3986155, 23.2535847, 0.0 ], [ 77.3986554, 23.2539779, 0.0 ], [ 77.3986572, 23.2552719, 0.0 ], [ 77.3986589, 23.2553333, 0.0 ], [ 77.3986288, 23.2558754, 0.0 ], [ 77.3987513, 23.2558885, 0.0 ], [ 77.3991144, 23.2559274, 0.0 ], [ 77.399766, 23.2559276, 0.0 ], [ 77.400081, 23.2559163, 0.0 ], [ 77.4001185, 23.2570777, 0.0 ], [ 77.3999595, 23.2571009, 0.0 ], [ 77.3998891, 23.2571391, 0.0 ], [ 77.3996614, 23.2572987, 0.0 ], [ 77.3992889, 23.2574127, 0.0 ], [ 77.3991817, 23.2573583, 0.0 ], [ 77.399083, 23.2572572, 0.0 ], [ 77.3990096, 23.2572183, 0.0 ], [ 77.3989193, 23.2572157, 0.0 ], [ 77.3988904, 23.2575389, 0.0 ], [ 77.3981517, 23.2576252, 0.0 ], [ 77.3973047, 23.2579637, 0.0 ], [ 77.3969056, 23.2580538, 0.0 ], [ 77.3968819, 23.2580607, 0.0 ], [ 77.3968592, 23.2580608, 0.0 ], [ 77.3968441, 23.2580541, 0.0 ], [ 77.3968301, 23.258041, 0.0 ], [ 77.3964988, 23.2573115, 0.0 ], [ 77.3964834, 23.2572999, 0.0 ], [ 77.3964659, 23.2572939, 0.0 ], [ 77.3964468, 23.2572955, 0.0 ], [ 77.3964299, 23.2573, 0.0 ], [ 77.3960919, 23.2576587, 0.0 ], [ 77.3950185, 23.2585544, 0.0 ], [ 77.3949828, 23.2585972, 0.0 ], [ 77.39497, 23.2586311, 0.0 ], [ 77.3949724, 23.2586776, 0.0 ], [ 77.3949866, 23.2587194, 0.0 ], [ 77.3952155, 23.2593838, 0.0 ], [ 77.3936206, 23.2604789, 0.0 ], [ 77.3935565, 23.2605273, 0.0 ], [ 77.3935534, 23.2606022, 0.0 ], [ 77.3937923, 23.2627296, 0.0 ], [ 77.3937952, 23.2628918, 0.0 ], [ 77.3937791, 23.2631257, 0.0 ], [ 77.3934008, 23.2655777, 0.0 ], [ 77.3933102, 23.2668384, 0.0 ], [ 77.3933203, 23.2669322, 0.0 ], [ 77.3933892, 23.2669543, 0.0 ], [ 77.394829, 23.2668226, 0.0 ], [ 77.3949514, 23.2668271, 0.0 ], [ 77.395017, 23.2668618, 0.0 ], [ 77.395036, 23.2669241, 0.0 ], [ 77.3948879, 23.267826, 0.0 ], [ 77.3948548, 23.2678544, 0.0 ], [ 77.3947815, 23.2678725, 0.0 ], [ 77.3933723, 23.2678927, 0.0 ], [ 77.3923617, 23.2678812, 0.0 ], [ 77.3921723, 23.2701252, 0.0 ] ] ] } },
{ "type": "Feature", "properties": { "objectid": 69, "townname": "Bhopal", "towncensuscode2011": 802312, "town_lgd_code": 250946, "ward_lgd_code": 32936, "ward_lgd_name": "Baag Munshi Hussain Ward", "sourcewardcode": 9, "state": "Madhya Pradesh" }, "geometry": { "type": "Polygon", "coordinates": [ [ [ 77.3977977, 23.2743867, 0.0 ], [ 77.3977194, 23.2740482, 0.0 ], [ 77.3973857, 23.2740542, 0.0 ], [ 77.3973821, 23.2735569, 0.0 ], [ 77.3963655, 23.2735919, 0.0 ], [ 77.3962804, 23.2735812, 0.0 ], [ 77.395897, 23.2733554, 0.0 ], [ 77.3958162, 23.2732879, 0.0 ], [ 77.3957637, 23.2732017, 0.0 ], [ 77.3957387, 23.273131, 0.0 ], [ 77.395716, 23.2728673, 0.0 ], [ 77.3953443, 23.272911, 0.0 ], [ 77.3952027, 23.2726932, 0.0 ], [ 77.3954377, 23.2722126, 0.0 ], [ 77.3957296, 23.2716075, 0.0 ], [ 77.3961598, 23.2704366, 0.0 ], [ 77.3962021, 23.2701892, 0.0 ], [ 77.3952793, 23.2701454, 0.0 ], [ 77.3942312, 23.2700462, 0.0 ], [ 77.3942932, 23.2688142, 0.0 ], [ 77.3932968, 23.2687854, 0.0 ], [ 77.3933723, 23.2678927, 0.0 ], [ 77.3947815, 23.2678725, 0.0 ], [ 77.3948548, 23.2678544, 0.0 ], [ 77.3948879, 23.267826, 0.0 ], [ 77.395036, 23.2669241, 0.0 ], [ 77.395017, 23.2668618, 0.0 ], [ 77.3949514, 23.2668271, 0.0 ], [ 77.394829, 23.2668226, 0.0 ], [ 77.3933892, 23.2669543, 0.0 ], [ 77.3933203, 23.2669322, 0.0 ], [ 77.3933102, 23.2668384, 0.0 ], [ 77.3934008, 23.2655777, 0.0 ], [ 77.3937791, 23.2631257, 0.0 ], [ 77.3937952, 23.2628918, 0.0 ], [ 77.3937923, 23.2627296, 0.0 ], [ 77.3935534, 23.2606022, 0.0 ], [ 77.3935565, 23.2605273, 0.0 ], [ 77.3936206, 23.2604789, 0.0 ], [ 77.3952155, 23.2593838, 0.0 ], [ 77.3954627, 23.2596176, 0.0 ], [ 77.3956736, 23.2603395, 0.0 ], [ 77.3958074, 23.2609626, 0.0 ], [ 77.3957128, 23.2613704, 0.0 ], [ 77.3957437, 23.2615818, 0.0 ], [ 77.3969864, 23.2616326, 0.0 ], [ 77.3981841, 23.261644, 0.0 ], [ 77.3987448, 23.2616494, 0.0 ], [ 77.399273, 23.2638663, 0.0 ], [ 77.3993864, 23.2640956, 0.0 ], [ 77.4005414, 23.2664583, 0.0 ], [ 77.4007738, 23.2683482, 0.0 ], [ 77.4010857, 23.2699676, 0.0 ], [ 77.4010859, 23.2700382, 0.0 ], [ 77.401068, 23.270106, 0.0 ], [ 77.4010184, 23.2701497, 0.0 ], [ 77.4008876, 23.2701989, 0.0 ], [ 77.3993627, 23.2704699, 0.0 ], [ 77.3992135, 23.2716763, 0.0 ], [ 77.3991438, 23.2722583, 0.0 ], [ 77.3990856, 23.2725969, 0.0 ], [ 77.3990193, 23.2729924, 0.0 ], [ 77.3990177, 23.2731688, 0.0 ], [ 77.3990402, 23.2737613, 0.0 ], [ 77.3990102, 23.2738494, 0.0 ], [ 77.3989371, 23.2739631, 0.0 ], [ 77.3988814, 23.2740117, 0.0 ], [ 77.3977977, 23.2743867, 0.0 ] ] ] } },
{ "type": "Feature", "properties": { "objectid": 70, "townname": "Bhopal", "towncensuscode2011": 802312, "town_lgd_code": 250946, "ward_lgd_code": 32941, "ward_lgd_name": "Shahjahanabad Ward", "sourcewardcode": 14, "state": "Madhya Pradesh" }, "geometry": { "type": "Polygon", "coordinates": [ [ [ 77.3984073, 23.2757256, 0.0 ], [ 77.398289, 23.2757874, 0.0 ], [ 77.3979784, 23.2758832, 0.0 ], [ 77.396844, 23.2761835, 0.0 ], [ 77.3965174, 23.2761885, 0.0 ], [ 77.3960493, 23.2760586, 0.0 ], [ 77.395445, 23.2759502, 0.0 ], [ 77.3951708, 23.275865, 0.0 ], [ 77.394211, 23.2754786, 0.0 ], [ 77.3940846, 23.2755294, 0.0 ], [ 77.3937791, 23.2753314, 0.0 ], [ 77.3944863, 23.274914, 0.0 ], [ 77.3942252, 23.2746121, 0.0 ], [ 77.394566, 23.273707, 0.0 ], [ 77.3950887, 23.2728301, 0.0 ], [ 77.3944212, 23.2727121, 0.0 ], [ 77.394513, 23.2724262, 0.0 ], [ 77.3945938, 23.2721218, 0.0 ], [ 77.3942466, 23.2720186, 0.0 ], [ 77.393801, 23.2721115, 0.0 ], [ 77.3940213, 23.2710664, 0.0 ], [ 77.3942312, 23.2700462, 0.0 ], [ 77.3952793, 23.2701454, 0.0 ], [ 77.3962021, 23.2701892, 0.0 ], [ 77.3961598, 23.2704366, 0.0 ], [ 77.3957296, 23.2716075, 0.0 ], [ 77.3954377, 23.2722126, 0.0 ], [ 77.3952027, 23.2726932, 0.0 ], [ 77.3953443, 23.272911, 0.0 ], [ 77.395716, 23.2728673, 0.0 ], [ 77.3957387, 23.273131, 0.0 ], [ 77.3957637, 23.2732017, 0.0 ], [ 77.3958162, 23.2732879, 0.0 ], [ 77.395897, 23.2733554, 0.0 ], [ 77.3962804, 23.2735812, 0.0 ], [ 77.3963655, 23.2735919, 0.0 ], [ 77.3973821, 23.2735569, 0.0 ], [ 77.3973857, 23.2740542, 0.0 ], [ 77.3977194, 23.2740482, 0.0 ], [ 77.3977977, 23.2743867, 0.0 ], [ 77.3988814, 23.2740117, 0.0 ], [ 77.3989371, 23.2739631, 0.0 ], [ 77.3990102, 23.2738494, 0.0 ], [ 77.3990402, 23.2737613, 0.0 ], [ 77.3990177, 23.2731688, 0.0 ], [ 77.3990193, 23.2729924, 0.0 ], [ 77.3990856, 23.2725969, 0.0 ], [ 77.3996671, 23.2726456, 0.0 ], [ 77.4014269, 23.2724151, 0.0 ], [ 77.4018434, 23.2722626, 0.0 ], [ 77.401858, 23.2722663, 0.0 ], [ 77.4018684, 23.2722762, 0.0 ], [ 77.4018761, 23.2722912, 0.0 ], [ 77.4018954, 23.2723519, 0.0 ], [ 77.4023105, 23.2739956, 0.0 ], [ 77.4020537, 23.2747414, 0.0 ], [ 77.402022, 23.2747996, 0.0 ], [ 77.4019717, 23.2748414, 0.0 ], [ 77.4018726, 23.2748787, 0.0 ], [ 77.4017808, 23.2748914, 0.0 ], [ 77.4016728, 23.2748839, 0.0 ], [ 77.401553, 23.2748583, 0.0 ], [ 77.4014788, 23.274828, 0.0 ], [ 77.4014256, 23.2747779, 0.0 ], [ 77.4013973, 23.2747365, 0.0 ], [ 77.4013944, 23.2747301, 0.0 ], [ 77.4012586, 23.2743872, 0.0 ], [ 77.4012404, 23.2743688, 0.0 ], [ 77.4012158, 23.2743629, 0.0 ], [ 77.4011889, 23.274364, 0.0 ], [ 77.3992639, 23.2746332, 0.0 ], [ 77.3992453, 23.2746401, 0.0 ], [ 77.3992354, 23.2746458, 0.0 ], [ 77.3992146, 23.274674, 0.0 ], [ 77.3991726, 23.2747486, 0.0 ], [ 77.3990548, 23.2750045, 0.0 ], [ 77.3990031, 23.2750771, 0.0 ], [ 77.3989637, 23.2751229, 0.0 ], [ 77.3984073, 23.2757256, 0.0 ] ] ] } },
{ "type": "Feature", "properties": { "objectid": 55, "townname": "Bhopal", "towncensuscode2011": 802312, "town_lgd_code": 250946, "ward_lgd_code": 32953, "ward_lgd_name": "Dr.Ambedkar Ward", "sourcewardcode": 26, "state": "Madhya Pradesh" }, "geometry": { "type": "Polygon", "coordinates": [ [ [ 77.3478985, 23.2539628, 0.0 ], [ 77.3459633, 23.25355, 0.0 ], [ 77.3407433, 23.2512148, 0.0 ], [ 77.3365163, 23.2503726, 0.0 ], [ 77.3238998, 23.2511484, 0.0 ], [ 77.32022, 23.2507074, 0.0 ], [ 77.3163708, 23.2516276, 0.0 ], [ 77.3169238, 23.2449528, 0.0 ], [ 77.3136006, 23.2411091, 0.0 ], [ 77.3127131, 23.2361225, 0.0 ], [ 77.3107189, 23.2329523, 0.0 ], [ 77.3107789, 23.2305486, 0.0 ], [ 77.3110188, 23.2302463, 0.0 ], [ 77.3110748, 23.228752, 0.0 ], [ 77.3150983, 23.2278913, 0.0 ], [ 77.3306613, 23.2314864, 0.0 ], [ 77.3313433, 23.231584, 0.0 ], [ 77.3320004, 23.2315069, 0.0 ], [ 77.3322705, 23.2311043, 0.0 ], [ 77.333188, 23.2273454, 0.0 ], [ 77.3332449, 23.2239992, 0.0 ], [ 77.3332115, 23.2236173, 0.0 ], [ 77.3331978, 23.2235589, 0.0 ], [ 77.3330916, 23.2231993, 0.0 ], [ 77.3329763, 23.2228687, 0.0 ], [ 77.3326011, 23.2220037, 0.0 ], [ 77.3325876, 23.2219566, 0.0 ], [ 77.3325849, 23.2219121, 0.0 ], [ 77.332593, 23.2218675, 0.0 ], [ 77.3326307, 23.2217858, 0.0 ], [ 77.3326846, 23.2217636, 0.0 ], [ 77.332725, 23.221766, 0.0 ], [ 77.332834, 23.2217883, 0.0 ], [ 77.3329431, 23.2218106, 0.0 ], [ 77.3329997, 23.2218056, 0.0 ], [ 77.333032, 23.2217883, 0.0 ], [ 77.333059, 23.2217438, 0.0 ], [ 77.3330832, 23.2216843, 0.0 ], [ 77.3331263, 23.2215829, 0.0 ], [ 77.3331963, 23.2213601, 0.0 ], [ 77.3332179, 23.2212982, 0.0 ], [ 77.3333229, 23.2210928, 0.0 ], [ 77.3334899, 23.2207561, 0.0 ], [ 77.3335249, 23.2206745, 0.0 ], [ 77.3335276, 23.2206151, 0.0 ], [ 77.3335195, 23.2205581, 0.0 ], [ 77.333498, 23.2204814, 0.0 ], [ 77.333463, 23.2203799, 0.0 ], [ 77.3332995, 23.2201595, 0.0 ], [ 77.3332403, 23.2200797, 0.0 ], [ 77.3332265, 23.2200322, 0.0 ], [ 77.3332265, 23.2199878, 0.0 ], [ 77.3332299, 23.2199561, 0.0 ], [ 77.333309, 23.2198876, 0.0 ], [ 77.3337126, 23.2195379, 0.0 ], [ 77.3337333, 23.2194999, 0.0 ], [ 77.3337454, 23.2194714, 0.0 ], [ 77.3337436, 23.2194429, 0.0 ], [ 77.3337402, 23.2194223, 0.0 ], [ 77.3337316, 23.219408, 0.0 ], [ 77.3336936, 23.2193843, 0.0 ], [ 77.3336747, 23.2193748, 0.0 ], [ 77.333623, 23.2193637, 0.0 ], [ 77.3335816, 23.2193557, 0.0 ], [ 77.3335385, 23.2193447, 0.0 ], [ 77.3335006, 23.2193304, 0.0 ], [ 77.3334558, 23.2192924, 0.0 ], [ 77.3334402, 23.2192686, 0.0 ], [ 77.3334316, 23.2192496, 0.0 ], [ 77.3334247, 23.2192068, 0.0 ], [ 77.3334904, 23.2188852, 0.0 ], [ 77.3335342, 23.2187817, 0.0 ], [ 77.3335626, 23.218627, 0.0 ], [ 77.3335609, 23.2185922, 0.0 ], [ 77.3335575, 23.21857, 0.0 ], [ 77.3335437, 23.2185399, 0.0 ], [ 77.3335126, 23.2184971, 0.0 ], [ 77.3333337, 23.2183056, 0.0 ], [ 77.3333014, 23.2182537, 0.0 ], [ 77.3332717, 23.2181868, 0.0 ], [ 77.3332717, 23.2181348, 0.0 ], [ 77.3332717, 23.2180928, 0.0 ], [ 77.3332717, 23.2180631, 0.0 ], [ 77.3332798, 23.2180309, 0.0 ], [ 77.3332906, 23.2179913, 0.0 ], [ 77.3333041, 23.2179616, 0.0 ], [ 77.3333202, 23.2179368, 0.0 ], [ 77.3333768, 23.2178626, 0.0 ], [ 77.3333983, 23.2178378, 0.0 ], [ 77.3334226, 23.2178106, 0.0 ], [ 77.3334495, 23.2177834, 0.0 ], [ 77.3335222, 23.2177339, 0.0 ], [ 77.3337574, 23.2176195, 0.0 ], [ 77.3338091, 23.2175878, 0.0 ], [ 77.333835, 23.217564, 0.0 ], [ 77.3338505, 23.2175435, 0.0 ], [ 77.3338729, 23.2174769, 0.0 ], [ 77.3338746, 23.2174421, 0.0 ], [ 77.3338724, 23.2172734, 0.0 ], [ 77.3338939, 23.2170952, 0.0 ], [ 77.3338966, 23.2170482, 0.0 ], [ 77.3339316, 23.2169195, 0.0 ], [ 77.3339882, 23.2167561, 0.0 ], [ 77.3340259, 23.2165853, 0.0 ], [ 77.3340448, 23.2165036, 0.0 ], [ 77.3341202, 23.2163823, 0.0 ], [ 77.334174, 23.2163229, 0.0 ], [ 77.3342629, 23.2161992, 0.0 ], [ 77.3342926, 23.2161497, 0.0 ], [ 77.3343195, 23.2160927, 0.0 ], [ 77.3343383, 23.2160358, 0.0 ], [ 77.3343437, 23.2159789, 0.0 ], [ 77.3343491, 23.215917, 0.0 ], [ 77.3343599, 23.2158427, 0.0 ], [ 77.3343707, 23.2157957, 0.0 ], [ 77.3343841, 23.2157709, 0.0 ], [ 77.3344461, 23.215719, 0.0 ], [ 77.3345215, 23.2157041, 0.0 ], [ 77.3348176, 23.2157248, 0.0 ], [ 77.3348968, 23.2157343, 0.0 ], [ 77.3349796, 23.2157486, 0.0 ], [ 77.3350847, 23.2157834, 0.0 ], [ 77.3351589, 23.2158183, 0.0 ], [ 77.3352433, 23.2158262, 0.0 ], [ 77.3352813, 23.2157977, 0.0 ], [ 77.3353054, 23.2157438, 0.0 ], [ 77.3353088, 23.2157042, 0.0 ], [ 77.3353088, 23.2156535, 0.0 ], [ 77.3353106, 23.2156107, 0.0 ], [ 77.3353192, 23.2155616, 0.0 ], [ 77.3353399, 23.2155236, 0.0 ], [ 77.3354382, 23.2154643, 0.0 ], [ 77.3355002, 23.215427, 0.0 ], [ 77.3355329, 23.2154048, 0.0 ], [ 77.3355536, 23.2153842, 0.0 ], [ 77.3355984, 23.2153208, 0.0 ], [ 77.3356053, 23.2152733, 0.0 ], [ 77.3355556, 23.2147158, 0.0 ], [ 77.3355633, 23.2146651, 0.0 ], [ 77.3355744, 23.2146368, 0.0 ], [ 77.3355986, 23.2146033, 0.0 ], [ 77.3356251, 23.2145769, 0.0 ], [ 77.3356812, 23.2145541, 0.0 ], [ 77.3358053, 23.2145192, 0.0 ], [ 77.335876, 23.2144796, 0.0 ], [ 77.3359725, 23.2143909, 0.0 ], [ 77.3360001, 23.2143576, 0.0 ], [ 77.3360242, 23.2143117, 0.0 ], [ 77.3360414, 23.2142546, 0.0 ], [ 77.3360397, 23.2142103, 0.0 ], [ 77.3360363, 23.2141659, 0.0 ], [ 77.3360173, 23.214103, 0.0 ], [ 77.3359484, 23.2138744, 0.0 ], [ 77.3359397, 23.2138317, 0.0 ], [ 77.3359328, 23.213781, 0.0 ], [ 77.3359328, 23.213735, 0.0 ], [ 77.3359449, 23.2136732, 0.0 ], [ 77.3360011, 23.2135878, 0.0 ], [ 77.336265, 23.2131869, 0.0 ], [ 77.3365331, 23.2128614, 0.0 ], [ 77.3365386, 23.2128421, 0.0 ], [ 77.3365397, 23.2128077, 0.0 ], [ 77.3365287, 23.2127783, 0.0 ], [ 77.3365198, 23.2127478, 0.0 ], [ 77.3363238, 23.212501, 0.0 ], [ 77.3362991, 23.2123327, 0.0 ], [ 77.3362345, 23.2120381, 0.0 ], [ 77.3361375, 23.211647, 0.0 ], [ 77.3361726, 23.2114118, 0.0 ], [ 77.3369733, 23.210641, 0.0 ], [ 77.3370875, 23.2104055, 0.0 ], [ 77.3373819, 23.2086096, 0.0 ], [ 77.3374627, 23.2083349, 0.0 ], [ 77.3374843, 23.208268, 0.0 ], [ 77.3374869, 23.2082012, 0.0 ], [ 77.3374869, 23.2080675, 0.0 ], [ 77.337477, 23.2078918, 0.0 ], [ 77.3374681, 23.2077358, 0.0 ], [ 77.3374789, 23.2076962, 0.0 ], [ 77.3375543, 23.2075378, 0.0 ], [ 77.3376916, 23.2073298, 0.0 ], [ 77.337724, 23.2072481, 0.0 ], [ 77.3377482, 23.2071763, 0.0 ], [ 77.3377563, 23.2071144, 0.0 ], [ 77.3377563, 23.2070303, 0.0 ], [ 77.3377509, 23.206956, 0.0 ], [ 77.3376916, 23.2067307, 0.0 ], [ 77.3376863, 23.2066317, 0.0 ], [ 77.3377078, 23.2065674, 0.0 ], [ 77.3377401, 23.206508, 0.0 ], [ 77.337864, 23.2063792, 0.0 ], [ 77.337926, 23.2063322, 0.0 ], [ 77.3379529, 23.2063124, 0.0 ], [ 77.3380041, 23.2062678, 0.0 ], [ 77.3380391, 23.2062158, 0.0 ], [ 77.338066, 23.2061589, 0.0 ], [ 77.3380903, 23.2060104, 0.0 ], [ 77.3381199, 23.2057455, 0.0 ], [ 77.3381307, 23.2056663, 0.0 ], [ 77.3381414, 23.2055945, 0.0 ], [ 77.3381684, 23.2055153, 0.0 ], [ 77.3381926, 23.2054806, 0.0 ], [ 77.3382815, 23.2054311, 0.0 ], [ 77.3383461, 23.2054237, 0.0 ], [ 77.3384081, 23.2054237, 0.0 ], [ 77.3389305, 23.2054191, 0.0 ], [ 77.338808, 23.2047384, 0.0 ], [ 77.338784, 23.2046048, 0.0 ], [ 77.3382358, 23.2047505, 0.0 ], [ 77.3380634, 23.2045473, 0.0 ], [ 77.3378514, 23.2042974, 0.0 ], [ 77.3376256, 23.203998, 0.0 ], [ 77.3375377, 23.2038966, 0.0 ], [ 77.3374232, 23.2038263, 0.0 ], [ 77.3372622, 23.2037274, 0.0 ], [ 77.3371585, 23.2036637, 0.0 ], [ 77.336993, 23.2034846, 0.0 ], [ 77.336924, 23.2034007, 0.0 ], [ 77.3368937, 23.2033262, 0.0 ], [ 77.3368706, 23.2032692, 0.0 ], [ 77.3368223, 23.2031836, 0.0 ], [ 77.3365948, 23.2029523, 0.0 ], [ 77.3362948, 23.2026739, 0.0 ], [ 77.3360587, 23.2024548, 0.0 ], [ 77.3363629, 23.2021443, 0.0 ], [ 77.3365741, 23.2019288, 0.0 ], [ 77.3365502, 23.2019096, 0.0 ], [ 77.336318, 23.2017227, 0.0 ], [ 77.3363665, 23.2013638, 0.0 ], [ 77.3362568, 23.2005028, 0.0 ], [ 77.336151, 23.1996729, 0.0 ], [ 77.3358088, 23.1983401, 0.0 ], [ 77.3352164, 23.1954321, 0.0 ], [ 77.3348312, 23.1947068, 0.0 ], [ 77.334771, 23.1945613, 0.0 ], [ 77.3347245, 23.1943632, 0.0 ], [ 77.3346366, 23.194078, 0.0 ], [ 77.3345659, 23.1938863, 0.0 ], [ 77.3344659, 23.1936851, 0.0 ], [ 77.3341901, 23.1931368, 0.0 ], [ 77.3340769, 23.1929348, 0.0 ], [ 77.3339832, 23.1927677, 0.0 ], [ 77.3339522, 23.1926504, 0.0 ], [ 77.3338677, 23.1923034, 0.0 ], [ 77.3337609, 23.1920562, 0.0 ], [ 77.3336936, 23.1917964, 0.0 ], [ 77.3335433, 23.1911321, 0.0 ], [ 77.3334885, 23.19089, 0.0 ], [ 77.3333816, 23.1904622, 0.0 ], [ 77.3333351, 23.1902705, 0.0 ], [ 77.3332196, 23.1900186, 0.0 ], [ 77.3331298, 23.1898316, 0.0 ], [ 77.3330369, 23.1896383, 0.0 ], [ 77.3328893, 23.1893096, 0.0 ], [ 77.3327411, 23.1890373, 0.0 ], [ 77.3326657, 23.1888491, 0.0 ], [ 77.3325376, 23.1885052, 0.0 ], [ 77.3324351, 23.1882297, 0.0 ], [ 77.3337488, 23.1879999, 0.0 ], [ 77.3339453, 23.1881599, 0.0 ], [ 77.3340591, 23.1881425, 0.0 ], [ 77.3348762, 23.188095, 0.0 ], [ 77.3354329, 23.1880886, 0.0 ], [ 77.3357765, 23.1880547, 0.0 ], [ 77.3364845, 23.1880189, 0.0 ], [ 77.3367154, 23.1879111, 0.0 ], [ 77.3367827, 23.1878953, 0.0 ], [ 77.3372284, 23.1878761, 0.0 ], [ 77.3375812, 23.1878216, 0.0 ], [ 77.3384243, 23.1875493, 0.0 ], [ 77.339068, 23.1873636, 0.0 ], [ 77.3397009, 23.1871408, 0.0 ], [ 77.3403635, 23.1868536, 0.0 ], [ 77.3418395, 23.1862717, 0.0 ], [ 77.3425613, 23.1859499, 0.0 ], [ 77.3431835, 23.1856924, 0.0 ], [ 77.3435579, 23.1855933, 0.0 ], [ 77.345143, 23.1851207, 0.0 ], [ 77.3457446, 23.1849512, 0.0 ], [ 77.3467668, 23.1845772, 0.0 ], [ 77.3474219, 23.1843475, 0.0 ], [ 77.3474701, 23.1843332, 0.0 ], [ 77.3475374, 23.184319, 0.0 ], [ 77.347596, 23.184319, 0.0 ], [ 77.3476977, 23.1843306, 0.0 ], [ 77.3478485, 23.1843628, 0.0 ], [ 77.347897, 23.1844074, 0.0 ], [ 77.3479105, 23.1844445, 0.0 ], [ 77.3479159, 23.1844767, 0.0 ], [ 77.3479159, 23.1845956, 0.0 ], [ 77.3479159, 23.1846451, 0.0 ], [ 77.3479401, 23.1847342, 0.0 ], [ 77.3479616, 23.1847565, 0.0 ], [ 77.3480721, 23.1848159, 0.0 ], [ 77.3481179, 23.1848308, 0.0 ], [ 77.3482202, 23.1848506, 0.0 ], [ 77.3483253, 23.184858, 0.0 ], [ 77.3485138, 23.1848407, 0.0 ], [ 77.3485569, 23.1848233, 0.0 ], [ 77.3485946, 23.1847986, 0.0 ], [ 77.3486431, 23.1847689, 0.0 ], [ 77.34867, 23.184754, 0.0 ], [ 77.3487131, 23.1847416, 0.0 ], [ 77.3487589, 23.1847416, 0.0 ], [ 77.3488074, 23.1847491, 0.0 ], [ 77.3488693, 23.1847738, 0.0 ], [ 77.3489367, 23.1848134, 0.0 ], [ 77.3489824, 23.1848456, 0.0 ], [ 77.3494726, 23.1852591, 0.0 ], [ 77.3496343, 23.1854918, 0.0 ], [ 77.3498066, 23.1858756, 0.0 ], [ 77.3499009, 23.1861826, 0.0 ], [ 77.3505328, 23.1878163, 0.0 ], [ 77.3504177, 23.1878767, 0.0 ], [ 77.3504943, 23.1880764, 0.0 ], [ 77.3507502, 23.1887432, 0.0 ], [ 77.3508217, 23.188987, 0.0 ], [ 77.3509269, 23.189486, 0.0 ], [ 77.35135, 23.1901365, 0.0 ], [ 77.351525, 23.1903445, 0.0 ], [ 77.3517217, 23.1906713, 0.0 ], [ 77.3517755, 23.1907876, 0.0 ], [ 77.3519775, 23.1913447, 0.0 ], [ 77.3521607, 23.1918151, 0.0 ], [ 77.3523384, 23.1922756, 0.0 ], [ 77.3524435, 23.1924241, 0.0 ], [ 77.3526886, 23.1928425, 0.0 ], [ 77.3528313, 23.1929861, 0.0 ], [ 77.3529714, 23.1932114, 0.0 ], [ 77.3532165, 23.1935184, 0.0 ], [ 77.3534805, 23.1937858, 0.0 ], [ 77.3536878, 23.1939962, 0.0 ], [ 77.3536798, 23.1940829, 0.0 ], [ 77.3553847, 23.1938972, 0.0 ], [ 77.3558035, 23.1938869, 0.0 ], [ 77.3560877, 23.1938799, 0.0 ], [ 77.3569442, 23.1938056, 0.0 ], [ 77.357596, 23.1939046, 0.0 ], [ 77.3590073, 23.194021, 0.0 ], [ 77.3594733, 23.1939665, 0.0 ], [ 77.3594949, 23.194474, 0.0 ], [ 77.3596473, 23.194697, 0.0 ], [ 77.3605318, 23.194578, 0.0 ], [ 77.3607931, 23.1945582, 0.0 ], [ 77.3622233, 23.1946845, 0.0 ], [ 77.3623928, 23.195251, 0.0 ], [ 77.3629633, 23.1952924, 0.0 ], [ 77.3632306, 23.1951994, 0.0 ], [ 77.3632603, 23.195187, 0.0 ], [ 77.3633114, 23.1951623, 0.0 ], [ 77.3633761, 23.1951425, 0.0 ], [ 77.3638732, 23.1951278, 0.0 ], [ 77.3638894, 23.1951298, 0.0 ], [ 77.3639085, 23.1951376, 0.0 ], [ 77.3639332, 23.1951544, 0.0 ], [ 77.3639425, 23.1951667, 0.0 ], [ 77.3641203, 23.1954011, 0.0 ], [ 77.3641323, 23.1954192, 0.0 ], [ 77.364145, 23.1954322, 0.0 ], [ 77.3641648, 23.1954407, 0.0 ], [ 77.3641832, 23.19544, 0.0 ], [ 77.3642074, 23.1954318, 0.0 ], [ 77.3644763, 23.1953402, 0.0 ], [ 77.3651415, 23.1951132, 0.0 ], [ 77.366702, 23.1940614, 0.0 ], [ 77.3671351, 23.1939322, 0.0 ], [ 77.3681883, 23.1936645, 0.0 ], [ 77.3687072, 23.1935266, 0.0 ], [ 77.368886, 23.1934772, 0.0 ], [ 77.3691433, 23.1934062, 0.0 ], [ 77.3695846, 23.1932224, 0.0 ], [ 77.3696863, 23.1931733, 0.0 ], [ 77.3697363, 23.1931321, 0.0 ], [ 77.3700431, 23.1929277, 0.0 ], [ 77.3701052, 23.1928849, 0.0 ], [ 77.3701897, 23.1928485, 0.0 ], [ 77.370269, 23.1928295, 0.0 ], [ 77.3704034, 23.1928089, 0.0 ], [ 77.3705913, 23.192717, 0.0 ], [ 77.3706275, 23.1926884, 0.0 ], [ 77.3706551, 23.1926615, 0.0 ], [ 77.370674, 23.1926346, 0.0 ], [ 77.3707309, 23.1925648, 0.0 ], [ 77.3708539, 23.1924557, 0.0 ], [ 77.3709792, 23.1923446, 0.0 ], [ 77.3712981, 23.1922685, 0.0 ], [ 77.3716428, 23.1922036, 0.0 ], [ 77.3719031, 23.1921561, 0.0 ], [ 77.372665, 23.1920594, 0.0 ], [ 77.3730822, 23.1920134, 0.0 ], [ 77.373408, 23.1919643, 0.0 ], [ 77.3740406, 23.1918518, 0.0 ], [ 77.3746181, 23.1917719, 0.0 ], [ 77.3751737, 23.1916959, 0.0 ], [ 77.375681, 23.19163, 0.0 ], [ 77.3757266, 23.1916226, 0.0 ], [ 77.3763218, 23.1915356, 0.0 ], [ 77.3769408, 23.1914387, 0.0 ], [ 77.3774796, 23.1913367, 0.0 ], [ 77.3775158, 23.1913308, 0.0 ], [ 77.3785504, 23.195884, 0.0 ], [ 77.3796702, 23.1982514, 0.0 ], [ 77.3772234, 23.2005874, 0.0 ], [ 77.3731967, 23.2030469, 0.0 ], [ 77.3715785, 23.2037865, 0.0 ], [ 77.3702196, 23.2033626, 0.0 ], [ 77.3701928, 23.2034279, 0.0 ], [ 77.3696726, 23.2046943, 0.0 ], [ 77.3693582, 23.2054598, 0.0 ], [ 77.3699722, 23.2056465, 0.0 ], [ 77.3708961, 23.2059262, 0.0 ], [ 77.3717068, 23.2061837, 0.0 ], [ 77.3719977, 23.2062728, 0.0 ], [ 77.3726549, 23.2064213, 0.0 ], [ 77.3735733, 23.2066268, 0.0 ], [ 77.3759368, 23.2071048, 0.0 ], [ 77.3762229, 23.2071841, 0.0 ], [ 77.3764556, 23.2072617, 0.0 ], [ 77.3765815, 23.2073362, 0.0 ], [ 77.376705, 23.207434, 0.0 ], [ 77.3774843, 23.2084667, 0.0 ], [ 77.3775405, 23.208507, 0.0 ], [ 77.3775697, 23.2085204, 0.0 ], [ 77.3776179, 23.2085315, 0.0 ], [ 77.3776781, 23.2085416, 0.0 ], [ 77.3777363, 23.2085463, 0.0 ], [ 77.3778006, 23.208561, 0.0 ], [ 77.3778537, 23.2085813, 0.0 ], [ 77.3778738, 23.2085951, 0.0 ], [ 77.377924, 23.2086394, 0.0 ], [ 77.377941, 23.2086542, 0.0 ], [ 77.3779881, 23.2087116, 0.0 ], [ 77.3786654, 23.2085646, 0.0 ], [ 77.3791342, 23.2084508, 0.0 ], [ 77.3792402, 23.2084216, 0.0 ], [ 77.3795528, 23.2083355, 0.0 ], [ 77.3805071, 23.2081281, 0.0 ], [ 77.3807521, 23.2088283, 0.0 ], [ 77.3812873, 23.2101396, 0.0 ], [ 77.3815983, 23.2106783, 0.0 ], [ 77.3818973, 23.2110795, 0.0 ], [ 77.3822442, 23.2112609, 0.0 ], [ 77.382926, 23.2114258, 0.0 ], [ 77.3864377, 23.2121173, 0.0 ], [ 77.3869223, 23.2122128, 0.0 ], [ 77.3866928, 23.2123455, 0.0 ], [ 77.3862246, 23.212587, 0.0 ], [ 77.3853856, 23.2130368, 0.0 ], [ 77.3851202, 23.2131987, 0.0 ], [ 77.3849802, 23.2133102, 0.0 ], [ 77.3847628, 23.2135063, 0.0 ], [ 77.3842639, 23.2139712, 0.0 ], [ 77.3842088, 23.2140226, 0.0 ], [ 77.384775, 23.2145026, 0.0 ], [ 77.3851119, 23.2147882, 0.0 ], [ 77.3854675, 23.2147511, 0.0 ], [ 77.3855914, 23.214657, 0.0 ], [ 77.3863529, 23.2151694, 0.0 ], [ 77.3875524, 23.2154507, 0.0 ], [ 77.3883235, 23.2153463, 0.0 ], [ 77.3885249, 23.2153281, 0.0 ], [ 77.3886227, 23.2152856, 0.0 ], [ 77.3886816, 23.2152443, 0.0 ], [ 77.3887645, 23.2151431, 0.0 ], [ 77.3887992, 23.2151206, 0.0 ], [ 77.388842, 23.2151122, 0.0 ], [ 77.3888848, 23.2151197, 0.0 ], [ 77.3889603, 23.2151843, 0.0 ], [ 77.3892698, 23.2155487, 0.0 ], [ 77.3892948, 23.2156114, 0.0 ], [ 77.389294, 23.2156937, 0.0 ], [ 77.3892673, 23.2157246, 0.0 ], [ 77.3892255, 23.2157427, 0.0 ], [ 77.3891001, 23.2157641, 0.0 ], [ 77.3889481, 23.2157625, 0.0 ], [ 77.3888203, 23.2157612, 0.0 ], [ 77.3887031, 23.2157755, 0.0 ], [ 77.3881998, 23.2158658, 0.0 ], [ 77.387765, 23.2159965, 0.0 ], [ 77.3870776, 23.2162032, 0.0 ], [ 77.3867828, 23.2162333, 0.0 ], [ 77.3866945, 23.2162303, 0.0 ], [ 77.3866001, 23.216227, 0.0 ], [ 77.386557, 23.2162191, 0.0 ], [ 77.3863915, 23.2161288, 0.0 ], [ 77.3863415, 23.2160923, 0.0 ], [ 77.3862657, 23.216048, 0.0 ], [ 77.3861967, 23.2160432, 0.0 ], [ 77.3860761, 23.2160511, 0.0 ], [ 77.3859589, 23.2160686, 0.0 ], [ 77.385647, 23.2161573, 0.0 ], [ 77.3855292, 23.2161908, 0.0 ], [ 77.3854521, 23.2162127, 0.0 ], [ 77.3853573, 23.2162713, 0.0 ], [ 77.3851497, 23.2164244, 0.0 ], [ 77.385044, 23.2166434, 0.0 ], [ 77.384354, 23.2180694, 0.0 ], [ 77.3843366, 23.2183594, 0.0 ], [ 77.384323, 23.2185858, 0.0 ], [ 77.3842575, 23.2189058, 0.0 ], [ 77.3841954, 23.2190231, 0.0 ], [ 77.3841454, 23.2190975, 0.0 ], [ 77.3841006, 23.2191514, 0.0 ], [ 77.3840411, 23.2191854, 0.0 ], [ 77.3839455, 23.2192401, 0.0 ], [ 77.384277, 23.2195104, 0.0 ], [ 77.3845182, 23.2197071, 0.0 ], [ 77.3848177, 23.2199514, 0.0 ], [ 77.3849637, 23.2197766, 0.0 ], [ 77.3850468, 23.2196772, 0.0 ], [ 77.385953, 23.2180531, 0.0 ], [ 77.3860363, 23.2180264, 0.0 ], [ 77.3873379, 23.217749, 0.0 ], [ 77.3888281, 23.2175037, 0.0 ], [ 77.3889769, 23.2174801, 0.0 ], [ 77.389047, 23.217469, 0.0 ], [ 77.3890564, 23.218183, 0.0 ], [ 77.3896019, 23.218172, 0.0 ], [ 77.389847, 23.2182883, 0.0 ], [ 77.3903022, 23.2182858, 0.0 ], [ 77.3903082, 23.2183991, 0.0 ], [ 77.3903141, 23.2185118, 0.0 ], [ 77.3903251, 23.2186477, 0.0 ], [ 77.3903649, 23.2189356, 0.0 ], [ 77.3904222, 23.2193902, 0.0 ], [ 77.3904651, 23.2196233, 0.0 ], [ 77.3905355, 23.2198716, 0.0 ], [ 77.3908977, 23.2210075, 0.0 ], [ 77.3914045, 23.2225833, 0.0 ], [ 77.3918439, 23.2239497, 0.0 ], [ 77.3893793, 23.2246442, 0.0 ], [ 77.3889016, 23.2237239, 0.0 ], [ 77.3886215, 23.2235185, 0.0 ], [ 77.3864371, 23.2224814, 0.0 ], [ 77.3858392, 23.2228898, 0.0 ], [ 77.3854917, 23.2231521, 0.0 ], [ 77.3852251, 23.2232115, 0.0 ], [ 77.3851335, 23.2232561, 0.0 ], [ 77.3849342, 23.2234492, 0.0 ], [ 77.3845625, 23.2239244, 0.0 ], [ 77.3842232, 23.2235912, 0.0 ], [ 77.3839772, 23.223352, 0.0 ], [ 77.3837974, 23.2231553, 0.0 ], [ 77.3834587, 23.2227589, 0.0 ], [ 77.3832945, 23.2228609, 0.0 ], [ 77.3824845, 23.2233317, 0.0 ], [ 77.3817895, 23.2237514, 0.0 ], [ 77.3817068, 23.223794, 0.0 ], [ 77.3815711, 23.2238356, 0.0 ], [ 77.381538, 23.2238386, 0.0 ], [ 77.3814273, 23.2238932, 0.0 ], [ 77.381207, 23.2240787, 0.0 ], [ 77.3807777, 23.2244403, 0.0 ], [ 77.3789017, 23.22602, 0.0 ], [ 77.3769812, 23.2276106, 0.0 ], [ 77.3756727, 23.2307105, 0.0 ], [ 77.3765414, 23.2327213, 0.0 ], [ 77.3793516, 23.2378733, 0.0 ], [ 77.3786347, 23.239862, 0.0 ], [ 77.3733418, 23.2423613, 0.0 ], [ 77.3665655, 23.241268, 0.0 ], [ 77.3576728, 23.2366023, 0.0 ], [ 77.3573028, 23.2456418, 0.0 ], [ 77.3556652, 23.2474567, 0.0 ], [ 77.3539484, 23.2471547, 0.0 ], [ 77.3478985, 23.2539628, 0.0 ] ] ] } },
{ "type": "Feature", "properties": { "objectid": 56, "townname": "Bhopal", "towncensuscode2011": 802312, "town_lgd_code": 250946, "ward_lgd_code": 32952, "ward_lgd_name": "Swami Vivekananda Ward", "sourcewardcode": 25, "state": "Madhya Pradesh" }, "geometry": { "type": "Polygon", "coordinates": [ [ [ 77.3893793, 23.2246442, 0.0 ], [ 77.3889575, 23.2260978, 0.0 ], [ 77.3880932, 23.2269965, 0.0 ], [ 77.3887915, 23.2274872, 0.0 ], [ 77.3941522, 23.2317648, 0.0 ], [ 77.3923333, 23.2336589, 0.0 ], [ 77.3931581, 23.2343641, 0.0 ], [ 77.393246, 23.234495, 0.0 ], [ 77.3932733, 23.2345343, 0.0 ], [ 77.3934472, 23.2348753, 0.0 ], [ 77.3938575, 23.235789, 0.0 ], [ 77.3941067, 23.2363297, 0.0 ], [ 77.3943408, 23.2367929, 0.0 ], [ 77.3944404, 23.2369613, 0.0 ], [ 77.3944929, 23.2370317, 0.0 ], [ 77.3947937, 23.2373614, 0.0 ], [ 77.3949108, 23.2374768, 0.0 ], [ 77.3950693, 23.2375757, 0.0 ], [ 77.3951902, 23.2376332, 0.0 ], [ 77.3952985, 23.2376659, 0.0 ], [ 77.3957535, 23.2377756, 0.0 ], [ 77.3958857, 23.2378445, 0.0 ], [ 77.3963409, 23.2381991, 0.0 ], [ 77.3987447, 23.2403604, 0.0 ], [ 77.398046, 23.2412134, 0.0 ], [ 77.3972386, 23.2406243, 0.0 ], [ 77.396575, 23.2405847, 0.0 ], [ 77.3961594, 23.2404699, 0.0 ], [ 77.3959874, 23.2403442, 0.0 ], [ 77.3956116, 23.240084, 0.0 ], [ 77.3953414, 23.2397933, 0.0 ], [ 77.3952652, 23.2396507, 0.0 ], [ 77.3950638, 23.239507, 0.0 ], [ 77.3945218, 23.2391442, 0.0 ], [ 77.3940831, 23.2389181, 0.0 ], [ 77.3938541, 23.2389104, 0.0 ], [ 77.393163, 23.2386324, 0.0 ], [ 77.3926173, 23.2378844, 0.0 ], [ 77.3917921, 23.2372304, 0.0 ], [ 77.3911867, 23.2366294, 0.0 ], [ 77.3909383, 23.2362521, 0.0 ], [ 77.3906105, 23.2353621, 0.0 ], [ 77.3901694, 23.2349309, 0.0 ], [ 77.3898924, 23.2345195, 0.0 ], [ 77.3894919, 23.2342639, 0.0 ], [ 77.3893975, 23.2341912, 0.0 ], [ 77.3892839, 23.234058, 0.0 ], [ 77.3892347, 23.2339779, 0.0 ], [ 77.3891782, 23.2337973, 0.0 ], [ 77.3889459, 23.2328708, 0.0 ], [ 77.3887039, 23.2314844, 0.0 ], [ 77.3875186, 23.2314247, 0.0 ], [ 77.38733, 23.2302824, 0.0 ], [ 77.3830503, 23.2284252, 0.0 ], [ 77.3828647, 23.2278905, 0.0 ], [ 77.3807777, 23.2244403, 0.0 ], [ 77.381207, 23.2240787, 0.0 ], [ 77.3814273, 23.2238932, 0.0 ], [ 77.381538, 23.2238386, 0.0 ], [ 77.3815711, 23.2238356, 0.0 ], [ 77.3817068, 23.223794, 0.0 ], [ 77.3817895, 23.2237514, 0.0 ], [ 77.3824845, 23.2233317, 0.0 ], [ 77.3832945, 23.2228609, 0.0 ], [ 77.3834587, 23.2227589, 0.0 ], [ 77.3837974, 23.2231553, 0.0 ], [ 77.3839772, 23.223352, 0.0 ], [ 77.3842232, 23.2235912, 0.0 ], [ 77.3845625, 23.2239244, 0.0 ], [ 77.3849342, 23.2234492, 0.0 ], [ 77.3851335, 23.2232561, 0.0 ], [ 77.3852251, 23.2232115, 0.0 ], [ 77.3854917, 23.2231521, 0.0 ], [ 77.3858392, 23.2228898, 0.0 ], [ 77.3864371, 23.2224814, 0.0 ], [ 77.3886215, 23.2235185, 0.0 ], [ 77.3889016, 23.2237239, 0.0 ], [ 77.3893793, 23.2246442, 0.0 ] ] ] } },
{ "type": "Feature", "properties": { "objectid": 57, "townname": "Bhopal", "towncensuscode2011": 802312, "town_lgd_code": 250946, "ward_lgd_code": 32951, "ward_lgd_name": "Rani Kamlapati Ward", "sourcewardcode": 24, "state": "Madhya Pradesh" }, "geometry": { "type": "Polygon", "coordinates": [ [ [ 77.3977105, 23.2505211, 0.0 ], [ 77.3978237, 23.2505997, 0.0 ], [ 77.3978569, 23.2506407, 0.0 ], [ 77.397861, 23.2506495, 0.0 ], [ 77.3978607, 23.2506565, 0.0 ], [ 77.3978578, 23.2506662, 0.0 ], [ 77.3978645, 23.2506831, 0.0 ], [ 77.3979943, 23.2508162, 0.0 ], [ 77.3981195, 23.2509189, 0.0 ], [ 77.3982273, 23.2509778, 0.0 ], [ 77.3984018, 23.2511049, 0.0 ], [ 77.3983927, 23.2511288, 0.0 ], [ 77.3982422, 23.251458, 0.0 ], [ 77.3982198, 23.2515461, 0.0 ], [ 77.3982118, 23.2516466, 0.0 ], [ 77.3982214, 23.2519926, 0.0 ], [ 77.3982445, 23.2521218, 0.0 ], [ 77.3983826, 23.2523667, 0.0 ], [ 77.3979552, 23.2522772, 0.0 ], [ 77.3968934, 23.2516804, 0.0 ], [ 77.3960867, 23.2509774, 0.0 ], [ 77.3959651, 23.250822, 0.0 ], [ 77.395806, 23.2505107, 0.0 ], [ 77.3953739, 23.2505298, 0.0 ], [ 77.3951196, 23.2505089, 0.0 ], [ 77.3950564, 23.2504652, 0.0 ], [ 77.3948733, 23.2502348, 0.0 ], [ 77.3945628, 23.2499836, 0.0 ], [ 77.3946091, 23.2499027, 0.0 ], [ 77.394433, 23.2497111, 0.0 ], [ 77.3942384, 23.2495663, 0.0 ], [ 77.3940669, 23.2494641, 0.0 ], [ 77.3938908, 23.249396, 0.0 ], [ 77.3934678, 23.2489908, 0.0 ], [ 77.3933966, 23.2489063, 0.0 ], [ 77.393364, 23.2488219, 0.0 ], [ 77.3932869, 23.2484622, 0.0 ], [ 77.3931949, 23.2483423, 0.0 ], [ 77.3931119, 23.2482469, 0.0 ], [ 77.3929814, 23.2481869, 0.0 ], [ 77.3928123, 23.2481188, 0.0 ], [ 77.3923289, 23.2480452, 0.0 ], [ 77.3919938, 23.2480398, 0.0 ], [ 77.3918929, 23.2480098, 0.0 ], [ 77.3917029, 23.247926, 0.0 ], [ 77.3862976, 23.246972, 0.0 ], [ 77.3650158, 23.2444236, 0.0 ], [ 77.3619774, 23.2475029, 0.0 ], [ 77.3556652, 23.2474567, 0.0 ], [ 77.3573028, 23.2456418, 0.0 ], [ 77.3576728, 23.2366023, 0.0 ], [ 77.3665655, 23.241268, 0.0 ], [ 77.3733418, 23.2423613, 0.0 ], [ 77.3786347, 23.239862, 0.0 ], [ 77.3793516, 23.2378733, 0.0 ], [ 77.3765414, 23.2327213, 0.0 ], [ 77.3756727, 23.2307105, 0.0 ], [ 77.3769812, 23.2276106, 0.0 ], [ 77.3789017, 23.22602, 0.0 ], [ 77.3807777, 23.2244403, 0.0 ], [ 77.3828647, 23.2278905, 0.0 ], [ 77.3830503, 23.2284252, 0.0 ], [ 77.38733, 23.2302824, 0.0 ], [ 77.3875186, 23.2314247, 0.0 ], [ 77.3887039, 23.2314844, 0.0 ], [ 77.3889459, 23.2328708, 0.0 ], [ 77.3891782, 23.2337973, 0.0 ], [ 77.3892347, 23.2339779, 0.0 ], [ 77.3892839, 23.234058, 0.0 ], [ 77.3893975, 23.2341912, 0.0 ], [ 77.3894919, 23.2342639, 0.0 ], [ 77.3898924, 23.2345195, 0.0 ], [ 77.3901694, 23.2349309, 0.0 ], [ 77.3906105, 23.2353621, 0.0 ], [ 77.3909383, 23.2362521, 0.0 ], [ 77.3911867, 23.2366294, 0.0 ], [ 77.3917921, 23.2372304, 0.0 ], [ 77.3926173, 23.2378844, 0.0 ], [ 77.393163, 23.2386324, 0.0 ], [ 77.3938541, 23.2389104, 0.0 ], [ 77.3940831, 23.2389181, 0.0 ], [ 77.3945218, 23.2391442, 0.0 ], [ 77.3950638, 23.239507, 0.0 ], [ 77.3952652, 23.2396507, 0.0 ], [ 77.3953414, 23.2397933, 0.0 ], [ 77.3956116, 23.240084, 0.0 ], [ 77.3959874, 23.2403442, 0.0 ], [ 77.3961594, 23.2404699, 0.0 ], [ 77.396575, 23.2405847, 0.0 ], [ 77.3972386, 23.2406243, 0.0 ], [ 77.398046, 23.2412134, 0.0 ], [ 77.3987447, 23.2403604, 0.0 ], [ 77.3988804, 23.2402293, 0.0 ], [ 77.400484, 23.2386801, 0.0 ], [ 77.4008542, 23.2382402, 0.0 ], [ 77.4009417, 23.2380715, 0.0 ], [ 77.4011466, 23.2375388, 0.0 ], [ 77.4018627, 23.238074, 0.0 ], [ 77.4028539, 23.2388146, 0.0 ], [ 77.4009617, 23.2417872, 0.0 ], [ 77.4017444, 23.2422646, 0.0 ], [ 77.4013951, 23.2425331, 0.0 ], [ 77.4012171, 23.2426658, 0.0 ], [ 77.4011768, 23.2427306, 0.0 ], [ 77.4011802, 23.2427923, 0.0 ], [ 77.4012592, 23.2429375, 0.0 ], [ 77.4013502, 23.2430421, 0.0 ], [ 77.401447, 23.2432408, 0.0 ], [ 77.401521, 23.2433977, 0.0 ], [ 77.4016064, 23.2436017, 0.0 ], [ 77.4017999, 23.2438893, 0.0 ], [ 77.4020105, 23.2440148, 0.0 ], [ 77.4022773, 23.2441927, 0.0 ], [ 77.4025263, 23.2445277, 0.0 ], [ 77.4026953, 23.2446666, 0.0 ], [ 77.4029265, 23.2448464, 0.0 ], [ 77.4033, 23.2450261, 0.0 ], [ 77.4036202, 23.2452631, 0.0 ], [ 77.4039581, 23.2455083, 0.0 ], [ 77.4044028, 23.2458024, 0.0 ], [ 77.4046785, 23.2460394, 0.0 ], [ 77.4047141, 23.2463744, 0.0 ], [ 77.4045629, 23.2466277, 0.0 ], [ 77.3982767, 23.2493962, 0.0 ], [ 77.3980661, 23.2495374, 0.0 ], [ 77.3980185, 23.2495534, 0.0 ], [ 77.3979269, 23.2495427, 0.0 ], [ 77.3978206, 23.2495706, 0.0 ], [ 77.3977238, 23.2496229, 0.0 ], [ 77.3976574, 23.2497154, 0.0 ], [ 77.3976232, 23.2497433, 0.0 ], [ 77.3975435, 23.2497642, 0.0 ], [ 77.3975131, 23.2497903, 0.0 ], [ 77.3974638, 23.2498409, 0.0 ], [ 77.3973935, 23.2499334, 0.0 ], [ 77.3973651, 23.2499979, 0.0 ], [ 77.397348, 23.2500694, 0.0 ], [ 77.3973556, 23.250113, 0.0 ], [ 77.3973651, 23.2501653, 0.0 ], [ 77.3974429, 23.2502822, 0.0 ], [ 77.3975966, 23.2504513, 0.0 ], [ 77.3977105, 23.2505211, 0.0 ] ] ] } },
{ "type": "Feature", "properties": { "objectid": 58, "townname": "Bhopal", "towncensuscode2011": 802312, "town_lgd_code": 250946, "ward_lgd_code": 881938, "ward_lgd_name": "Badbai Ward", "sourcewardcode": 75, "state": "Madhya Pradesh" }, "geometry": { "type": "Polygon", "coordinates": [ [ [ 77.3910576, 23.3197638, 0.0 ], [ 77.390944, 23.3198902, 0.0 ], [ 77.3908453, 23.3199388, 0.0 ], [ 77.3907535, 23.3199615, 0.0 ], [ 77.3906442, 23.319942, 0.0 ], [ 77.390556, 23.3198837, 0.0 ], [ 77.3904996, 23.3198384, 0.0 ], [ 77.3903514, 23.3196667, 0.0 ], [ 77.3902456, 23.3196181, 0.0 ], [ 77.3901257, 23.3196019, 0.0 ], [ 77.3899811, 23.3195825, 0.0 ], [ 77.3898259, 23.3195728, 0.0 ], [ 77.389713, 23.3195695, 0.0 ], [ 77.3896001, 23.3195533, 0.0 ], [ 77.3895595, 23.3195339, 0.0 ], [ 77.3895315, 23.3195042, 0.0 ], [ 77.3895147, 23.3194669, 0.0 ], [ 77.3894831, 23.3193845, 0.0 ], [ 77.3892584, 23.3183438, 0.0 ], [ 77.3892128, 23.3181818, 0.0 ], [ 77.3892014, 23.3181534, 0.0 ], [ 77.3891528, 23.3181085, 0.0 ], [ 77.3891155, 23.318092, 0.0 ], [ 77.3890427, 23.3180711, 0.0 ], [ 77.38894, 23.3180805, 0.0 ], [ 77.3889143, 23.3180946, 0.0 ], [ 77.3888861, 23.31813, 0.0 ], [ 77.3888758, 23.3181678, 0.0 ], [ 77.3888732, 23.3182267, 0.0 ], [ 77.3888713, 23.3183006, 0.0 ], [ 77.3888312, 23.3183467, 0.0 ], [ 77.3887818, 23.3183484, 0.0 ], [ 77.3887324, 23.31835, 0.0 ], [ 77.3886971, 23.3183322, 0.0 ], [ 77.3886654, 23.318303, 0.0 ], [ 77.3886336, 23.3182479, 0.0 ], [ 77.3886301, 23.3182269, 0.0 ], [ 77.3886424, 23.3180099, 0.0 ], [ 77.3886125, 23.3178722, 0.0 ], [ 77.3885842, 23.3177944, 0.0 ], [ 77.3881962, 23.3172405, 0.0 ], [ 77.388168, 23.3172146, 0.0 ], [ 77.3881433, 23.317213, 0.0 ], [ 77.3879952, 23.3172567, 0.0 ], [ 77.3878717, 23.3173021, 0.0 ], [ 77.3877941, 23.317294, 0.0 ], [ 77.387683, 23.3172584, 0.0 ], [ 77.3876389, 23.3172049, 0.0 ], [ 77.3876213, 23.3170818, 0.0 ], [ 77.3878329, 23.3165377, 0.0 ], [ 77.3878413, 23.3164807, 0.0 ], [ 77.3878392, 23.3164498, 0.0 ], [ 77.3878119, 23.3164044, 0.0 ], [ 77.3877782, 23.3163831, 0.0 ], [ 77.3877267, 23.3163879, 0.0 ], [ 77.3876495, 23.3164117, 0.0 ], [ 77.3873382, 23.3167116, 0.0 ], [ 77.3871972, 23.3167677, 0.0 ], [ 77.3871149, 23.3167673, 0.0 ], [ 77.387063, 23.3167342, 0.0 ], [ 77.3870201, 23.3166927, 0.0 ], [ 77.3869659, 23.31656, 0.0 ], [ 77.3869704, 23.3164854, 0.0 ], [ 77.3870336, 23.3164274, 0.0 ], [ 77.387133, 23.316388, 0.0 ], [ 77.3871917, 23.3163403, 0.0 ], [ 77.3872029, 23.3162636, 0.0 ], [ 77.3871939, 23.3162159, 0.0 ], [ 77.3871555, 23.3161558, 0.0 ], [ 77.3871285, 23.3161382, 0.0 ], [ 77.386467, 23.3161784, 0.0 ], [ 77.3863519, 23.3161854, 0.0 ], [ 77.3862236, 23.3161872, 0.0 ], [ 77.3860113, 23.3161652, 0.0 ], [ 77.3859694, 23.3161533, 0.0 ], [ 77.3858928, 23.3161019, 0.0 ], [ 77.3858756, 23.3160822, 0.0 ], [ 77.3858496, 23.3160432, 0.0 ], [ 77.3857618, 23.3159116, 0.0 ], [ 77.3857082, 23.3158555, 0.0 ], [ 77.3856439, 23.3158381, 0.0 ], [ 77.3846716, 23.3156536, 0.0 ], [ 77.384619, 23.3156294, 0.0 ], [ 77.3845455, 23.3155528, 0.0 ], [ 77.384492, 23.3154181, 0.0 ], [ 77.3844813, 23.3153913, 0.0 ], [ 77.3844474, 23.3153134, 0.0 ], [ 77.3843923, 23.3152881, 0.0 ], [ 77.3838717, 23.3153783, 0.0 ], [ 77.3837762, 23.3153733, 0.0 ], [ 77.3837166, 23.3153557, 0.0 ], [ 77.3836976, 23.3153403, 0.0 ], [ 77.3836538, 23.3152396, 0.0 ], [ 77.3836304, 23.3151833, 0.0 ], [ 77.383607, 23.3151403, 0.0 ], [ 77.3835369, 23.315092, 0.0 ], [ 77.3833445, 23.3150538, 0.0 ], [ 77.3832271, 23.3150088, 0.0 ], [ 77.383192, 23.3149525, 0.0 ], [ 77.3831897, 23.3149333, 0.0 ], [ 77.3832518, 23.314601, 0.0 ], [ 77.3832566, 23.3145691, 0.0 ], [ 77.3832542, 23.3145273, 0.0 ], [ 77.3832242, 23.3144721, 0.0 ], [ 77.3829546, 23.3143135, 0.0 ], [ 77.3828546, 23.3142758, 0.0 ], [ 77.3827829, 23.3142758, 0.0 ], [ 77.3827058, 23.314296, 0.0 ], [ 77.382591, 23.314329, 0.0 ], [ 77.3823651, 23.3143593, 0.0 ], [ 77.3822538, 23.3143568, 0.0 ], [ 77.382094, 23.3143568, 0.0 ], [ 77.3819066, 23.3143112, 0.0 ], [ 77.3817716, 23.3142024, 0.0 ], [ 77.3817247, 23.3141391, 0.0 ], [ 77.3817302, 23.3140278, 0.0 ], [ 77.3818377, 23.3136507, 0.0 ], [ 77.3818212, 23.3135495, 0.0 ], [ 77.3818019, 23.3135115, 0.0 ], [ 77.3816806, 23.313466, 0.0 ], [ 77.3814381, 23.3134457, 0.0 ], [ 77.3813389, 23.3134204, 0.0 ], [ 77.3812528, 23.3133746, 0.0 ], [ 77.3812301, 23.3133382, 0.0 ], [ 77.3812311, 23.3132426, 0.0 ], [ 77.3812251, 23.3131841, 0.0 ], [ 77.3811937, 23.313152, 0.0 ], [ 77.3811343, 23.3131394, 0.0 ], [ 77.3810795, 23.3131813, 0.0 ], [ 77.3809449, 23.3132926, 0.0 ], [ 77.3807914, 23.3133458, 0.0 ], [ 77.3806445, 23.313342, 0.0 ], [ 77.3805508, 23.313304, 0.0 ], [ 77.3804571, 23.3131876, 0.0 ], [ 77.3804323, 23.3131041, 0.0 ], [ 77.3804268, 23.3129733, 0.0 ], [ 77.3805232, 23.3128181, 0.0 ], [ 77.3806629, 23.3126694, 0.0 ], [ 77.3807155, 23.3125232, 0.0 ], [ 77.3807177, 23.3124308, 0.0 ], [ 77.3807051, 23.3123608, 0.0 ], [ 77.3806407, 23.3122715, 0.0 ], [ 77.3805292, 23.3122093, 0.0 ], [ 77.3801855, 23.3120175, 0.0 ], [ 77.380124, 23.3119832, 0.0 ], [ 77.3800658, 23.311954, 0.0 ], [ 77.3800023, 23.3119378, 0.0 ], [ 77.3794018, 23.3111879, 0.0 ], [ 77.3793349, 23.3110753, 0.0 ], [ 77.3793349, 23.3109422, 0.0 ], [ 77.3791789, 23.3107989, 0.0 ], [ 77.3790785, 23.3107374, 0.0 ], [ 77.3789782, 23.3105941, 0.0 ], [ 77.378811, 23.3103996, 0.0 ], [ 77.3787552, 23.3103074, 0.0 ], [ 77.3784988, 23.3101743, 0.0 ], [ 77.3780201, 23.3100656, 0.0 ], [ 77.377737, 23.3099817, 0.0 ], [ 77.3776457, 23.3099188, 0.0 ], [ 77.3776092, 23.3098349, 0.0 ], [ 77.3774904, 23.3098098, 0.0 ], [ 77.3773945, 23.3098307, 0.0 ], [ 77.3766868, 23.3100698, 0.0 ], [ 77.3765772, 23.3101159, 0.0 ], [ 77.3765224, 23.3101998, 0.0 ], [ 77.3764448, 23.3102878, 0.0 ], [ 77.3763352, 23.310313, 0.0 ], [ 77.3762804, 23.3102836, 0.0 ], [ 77.3762347, 23.3102207, 0.0 ], [ 77.3762073, 23.3101536, 0.0 ], [ 77.376148, 23.3099985, 0.0 ], [ 77.3760977, 23.3099398, 0.0 ], [ 77.3760658, 23.309902, 0.0 ], [ 77.3759607, 23.3098517, 0.0 ], [ 77.3758922, 23.3098475, 0.0 ], [ 77.375842, 23.3098601, 0.0 ], [ 77.3757598, 23.3099188, 0.0 ], [ 77.3757142, 23.3099817, 0.0 ], [ 77.3756639, 23.3100362, 0.0 ], [ 77.375568, 23.3100698, 0.0 ], [ 77.3755087, 23.3100656, 0.0 ], [ 77.3754539, 23.3100278, 0.0 ], [ 77.3753945, 23.3099649, 0.0 ], [ 77.3753443, 23.3098978, 0.0 ], [ 77.3752941, 23.3098475, 0.0 ], [ 77.3751845, 23.3098014, 0.0 ], [ 77.3750703, 23.3098349, 0.0 ], [ 77.374947, 23.3098978, 0.0 ], [ 77.3748557, 23.3099062, 0.0 ], [ 77.3747005, 23.3098936, 0.0 ], [ 77.3745589, 23.3098014, 0.0 ], [ 77.3742521, 23.30958, 0.0 ], [ 77.3741953, 23.3095313, 0.0 ], [ 77.3738935, 23.3093418, 0.0 ], [ 77.3736758, 23.3093217, 0.0 ], [ 77.3695053, 23.3103236, 0.0 ], [ 77.3687191, 23.3105176, 0.0 ], [ 77.3674876, 23.3105069, 0.0 ], [ 77.3668648, 23.3106205, 0.0 ], [ 77.3665041, 23.3086202, 0.0 ], [ 77.3643388, 23.3029347, 0.0 ], [ 77.3643738, 23.3015121, 0.0 ], [ 77.3621075, 23.3014526, 0.0 ], [ 77.3609944, 23.3010818, 0.0 ], [ 77.3582706, 23.2997475, 0.0 ], [ 77.3587754, 23.2986808, 0.0 ], [ 77.3587927, 23.2986666, 0.0 ], [ 77.358802, 23.2986635, 0.0 ], [ 77.3588401, 23.2986569, 0.0 ], [ 77.3608329, 23.298626, 0.0 ], [ 77.3608813, 23.29863, 0.0 ], [ 77.3609188, 23.2986406, 0.0 ], [ 77.3609385, 23.298655, 0.0 ], [ 77.3609679, 23.2986918, 0.0 ], [ 77.3609877, 23.2987289, 0.0 ], [ 77.3612843, 23.2994247, 0.0 ], [ 77.3613288, 23.2995142, 0.0 ], [ 77.3613434, 23.2995335, 0.0 ], [ 77.3613655, 23.2995555, 0.0 ], [ 77.3613891, 23.2995622, 0.0 ], [ 77.3614144, 23.299559, 0.0 ], [ 77.3614898, 23.2995313, 0.0 ], [ 77.3628215, 23.2988807, 0.0 ], [ 77.3630205, 23.2988238, 0.0 ], [ 77.3636488, 23.2987937, 0.0 ], [ 77.36394, 23.2988259, 0.0 ], [ 77.3648626, 23.2990137, 0.0 ], [ 77.3651477, 23.2991179, 0.0 ], [ 77.3660735, 23.2995732, 0.0 ], [ 77.3661898, 23.2996021, 0.0 ], [ 77.3668823, 23.2995684, 0.0 ], [ 77.3669827, 23.2995224, 0.0 ], [ 77.3685099, 23.2977679, 0.0 ], [ 77.3687011, 23.2975796, 0.0 ], [ 77.3688188, 23.2975177, 0.0 ], [ 77.3689237, 23.2975018, 0.0 ], [ 77.3690756, 23.2975279, 0.0 ], [ 77.3739254, 23.2996581, 0.0 ], [ 77.3741569, 23.299747, 0.0 ], [ 77.3761433, 23.3002816, 0.0 ], [ 77.3761324, 23.2993242, 0.0 ], [ 77.3760095, 23.2983958, 0.0 ], [ 77.3760224, 23.2983353, 0.0 ], [ 77.3777294, 23.2951329, 0.0 ], [ 77.3782301, 23.2939737, 0.0 ], [ 77.3776479, 23.2937191, 0.0 ], [ 77.3766023, 23.2929761, 0.0 ], [ 77.377049, 23.2923387, 0.0 ], [ 77.3767267, 23.2921179, 0.0 ], [ 77.3783431, 23.2900648, 0.0 ], [ 77.3763233, 23.2878441, 0.0 ], [ 77.3753151, 23.2857339, 0.0 ], [ 77.375976, 23.2849282, 0.0 ], [ 77.3776369, 23.2861507, 0.0 ], [ 77.3792918, 23.2871964, 0.0 ], [ 77.3823352, 23.2889393, 0.0 ], [ 77.3835497, 23.2895567, 0.0 ], [ 77.3848973, 23.2901041, 0.0 ], [ 77.3861063, 23.2904583, 0.0 ], [ 77.3881839, 23.2908327, 0.0 ], [ 77.3891408, 23.2909953, 0.0 ], [ 77.3914644, 23.2910311, 0.0 ], [ 77.3928929, 23.2909294, 0.0 ], [ 77.3927947, 23.2927484, 0.0 ], [ 77.3928015, 23.2928106, 0.0 ], [ 77.3928128, 23.2928572, 0.0 ], [ 77.3931726, 23.293673, 0.0 ], [ 77.3931874, 23.2937153, 0.0 ], [ 77.3931911, 23.2937398, 0.0 ], [ 77.3931963, 23.2937754, 0.0 ], [ 77.3933029, 23.2955267, 0.0 ], [ 77.3933026, 23.2955351, 0.0 ], [ 77.3933005, 23.2955424, 0.0 ], [ 77.3932973, 23.2955484, 0.0 ], [ 77.3932905, 23.2955522, 0.0 ], [ 77.3932825, 23.2955557, 0.0 ], [ 77.3932623, 23.2955572, 0.0 ], [ 77.3929746, 23.295571, 0.0 ], [ 77.3929595, 23.2955715, 0.0 ], [ 77.3929491, 23.2955737, 0.0 ], [ 77.3929423, 23.2955788, 0.0 ], [ 77.3929405, 23.2955848, 0.0 ], [ 77.3929391, 23.2956108, 0.0 ], [ 77.3929156, 23.2977675, 0.0 ], [ 77.3929721, 23.2983153, 0.0 ], [ 77.391568, 23.2983847, 0.0 ], [ 77.3913777, 23.2993911, 0.0 ], [ 77.3914787, 23.2994052, 0.0 ], [ 77.3924119, 23.2991556, 0.0 ], [ 77.3933141, 23.2989018, 0.0 ], [ 77.3933817, 23.2990258, 0.0 ], [ 77.3932974, 23.299065, 0.0 ], [ 77.3937863, 23.3000031, 0.0 ], [ 77.3935374, 23.3000666, 0.0 ], [ 77.3937373, 23.3010408, 0.0 ], [ 77.3939488, 23.3020037, 0.0 ], [ 77.3939535, 23.3020477, 0.0 ], [ 77.3939495, 23.3020773, 0.0 ], [ 77.3939392, 23.3021101, 0.0 ], [ 77.3939223, 23.3021447, 0.0 ], [ 77.3937251, 23.3025073, 0.0 ], [ 77.3937202, 23.3025233, 0.0 ], [ 77.3937161, 23.3028316, 0.0 ], [ 77.3937224, 23.302852, 0.0 ], [ 77.3937415, 23.3028707, 0.0 ], [ 77.3937853, 23.3028929, 0.0 ], [ 77.395753, 23.3030833, 0.0 ], [ 77.3971583, 23.3031658, 0.0 ], [ 77.4011113, 23.3029067, 0.0 ], [ 77.402624, 23.3028583, 0.0 ], [ 77.4022646, 23.3013355, 0.0 ], [ 77.404209, 23.3010532, 0.0 ], [ 77.4046344, 23.3058545, 0.0 ], [ 77.4048344, 23.3080845, 0.0 ], [ 77.4050217, 23.3101912, 0.0 ], [ 77.4050472, 23.3104121, 0.0 ], [ 77.4052035, 23.3115176, 0.0 ], [ 77.4052301, 23.3116917, 0.0 ], [ 77.4052002, 23.3119482, 0.0 ], [ 77.4050805, 23.3124948, 0.0 ], [ 77.4048135, 23.3143939, 0.0 ], [ 77.4045551, 23.3168219, 0.0 ], [ 77.4045265, 23.3169232, 0.0 ], [ 77.4039043, 23.3178709, 0.0 ], [ 77.4037191, 23.3180744, 0.0 ], [ 77.4028912, 23.3187472, 0.0 ], [ 77.4027491, 23.3188347, 0.0 ], [ 77.4021605, 23.3190422, 0.0 ], [ 77.4013126, 23.3192497, 0.0 ], [ 77.4012429, 23.3192482, 0.0 ], [ 77.4011952, 23.3192069, 0.0 ], [ 77.4011003, 23.3188268, 0.0 ], [ 77.4010297, 23.31871, 0.0 ], [ 77.4009447, 23.3186175, 0.0 ], [ 77.4007342, 23.3184442, 0.0 ], [ 77.4006497, 23.318369, 0.0 ], [ 77.4005974, 23.3183114, 0.0 ], [ 77.4003507, 23.3179516, 0.0 ], [ 77.4002868, 23.3178696, 0.0 ], [ 77.3995468, 23.3172044, 0.0 ], [ 77.3994261, 23.3170583, 0.0 ], [ 77.3993907, 23.316987, 0.0 ], [ 77.3993348, 23.3167843, 0.0 ], [ 77.3993021, 23.3166955, 0.0 ], [ 77.3992667, 23.3166418, 0.0 ], [ 77.3990815, 23.3164753, 0.0 ], [ 77.3989593, 23.3163703, 0.0 ], [ 77.3989117, 23.3163206, 0.0 ], [ 77.3988864, 23.3162766, 0.0 ], [ 77.3988733, 23.3162342, 0.0 ], [ 77.3988559, 23.3161629, 0.0 ], [ 77.3988035, 23.3159005, 0.0 ], [ 77.3987285, 23.3156421, 0.0 ], [ 77.3981309, 23.3142129, 0.0 ], [ 77.3981036, 23.3141653, 0.0 ], [ 77.3980787, 23.3141585, 0.0 ], [ 77.398041, 23.3141691, 0.0 ], [ 77.3980206, 23.3141816, 0.0 ], [ 77.3979729, 23.3142116, 0.0 ], [ 77.3972666, 23.3146143, 0.0 ], [ 77.3968075, 23.3148464, 0.0 ], [ 77.3964628, 23.3149929, 0.0 ], [ 77.3962649, 23.3150535, 0.0 ], [ 77.3949902, 23.3153916, 0.0 ], [ 77.3933736, 23.3159526, 0.0 ], [ 77.3932361, 23.3160077, 0.0 ], [ 77.3930931, 23.3160689, 0.0 ], [ 77.3929759, 23.3161465, 0.0 ], [ 77.3927047, 23.316314, 0.0 ], [ 77.3925961, 23.3163922, 0.0 ], [ 77.3925238, 23.3164567, 0.0 ], [ 77.3922642, 23.3169394, 0.0 ], [ 77.3921578, 23.3171055, 0.0 ], [ 77.3910576, 23.3197638, 0.0 ] ] ] } },
{ "type": "Feature", "properties": { "objectid": 60, "townname": "Bhopal", "towncensuscode2011": 802312, "town_lgd_code": 250946, "ward_lgd_code": 881944, "ward_lgd_name": "Navibag Ward", "sourcewardcode": 79, "state": "Madhya Pradesh" }, "geometry": { "type": "Polygon", "coordinates": [ [ [ 77.4144106, 23.3324651, 0.0 ], [ 77.4144381, 23.332493, 0.0 ], [ 77.4144691, 23.3325529, 0.0 ], [ 77.4145349, 23.3327786, 0.0 ], [ 77.4145067, 23.3328322, 0.0 ], [ 77.4144328, 23.3328616, 0.0 ], [ 77.4143121, 23.3328697, 0.0 ], [ 77.414192, 23.3328714, 0.0 ], [ 77.4141183, 23.3328928, 0.0 ], [ 77.414078, 23.3329178, 0.0 ], [ 77.4140482, 23.3329838, 0.0 ], [ 77.4140406, 23.3330772, 0.0 ], [ 77.4140543, 23.3331602, 0.0 ], [ 77.4141042, 23.3332339, 0.0 ], [ 77.4142252, 23.3333461, 0.0 ], [ 77.4142764, 23.3333715, 0.0 ], [ 77.4143605, 23.3333862, 0.0 ], [ 77.4144553, 23.3333989, 0.0 ], [ 77.4146269, 23.3334048, 0.0 ], [ 77.4146737, 23.3334204, 0.0 ], [ 77.4146833, 23.3334419, 0.0 ], [ 77.4146823, 23.3334615, 0.0 ], [ 77.4146471, 23.333485, 0.0 ], [ 77.4144021, 23.3335133, 0.0 ], [ 77.4132407, 23.3337357, 0.0 ], [ 77.4107698, 23.3342936, 0.0 ], [ 77.4099062, 23.3345023, 0.0 ], [ 77.4098048, 23.3345309, 0.0 ], [ 77.4096175, 23.3346169, 0.0 ], [ 77.408922, 23.3349348, 0.0 ], [ 77.4083552, 23.3351938, 0.0 ], [ 77.4083102, 23.3352244, 0.0 ], [ 77.4082953, 23.3352687, 0.0 ], [ 77.4082936, 23.3353299, 0.0 ], [ 77.4083069, 23.3353895, 0.0 ], [ 77.408346, 23.3354987, 0.0 ], [ 77.4084201, 23.3357059, 0.0 ], [ 77.4084218, 23.3357716, 0.0 ], [ 77.4084001, 23.3358342, 0.0 ], [ 77.4083419, 23.3358908, 0.0 ], [ 77.4078077, 23.3362757, 0.0 ], [ 77.4077376, 23.3363172, 0.0 ], [ 77.4077243, 23.3363585, 0.0 ], [ 77.4077642, 23.3365587, 0.0 ], [ 77.4077427, 23.3365999, 0.0 ], [ 77.4077273, 23.3366292, 0.0 ], [ 77.4076348, 23.3367035, 0.0 ], [ 77.405857, 23.3382385, 0.0 ], [ 77.4056741, 23.3383542, 0.0 ], [ 77.4051742, 23.3386079, 0.0 ], [ 77.4047312, 23.3387908, 0.0 ], [ 77.4044043, 23.3388689, 0.0 ], [ 77.4042283, 23.3389109, 0.0 ], [ 77.4038737, 23.3390221, 0.0 ], [ 77.4034307, 23.3391602, 0.0 ], [ 77.4033494, 23.3391975, 0.0 ], [ 77.4032926, 23.3392535, 0.0 ], [ 77.4032682, 23.3392908, 0.0 ], [ 77.4032361, 23.3393742, 0.0 ], [ 77.4031815, 23.3393741, 0.0 ], [ 77.4030816, 23.3393512, 0.0 ], [ 77.4021253, 23.3390377, 0.0 ], [ 77.4020561, 23.3390151, 0.0 ], [ 77.4020086, 23.3389795, 0.0 ], [ 77.4019394, 23.3389276, 0.0 ], [ 77.4017807, 23.3387318, 0.0 ], [ 77.401028, 23.3382372, 0.0 ], [ 77.4002974, 23.3377571, 0.0 ], [ 77.3991121, 23.3373633, 0.0 ], [ 77.3989284, 23.3373107, 0.0 ], [ 77.3988685, 23.337271, 0.0 ], [ 77.3988485, 23.3372267, 0.0 ], [ 77.3984335, 23.3357997, 0.0 ], [ 77.3983006, 23.3355865, 0.0 ], [ 77.3980561, 23.3352808, 0.0 ], [ 77.3974007, 23.3344545, 0.0 ], [ 77.3972758, 23.334347, 0.0 ], [ 77.3950551, 23.3326487, 0.0 ], [ 77.3946935, 23.3324796, 0.0 ], [ 77.3931123, 23.3319877, 0.0 ], [ 77.3919501, 23.3317103, 0.0 ], [ 77.3911949, 23.3314479, 0.0 ], [ 77.3906693, 23.3311802, 0.0 ], [ 77.3900079, 23.3308116, 0.0 ], [ 77.3899166, 23.3307775, 0.0 ], [ 77.3898824, 23.3307697, 0.0 ], [ 77.3897987, 23.3307506, 0.0 ], [ 77.3896408, 23.3307092, 0.0 ], [ 77.3896094, 23.330687, 0.0 ], [ 77.3895937, 23.3306759, 0.0 ], [ 77.3895522, 23.3306385, 0.0 ], [ 77.3895047, 23.3306007, 0.0 ], [ 77.3886316, 23.3302709, 0.0 ], [ 77.388561, 23.3302319, 0.0 ], [ 77.3885038, 23.3301847, 0.0 ], [ 77.3884295, 23.3301009, 0.0 ], [ 77.3883209, 23.3298902, 0.0 ], [ 77.3882221, 23.3296689, 0.0 ], [ 77.3882004, 23.3295841, 0.0 ], [ 77.3881911, 23.3295229, 0.0 ], [ 77.3881972, 23.3294248, 0.0 ], [ 77.3882162, 23.3293514, 0.0 ], [ 77.3882608, 23.3292565, 0.0 ], [ 77.38833, 23.3291593, 0.0 ], [ 77.3887615, 23.3286222, 0.0 ], [ 77.3887937, 23.3285439, 0.0 ], [ 77.3888225, 23.328449, 0.0 ], [ 77.3888581, 23.3283318, 0.0 ], [ 77.3889111, 23.3282291, 0.0 ], [ 77.3891687, 23.3278883, 0.0 ], [ 77.3892141, 23.3277944, 0.0 ], [ 77.3900397, 23.3252317, 0.0 ], [ 77.3910576, 23.3197638, 0.0 ], [ 77.3921578, 23.3171055, 0.0 ], [ 77.3922642, 23.3169394, 0.0 ], [ 77.3925238, 23.3164567, 0.0 ], [ 77.3925961, 23.3163922, 0.0 ], [ 77.3927047, 23.316314, 0.0 ], [ 77.3929759, 23.3161465, 0.0 ], [ 77.3930931, 23.3160689, 0.0 ], [ 77.3932361, 23.3160077, 0.0 ], [ 77.3933736, 23.3159526, 0.0 ], [ 77.3949902, 23.3153916, 0.0 ], [ 77.3962649, 23.3150535, 0.0 ], [ 77.3964628, 23.3149929, 0.0 ], [ 77.3968075, 23.3148464, 0.0 ], [ 77.3972666, 23.3146143, 0.0 ], [ 77.3979729, 23.3142116, 0.0 ], [ 77.3980206, 23.3141816, 0.0 ], [ 77.398041, 23.3141691, 0.0 ], [ 77.3980787, 23.3141585, 0.0 ], [ 77.3981036, 23.3141653, 0.0 ], [ 77.3981309, 23.3142129, 0.0 ], [ 77.3987285, 23.3156421, 0.0 ], [ 77.3988035, 23.3159005, 0.0 ], [ 77.3988559, 23.3161629, 0.0 ], [ 77.3988733, 23.3162342, 0.0 ], [ 77.3988864, 23.3162766, 0.0 ], [ 77.3989117, 23.3163206, 0.0 ], [ 77.3989593, 23.3163703, 0.0 ], [ 77.3990815, 23.3164753, 0.0 ], [ 77.3992667, 23.3166418, 0.0 ], [ 77.3993021, 23.3166955, 0.0 ], [ 77.3993348, 23.3167843, 0.0 ], [ 77.3993907, 23.316987, 0.0 ], [ 77.3994261, 23.3170583, 0.0 ], [ 77.3995468, 23.3172044, 0.0 ], [ 77.4002868, 23.3178696, 0.0 ], [ 77.4003507, 23.3179516, 0.0 ], [ 77.4005974, 23.3183114, 0.0 ], [ 77.4006497, 23.318369, 0.0 ], [ 77.4007342, 23.3184442, 0.0 ], [ 77.4009447, 23.3186175, 0.0 ], [ 77.4010297, 23.31871, 0.0 ], [ 77.4011003, 23.3188268, 0.0 ], [ 77.4011952, 23.3192069, 0.0 ], [ 77.4012429, 23.3192482, 0.0 ], [ 77.4013126, 23.3192497, 0.0 ], [ 77.4021605, 23.3190422, 0.0 ], [ 77.4027491, 23.3188347, 0.0 ], [ 77.4028912, 23.3187472, 0.0 ], [ 77.4037191, 23.3180744, 0.0 ], [ 77.4039043, 23.3178709, 0.0 ], [ 77.4045265, 23.3169232, 0.0 ], [ 77.4045551, 23.3168219, 0.0 ], [ 77.4048135, 23.3143939, 0.0 ], [ 77.4050805, 23.3124948, 0.0 ], [ 77.4052002, 23.3119482, 0.0 ], [ 77.4052301, 23.3116917, 0.0 ], [ 77.4052035, 23.3115176, 0.0 ], [ 77.4050472, 23.3104121, 0.0 ], [ 77.4050217, 23.3101912, 0.0 ], [ 77.4048344, 23.3080845, 0.0 ], [ 77.4046344, 23.3058545, 0.0 ], [ 77.404209, 23.3010532, 0.0 ], [ 77.4037928, 23.2962813, 0.0 ], [ 77.4050593, 23.29616, 0.0 ], [ 77.4050297, 23.2958382, 0.0 ], [ 77.4061155, 23.2957874, 0.0 ], [ 77.4063265, 23.2957816, 0.0 ], [ 77.4063343, 23.2957818, 0.0 ], [ 77.406338, 23.2957825, 0.0 ], [ 77.4063435, 23.2957848, 0.0 ], [ 77.4063461, 23.2957872, 0.0 ], [ 77.4063482, 23.2957924, 0.0 ], [ 77.4063581, 23.2960435, 0.0 ], [ 77.4063649, 23.2960614, 0.0 ], [ 77.4063718, 23.296068, 0.0 ], [ 77.4063867, 23.296077, 0.0 ], [ 77.4067197, 23.2961508, 0.0 ], [ 77.4068064, 23.2961583, 0.0 ], [ 77.4077625, 23.2961665, 0.0 ], [ 77.4078036, 23.2966985, 0.0 ], [ 77.4075703, 23.2967129, 0.0 ], [ 77.407577, 23.2971358, 0.0 ], [ 77.4076377, 23.2972705, 0.0 ], [ 77.4082916, 23.2972327, 0.0 ], [ 77.4082473, 23.2961342, 0.0 ], [ 77.4088668, 23.2961155, 0.0 ], [ 77.409649, 23.2961174, 0.0 ], [ 77.4100099, 23.2961059, 0.0 ], [ 77.4102118, 23.2960908, 0.0 ], [ 77.4108288, 23.2960584, 0.0 ], [ 77.4109418, 23.2963721, 0.0 ], [ 77.4109056, 23.2964515, 0.0 ], [ 77.4109284, 23.2965195, 0.0 ], [ 77.4111329, 23.2970561, 0.0 ], [ 77.4113257, 23.297523, 0.0 ], [ 77.4130263, 23.2970909, 0.0 ], [ 77.413603, 23.298756, 0.0 ], [ 77.4139203, 23.2999022, 0.0 ], [ 77.4144174, 23.3017592, 0.0 ], [ 77.4144281, 23.3018659, 0.0 ], [ 77.4142885, 23.3028338, 0.0 ], [ 77.4142897, 23.3029098, 0.0 ], [ 77.4173458, 23.3032263, 0.0 ], [ 77.4167917, 23.3077718, 0.0 ], [ 77.4167373, 23.3081244, 0.0 ], [ 77.416636, 23.308973, 0.0 ], [ 77.4166298, 23.3094524, 0.0 ], [ 77.4166478, 23.309714, 0.0 ], [ 77.4167037, 23.3100738, 0.0 ], [ 77.4167152, 23.3102625, 0.0 ], [ 77.4167072, 23.3103745, 0.0 ], [ 77.4166593, 23.3104973, 0.0 ], [ 77.4163791, 23.3110813, 0.0 ], [ 77.4160077, 23.3119735, 0.0 ], [ 77.415855, 23.3122694, 0.0 ], [ 77.4157576, 23.3124416, 0.0 ], [ 77.4157467, 23.3124726, 0.0 ], [ 77.4157049, 23.3126078, 0.0 ], [ 77.4156382, 23.3129825, 0.0 ], [ 77.415604, 23.3134748, 0.0 ], [ 77.415571, 23.3137219, 0.0 ], [ 77.415507, 23.313911, 0.0 ], [ 77.4154182, 23.3141298, 0.0 ], [ 77.4153866, 23.3142506, 0.0 ], [ 77.4153716, 23.314353, 0.0 ], [ 77.4153417, 23.3147872, 0.0 ], [ 77.41531, 23.3149553, 0.0 ], [ 77.4152534, 23.3151571, 0.0 ], [ 77.4151342, 23.3156983, 0.0 ], [ 77.4151186, 23.3158273, 0.0 ], [ 77.415129, 23.3159037, 0.0 ], [ 77.4151762, 23.3159979, 0.0 ], [ 77.4153087, 23.3161349, 0.0 ], [ 77.4156335, 23.3164866, 0.0 ], [ 77.4156537, 23.3165263, 0.0 ], [ 77.4156942, 23.3166056, 0.0 ], [ 77.4157551, 23.3167865, 0.0 ], [ 77.4157877, 23.3168597, 0.0 ], [ 77.4159639, 23.3172556, 0.0 ], [ 77.4160211, 23.3174157, 0.0 ], [ 77.416068, 23.317633, 0.0 ], [ 77.4162185, 23.3184144, 0.0 ], [ 77.4163895, 23.319577, 0.0 ], [ 77.4164269, 23.3197232, 0.0 ], [ 77.4164475, 23.31981, 0.0 ], [ 77.4164584, 23.3198746, 0.0 ], [ 77.4164753, 23.3207402, 0.0 ], [ 77.4164614, 23.3210239, 0.0 ], [ 77.4164477, 23.3213037, 0.0 ], [ 77.416442, 23.3215906, 0.0 ], [ 77.4164401, 23.3218741, 0.0 ], [ 77.4164458, 23.3219941, 0.0 ], [ 77.4164592, 23.3222011, 0.0 ], [ 77.4164612, 23.322264, 0.0 ], [ 77.4164548, 23.3223333, 0.0 ], [ 77.4164294, 23.3225805, 0.0 ], [ 77.4164063, 23.3227731, 0.0 ], [ 77.4163954, 23.3228978, 0.0 ], [ 77.4163809, 23.323136, 0.0 ], [ 77.4163809, 23.3232785, 0.0 ], [ 77.4163881, 23.3234588, 0.0 ], [ 77.4164156, 23.3236738, 0.0 ], [ 77.4164534, 23.3239699, 0.0 ], [ 77.4164875, 23.3240986, 0.0 ], [ 77.4165613, 23.3242777, 0.0 ], [ 77.4166923, 23.3245955, 0.0 ], [ 77.416707, 23.3246482, 0.0 ], [ 77.4167078, 23.3247102, 0.0 ], [ 77.4167016, 23.3247679, 0.0 ], [ 77.4166946, 23.3248106, 0.0 ], [ 77.4164278, 23.3264291, 0.0 ], [ 77.4164137, 23.326582, 0.0 ], [ 77.4163944, 23.326791, 0.0 ], [ 77.4163511, 23.3271909, 0.0 ], [ 77.4163132, 23.3274326, 0.0 ], [ 77.4162678, 23.327577, 0.0 ], [ 77.4162223, 23.3276517, 0.0 ], [ 77.4161912, 23.3276762, 0.0 ], [ 77.4161591, 23.3277013, 0.0 ], [ 77.4161081, 23.3277413, 0.0 ], [ 77.415879, 23.3278799, 0.0 ], [ 77.4155166, 23.3280346, 0.0 ], [ 77.414692, 23.3283978, 0.0 ], [ 77.4139173, 23.3287126, 0.0 ], [ 77.4133132, 23.3289161, 0.0 ], [ 77.4130628, 23.328999, 0.0 ], [ 77.4128297, 23.3290762, 0.0 ], [ 77.4127991, 23.3290859, 0.0 ], [ 77.4127782, 23.329095, 0.0 ], [ 77.4127693, 23.3291078, 0.0 ], [ 77.4127636, 23.3291244, 0.0 ], [ 77.4127603, 23.3291342, 0.0 ], [ 77.4127549, 23.3291734, 0.0 ], [ 77.4127164, 23.3293783, 0.0 ], [ 77.412639, 23.3297565, 0.0 ], [ 77.4125981, 23.3299542, 0.0 ], [ 77.4125938, 23.3299937, 0.0 ], [ 77.4125944, 23.3300248, 0.0 ], [ 77.4126002, 23.3300806, 0.0 ], [ 77.4126231, 23.3301494, 0.0 ], [ 77.4126342, 23.3301754, 0.0 ], [ 77.4126881, 23.3303109, 0.0 ], [ 77.4127042, 23.3303379, 0.0 ], [ 77.4127433, 23.3303907, 0.0 ], [ 77.4127662, 23.3304167, 0.0 ], [ 77.4130374, 23.3307231, 0.0 ], [ 77.4130578, 23.3307495, 0.0 ], [ 77.4130624, 23.3307702, 0.0 ], [ 77.4130593, 23.3307787, 0.0 ], [ 77.413045, 23.3307965, 0.0 ], [ 77.4129644, 23.330852, 0.0 ], [ 77.4129424, 23.3308568, 0.0 ], [ 77.4129257, 23.330857, 0.0 ], [ 77.4128409, 23.3308561, 0.0 ], [ 77.4128346, 23.3308549, 0.0 ], [ 77.4128198, 23.330852, 0.0 ], [ 77.412803, 23.330843, 0.0 ], [ 77.4127793, 23.3308294, 0.0 ], [ 77.4127708, 23.3308273, 0.0 ], [ 77.412762, 23.3308292, 0.0 ], [ 77.4127464, 23.3308361, 0.0 ], [ 77.4126462, 23.3308997, 0.0 ], [ 77.4126318, 23.3309134, 0.0 ], [ 77.4126211, 23.3309436, 0.0 ], [ 77.4126199, 23.3309586, 0.0 ], [ 77.4126268, 23.3309761, 0.0 ], [ 77.4126465, 23.3309942, 0.0 ], [ 77.4126772, 23.3310094, 0.0 ], [ 77.4128638, 23.3310829, 0.0 ], [ 77.4128832, 23.3310865, 0.0 ], [ 77.412905, 23.3310865, 0.0 ], [ 77.4129213, 23.3310815, 0.0 ], [ 77.4132057, 23.3308761, 0.0 ], [ 77.4132519, 23.3308393, 0.0 ], [ 77.4132603, 23.3308324, 0.0 ], [ 77.4132787, 23.3308306, 0.0 ], [ 77.413302, 23.3308311, 0.0 ], [ 77.4133253, 23.3308425, 0.0 ], [ 77.4135043, 23.330935, 0.0 ], [ 77.4135641, 23.330966, 0.0 ], [ 77.4136262, 23.3310125, 0.0 ], [ 77.4136456, 23.3310276, 0.0 ], [ 77.413653, 23.3310485, 0.0 ], [ 77.413659, 23.3310677, 0.0 ], [ 77.4136644, 23.3310914, 0.0 ], [ 77.4136654, 23.3311219, 0.0 ], [ 77.41366, 23.331147, 0.0 ], [ 77.4136161, 23.3311839, 0.0 ], [ 77.4135724, 23.3312207, 0.0 ], [ 77.4134356, 23.3313357, 0.0 ], [ 77.4134244, 23.3313533, 0.0 ], [ 77.4134132, 23.3313708, 0.0 ], [ 77.4134142, 23.3314005, 0.0 ], [ 77.4134415, 23.3314328, 0.0 ], [ 77.413545, 23.3314954, 0.0 ], [ 77.4135729, 23.3315025, 0.0 ], [ 77.4136008, 23.3315053, 0.0 ], [ 77.4136388, 23.3315053, 0.0 ], [ 77.4136598, 23.3314968, 0.0 ], [ 77.4137416, 23.3314564, 0.0 ], [ 77.4137748, 23.3314439, 0.0 ], [ 77.4138184, 23.3314461, 0.0 ], [ 77.4138619, 23.3314938, 0.0 ], [ 77.4139687, 23.3316109, 0.0 ], [ 77.4139711, 23.3316732, 0.0 ], [ 77.4139578, 23.3317366, 0.0 ], [ 77.4139578, 23.3317978, 0.0 ], [ 77.4139602, 23.3318646, 0.0 ], [ 77.4139857, 23.3319225, 0.0 ], [ 77.4140463, 23.3319804, 0.0 ], [ 77.4141137, 23.3320529, 0.0 ], [ 77.4141256, 23.33211, 0.0 ], [ 77.4141167, 23.3321508, 0.0 ], [ 77.414093, 23.3321861, 0.0 ], [ 77.4140368, 23.3323328, 0.0 ], [ 77.4140412, 23.3323722, 0.0 ], [ 77.4140688, 23.3324223, 0.0 ], [ 77.4141046, 23.3324387, 0.0 ], [ 77.4141667, 23.3324541, 0.0 ], [ 77.4142732, 23.3324504, 0.0 ], [ 77.4143277, 23.3324484, 0.0 ], [ 77.414363, 23.3324524, 0.0 ], [ 77.4144106, 23.3324651, 0.0 ] ] ] } },
{ "type": "Feature", "properties": { "objectid": 61, "townname": "Bhopal", "towncensuscode2011": 802312, "town_lgd_code": 250946, "ward_lgd_code": 881939, "ward_lgd_name": "Chhola Ward", "sourcewardcode": 76, "state": "Madhya Pradesh" }, "geometry": { "type": "MultiPolygon", "coordinates": [ [ [ [ 77.4227746, 23.3162512, 0.0 ], [ 77.4227559, 23.3162582, 0.0 ], [ 77.4215185, 23.316724, 0.0 ], [ 77.4211572, 23.3168295, 0.0 ], [ 77.4209145, 23.3168743, 0.0 ], [ 77.4207928, 23.3168729, 0.0 ], [ 77.4203096, 23.3167439, 0.0 ], [ 77.4201427, 23.3166856, 0.0 ], [ 77.4200692, 23.3166309, 0.0 ], [ 77.4197079, 23.3160365, 0.0 ], [ 77.4196446, 23.3159619, 0.0 ], [ 77.4192726, 23.3157268, 0.0 ], [ 77.4192163, 23.3156728, 0.0 ], [ 77.419079, 23.3153669, 0.0 ], [ 77.4190511, 23.3153412, 0.0 ], [ 77.4190049, 23.3153286, 0.0 ], [ 77.4183177, 23.3152653, 0.0 ], [ 77.4182071, 23.3152548, 0.0 ], [ 77.4172434, 23.3152467, 0.0 ], [ 77.4171769, 23.315217, 0.0 ], [ 77.4169603, 23.3150455, 0.0 ], [ 77.4169013, 23.3149748, 0.0 ], [ 77.4166471, 23.3144392, 0.0 ], [ 77.4165819, 23.3143839, 0.0 ], [ 77.415507, 23.313911, 0.0 ], [ 77.415571, 23.3137219, 0.0 ], [ 77.415604, 23.3134748, 0.0 ], [ 77.4156382, 23.3129825, 0.0 ], [ 77.4157049, 23.3126078, 0.0 ], [ 77.4157467, 23.3124726, 0.0 ], [ 77.4157576, 23.3124416, 0.0 ], [ 77.415855, 23.3122694, 0.0 ], [ 77.4160077, 23.3119735, 0.0 ], [ 77.4163791, 23.3110813, 0.0 ], [ 77.4166593, 23.3104973, 0.0 ], [ 77.4167072, 23.3103745, 0.0 ], [ 77.4167152, 23.3102625, 0.0 ], [ 77.4167037, 23.3100738, 0.0 ], [ 77.4166478, 23.309714, 0.0 ], [ 77.4166298, 23.3094524, 0.0 ], [ 77.416636, 23.308973, 0.0 ], [ 77.4167373, 23.3081244, 0.0 ], [ 77.4167917, 23.3077718, 0.0 ], [ 77.4173458, 23.3032263, 0.0 ], [ 77.4190624, 23.3034361, 0.0 ], [ 77.4198715, 23.3034454, 0.0 ], [ 77.4202925, 23.3034112, 0.0 ], [ 77.4207247, 23.3033601, 0.0 ], [ 77.4210151, 23.3033078, 0.0 ], [ 77.4214178, 23.3032228, 0.0 ], [ 77.4218252, 23.3030904, 0.0 ], [ 77.4221333, 23.3029735, 0.0 ], [ 77.4273088, 23.3006945, 0.0 ], [ 77.427297, 23.301024, 0.0 ], [ 77.4273134, 23.3011054, 0.0 ], [ 77.4273395, 23.3011493, 0.0 ], [ 77.4273903, 23.3012151, 0.0 ], [ 77.4274817, 23.3012764, 0.0 ], [ 77.427792, 23.3014406, 0.0 ], [ 77.4278223, 23.3014777, 0.0 ], [ 77.4278352, 23.3015022, 0.0 ], [ 77.4278368, 23.3015179, 0.0 ], [ 77.4278352, 23.3015388, 0.0 ], [ 77.4278279, 23.3015567, 0.0 ], [ 77.4277653, 23.301689, 0.0 ], [ 77.4277628, 23.3017159, 0.0 ], [ 77.4277644, 23.301733, 0.0 ], [ 77.4277783, 23.3017525, 0.0 ], [ 77.4277921, 23.3017659, 0.0 ], [ 77.4279931, 23.3018606, 0.0 ], [ 77.4280304, 23.3018944, 0.0 ], [ 77.4280361, 23.3019198, 0.0 ], [ 77.4280345, 23.3019385, 0.0 ], [ 77.4280239, 23.3019534, 0.0 ], [ 77.4278905, 23.3021088, 0.0 ], [ 77.4278824, 23.3021372, 0.0 ], [ 77.4278865, 23.3021649, 0.0 ], [ 77.4279133, 23.302203, 0.0 ], [ 77.4279515, 23.3022202, 0.0 ], [ 77.4280101, 23.3022164, 0.0 ], [ 77.4284973, 23.3019571, 0.0 ], [ 77.4285904, 23.3019485, 0.0 ], [ 77.4286835, 23.3019656, 0.0 ], [ 77.4287269, 23.3019998, 0.0 ], [ 77.4287828, 23.3020682, 0.0 ], [ 77.4288014, 23.3021537, 0.0 ], [ 77.4287921, 23.3022392, 0.0 ], [ 77.4287424, 23.3023504, 0.0 ], [ 77.4287207, 23.3023921, 0.0 ], [ 77.4286928, 23.302423, 0.0 ], [ 77.4286425, 23.3024481, 0.0 ], [ 77.4286, 23.3024497, 0.0 ], [ 77.4285191, 23.3024453, 0.0 ], [ 77.4284704, 23.3024508, 0.0 ], [ 77.4284494, 23.302456, 0.0 ], [ 77.4281876, 23.3025718, 0.0 ], [ 77.4281423, 23.3026033, 0.0 ], [ 77.4281184, 23.3026508, 0.0 ], [ 77.4281182, 23.3026807, 0.0 ], [ 77.4281361, 23.30273, 0.0 ], [ 77.4282915, 23.3030064, 0.0 ], [ 77.428308, 23.303052, 0.0 ], [ 77.4283029, 23.3030847, 0.0 ], [ 77.4282182, 23.3033531, 0.0 ], [ 77.4282108, 23.3034095, 0.0 ], [ 77.4282138, 23.3034333, 0.0 ], [ 77.4282277, 23.3034679, 0.0 ], [ 77.4282406, 23.3034779, 0.0 ], [ 77.428268, 23.303487, 0.0 ], [ 77.4283091, 23.3034843, 0.0 ], [ 77.4284502, 23.3034048, 0.0 ], [ 77.4285069, 23.303401, 0.0 ], [ 77.4285732, 23.3034114, 0.0 ], [ 77.4286094, 23.3034311, 0.0 ], [ 77.4286587, 23.3034902, 0.0 ], [ 77.4287262, 23.3035956, 0.0 ], [ 77.4287758, 23.3036485, 0.0 ], [ 77.4288115, 23.3036649, 0.0 ], [ 77.4288533, 23.303674, 0.0 ], [ 77.4288969, 23.3036722, 0.0 ], [ 77.4292644, 23.3035828, 0.0 ], [ 77.4293239, 23.3035828, 0.0 ], [ 77.4294947, 23.3036248, 0.0 ], [ 77.4295834, 23.3036355, 0.0 ], [ 77.4296218, 23.3036239, 0.0 ], [ 77.429652, 23.3035902, 0.0 ], [ 77.4296735, 23.3035259, 0.0 ], [ 77.4296615, 23.3033904, 0.0 ], [ 77.4296615, 23.3033585, 0.0 ], [ 77.4296913, 23.3033147, 0.0 ], [ 77.4297271, 23.303291, 0.0 ], [ 77.4297926, 23.3032673, 0.0 ], [ 77.4298542, 23.3032636, 0.0 ], [ 77.4298741, 23.3032654, 0.0 ], [ 77.4299455, 23.3032709, 0.0 ], [ 77.4299833, 23.30328, 0.0 ], [ 77.430025, 23.3032946, 0.0 ], [ 77.4300806, 23.3033348, 0.0 ], [ 77.4301094, 23.303396, 0.0 ], [ 77.4301243, 23.3034488, 0.0 ], [ 77.4301243, 23.3034697, 0.0 ], [ 77.4301193, 23.3034916, 0.0 ], [ 77.4300932, 23.3035466, 0.0 ], [ 77.4300172, 23.3036336, 0.0 ], [ 77.4300024, 23.3036737, 0.0 ], [ 77.4300005, 23.3037009, 0.0 ], [ 77.4300192, 23.303739, 0.0 ], [ 77.4303102, 23.3040532, 0.0 ], [ 77.4305504, 23.3045269, 0.0 ], [ 77.4353687, 23.3020777, 0.0 ], [ 77.4368024, 23.304074, 0.0 ], [ 77.4373908, 23.3047529, 0.0 ], [ 77.4378376, 23.3051718, 0.0 ], [ 77.4384582, 23.3056107, 0.0 ], [ 77.4402058, 23.3066198, 0.0 ], [ 77.4401229, 23.307538, 0.0 ], [ 77.4401258, 23.3081606, 0.0 ], [ 77.4401359, 23.3082385, 0.0 ], [ 77.4401509, 23.3083087, 0.0 ], [ 77.4402574, 23.3086805, 0.0 ], [ 77.4402915, 23.308931, 0.0 ], [ 77.4402787, 23.3091149, 0.0 ], [ 77.4402446, 23.309248, 0.0 ], [ 77.440006, 23.3094946, 0.0 ], [ 77.439908, 23.309612, 0.0 ], [ 77.4398654, 23.3097685, 0.0 ], [ 77.4398824, 23.3098859, 0.0 ], [ 77.4398952, 23.3100072, 0.0 ], [ 77.4398867, 23.3101442, 0.0 ], [ 77.439827, 23.3102851, 0.0 ], [ 77.4395713, 23.3106295, 0.0 ], [ 77.4394136, 23.3109113, 0.0 ], [ 77.4393242, 23.311107, 0.0 ], [ 77.4391835, 23.3118036, 0.0 ], [ 77.4391026, 23.3120227, 0.0 ], [ 77.4390088, 23.3121362, 0.0 ], [ 77.4389108, 23.3121871, 0.0 ], [ 77.4387659, 23.312238, 0.0 ], [ 77.4386466, 23.3122576, 0.0 ], [ 77.4385273, 23.3123045, 0.0 ], [ 77.4383952, 23.3124063, 0.0 ], [ 77.4382247, 23.3125589, 0.0 ], [ 77.4380074, 23.3126059, 0.0 ], [ 77.4378753, 23.3125863, 0.0 ], [ 77.4376196, 23.3124024, 0.0 ], [ 77.437513, 23.3123945, 0.0 ], [ 77.4374406, 23.3124454, 0.0 ], [ 77.4372659, 23.3126333, 0.0 ], [ 77.4372062, 23.3126959, 0.0 ], [ 77.4370954, 23.3127311, 0.0 ], [ 77.4369548, 23.3127076, 0.0 ], [ 77.4364732, 23.3125432, 0.0 ], [ 77.4364008, 23.3125432, 0.0 ], [ 77.4363283, 23.3125432, 0.0 ], [ 77.4362772, 23.3125824, 0.0 ], [ 77.4361451, 23.3127272, 0.0 ], [ 77.4360769, 23.3127585, 0.0 ], [ 77.4358766, 23.3127898, 0.0 ], [ 77.4357488, 23.3127898, 0.0 ], [ 77.4355954, 23.3127702, 0.0 ], [ 77.4354207, 23.3127311, 0.0 ], [ 77.4352459, 23.3126483, 0.0 ], [ 77.4351096, 23.3125472, 0.0 ], [ 77.4349902, 23.312465, 0.0 ], [ 77.4348752, 23.3123984, 0.0 ], [ 77.4347644, 23.3123515, 0.0 ], [ 77.4347047, 23.312285, 0.0 ], [ 77.4346877, 23.3122067, 0.0 ], [ 77.4346919, 23.3121362, 0.0 ], [ 77.4347303, 23.3120697, 0.0 ], [ 77.4347729, 23.3120306, 0.0 ], [ 77.4347985, 23.3119797, 0.0 ], [ 77.4348155, 23.3119327, 0.0 ], [ 77.4348155, 23.3118192, 0.0 ], [ 77.4348757, 23.3116567, 0.0 ], [ 77.4349485, 23.3113892, 0.0 ], [ 77.434986, 23.3107626, 0.0 ], [ 77.4349689, 23.3105004, 0.0 ], [ 77.4349306, 23.3104495, 0.0 ], [ 77.4348326, 23.3104534, 0.0 ], [ 77.4346877, 23.3104377, 0.0 ], [ 77.43453, 23.3103673, 0.0 ], [ 77.4344746, 23.3102381, 0.0 ], [ 77.434513, 23.3101325, 0.0 ], [ 77.434905, 23.3099055, 0.0 ], [ 77.4349647, 23.3097842, 0.0 ], [ 77.4349093, 23.3096785, 0.0 ], [ 77.4348411, 23.3095572, 0.0 ], [ 77.4347473, 23.3095102, 0.0 ], [ 77.4346408, 23.3095024, 0.0 ], [ 77.4343979, 23.3093067, 0.0 ], [ 77.434334, 23.3092206, 0.0 ], [ 77.4343255, 23.3089858, 0.0 ], [ 77.4343084, 23.3088136, 0.0 ], [ 77.4342615, 23.308751, 0.0 ], [ 77.4342274, 23.3087275, 0.0 ], [ 77.4341081, 23.3086609, 0.0 ], [ 77.4337459, 23.308524, 0.0 ], [ 77.4336905, 23.3084457, 0.0 ], [ 77.4336948, 23.3083713, 0.0 ], [ 77.4338098, 23.3081678, 0.0 ], [ 77.4337885, 23.3080778, 0.0 ], [ 77.4336948, 23.3079995, 0.0 ], [ 77.43322, 23.3078687, 0.0 ], [ 77.4331409, 23.3078361, 0.0 ], [ 77.4330755, 23.307786, 0.0 ], [ 77.4330237, 23.3075405, 0.0 ], [ 77.4329064, 23.307275, 0.0 ], [ 77.4328655, 23.3071748, 0.0 ], [ 77.4328709, 23.3070997, 0.0 ], [ 77.4329691, 23.3069369, 0.0 ], [ 77.4330155, 23.3068267, 0.0 ], [ 77.4330209, 23.306734, 0.0 ], [ 77.4329691, 23.3066188, 0.0 ], [ 77.4328819, 23.3065587, 0.0 ], [ 77.4327646, 23.3065512, 0.0 ], [ 77.4322683, 23.3065827, 0.0 ], [ 77.432202, 23.3065555, 0.0 ], [ 77.4321898, 23.3065234, 0.0 ], [ 77.4321968, 23.3064842, 0.0 ], [ 77.4322317, 23.3064625, 0.0 ], [ 77.4324097, 23.3064497, 0.0 ], [ 77.4325164, 23.3064109, 0.0 ], [ 77.4326282, 23.3063082, 0.0 ], [ 77.4326991, 23.3062005, 0.0 ], [ 77.4327018, 23.3060853, 0.0 ], [ 77.4326937, 23.3060402, 0.0 ], [ 77.4326746, 23.3060051, 0.0 ], [ 77.4326091, 23.3059851, 0.0 ], [ 77.4325355, 23.3060151, 0.0 ], [ 77.4323991, 23.3060903, 0.0 ], [ 77.4323255, 23.3061178, 0.0 ], [ 77.4322682, 23.3060978, 0.0 ], [ 77.4321988, 23.3059394, 0.0 ], [ 77.4321887, 23.3059158, 0.0 ], [ 77.4321507, 23.305887, 0.0 ], [ 77.4320949, 23.3058788, 0.0 ], [ 77.4320435, 23.3058994, 0.0 ], [ 77.4319817, 23.3059487, 0.0 ], [ 77.4318836, 23.3060857, 0.0 ], [ 77.4317942, 23.3061092, 0.0 ], [ 77.4316876, 23.306074, 0.0 ], [ 77.4312956, 23.3058666, 0.0 ], [ 77.4311123, 23.3058196, 0.0 ], [ 77.4308822, 23.3058079, 0.0 ], [ 77.4306478, 23.3057805, 0.0 ], [ 77.4304049, 23.3056787, 0.0 ], [ 77.4301, 23.3054616, 0.0 ], [ 77.4292272, 23.3043789, 0.0 ], [ 77.4291569, 23.3042978, 0.0 ], [ 77.4290703, 23.3042375, 0.0 ], [ 77.4285548, 23.3039554, 0.0 ], [ 77.4284808, 23.3039438, 0.0 ], [ 77.428012, 23.3039773, 0.0 ], [ 77.4280436, 23.3050294, 0.0 ], [ 77.427769, 23.3050224, 0.0 ], [ 77.4276563, 23.3063773, 0.0 ], [ 77.4288513, 23.3071979, 0.0 ], [ 77.4312107, 23.3110603, 0.0 ], [ 77.4312221, 23.3110988, 0.0 ], [ 77.4312183, 23.3111338, 0.0 ], [ 77.4311248, 23.3114884, 0.0 ], [ 77.4310115, 23.3120729, 0.0 ], [ 77.430967, 23.3121616, 0.0 ], [ 77.430787, 23.3124644, 0.0 ], [ 77.4304212, 23.3130774, 0.0 ], [ 77.4303708, 23.3131402, 0.0 ], [ 77.4303081, 23.3132044, 0.0 ], [ 77.4297793, 23.3135096, 0.0 ], [ 77.4297209, 23.3135374, 0.0 ], [ 77.4296627, 23.313554, 0.0 ], [ 77.4293566, 23.3135985, 0.0 ], [ 77.4288914, 23.3137246, 0.0 ], [ 77.4283143, 23.3139522, 0.0 ], [ 77.4276992, 23.3142569, 0.0 ], [ 77.4267967, 23.3147389, 0.0 ], [ 77.4266378, 23.3148136, 0.0 ], [ 77.4264735, 23.314874, 0.0 ], [ 77.4261741, 23.3149682, 0.0 ], [ 77.4257414, 23.315066, 0.0 ], [ 77.4242941, 23.3153401, 0.0 ], [ 77.4242169, 23.3153604, 0.0 ], [ 77.4241543, 23.3153902, 0.0 ], [ 77.4241203, 23.3154169, 0.0 ], [ 77.4241026, 23.3154433, 0.0 ], [ 77.4240953, 23.3154751, 0.0 ], [ 77.4240787, 23.3161589, 0.0 ], [ 77.4240705, 23.3162269, 0.0 ], [ 77.4240526, 23.3162673, 0.0 ], [ 77.4238188, 23.3164805, 0.0 ], [ 77.4237798, 23.3165053, 0.0 ], [ 77.4237392, 23.3165134, 0.0 ], [ 77.4233663, 23.3165365, 0.0 ], [ 77.4231502, 23.3165464, 0.0 ], [ 77.4230835, 23.3165418, 0.0 ], [ 77.4230453, 23.3165253, 0.0 ], [ 77.4230168, 23.3165004, 0.0 ], [ 77.4228527, 23.3162703, 0.0 ], [ 77.422836, 23.3162529, 0.0 ], [ 77.422825, 23.3162456, 0.0 ], [ 77.4228034, 23.3162442, 0.0 ], [ 77.4227746, 23.3162512, 0.0 ] ] ], [ [ [ 77.4183359, 23.2882758, 0.0 ], [ 77.4182161, 23.2883374, 0.0 ], [ 77.4181298, 23.2883572, 0.0 ], [ 77.4179955, 23.2883617, 0.0 ], [ 77.4178373, 23.2883308, 0.0 ], [ 77.4165749, 23.2879845, 0.0 ], [ 77.4164691, 23.2879268, 0.0 ], [ 77.4163909, 23.2878493, 0.0 ], [ 77.4162927, 23.2877168, 0.0 ], [ 77.4147283, 23.2855213, 0.0 ], [ 77.4147067, 23.2855111, 0.0 ], [ 77.4146768, 23.2855075, 0.0 ], [ 77.4146344, 23.2855227, 0.0 ], [ 77.4143052, 23.2857472, 0.0 ], [ 77.4142668, 23.2857668, 0.0 ], [ 77.4142417, 23.2857761, 0.0 ], [ 77.4142015, 23.2857888, 0.0 ], [ 77.4141449, 23.2858119, 0.0 ], [ 77.4138082, 23.2859418, 0.0 ], [ 77.4137503, 23.2859562, 0.0 ], [ 77.4126746, 23.2860633, 0.0 ], [ 77.4126053, 23.2860716, 0.0 ], [ 77.412511, 23.2861047, 0.0 ], [ 77.4124709, 23.2861285, 0.0 ], [ 77.4123109, 23.2862962, 0.0 ], [ 77.4122245, 23.2863494, 0.0 ], [ 77.4121253, 23.286381, 0.0 ], [ 77.4109723, 23.2866656, 0.0 ], [ 77.4106826, 23.2860663, 0.0 ], [ 77.4106547, 23.2860265, 0.0 ], [ 77.4106245, 23.2859899, 0.0 ], [ 77.4105918, 23.2859575, 0.0 ], [ 77.4094014, 23.2849955, 0.0 ], [ 77.408998, 23.2852464, 0.0 ], [ 77.4084801, 23.2853913, 0.0 ], [ 77.4080442, 23.2849021, 0.0 ], [ 77.4107998, 23.2823204, 0.0 ], [ 77.4125909, 23.2806141, 0.0 ], [ 77.4134244, 23.2799537, 0.0 ], [ 77.4137595, 23.2797494, 0.0 ], [ 77.4142393, 23.2795051, 0.0 ], [ 77.4146996, 23.2792988, 0.0 ], [ 77.4153084, 23.2791183, 0.0 ], [ 77.4156057, 23.2790456, 0.0 ], [ 77.4160587, 23.2789664, 0.0 ], [ 77.4167059, 23.2788783, 0.0 ], [ 77.4171038, 23.2788364, 0.0 ], [ 77.417549, 23.2788042, 0.0 ], [ 77.4179182, 23.278834, 0.0 ], [ 77.418427, 23.2789245, 0.0 ], [ 77.418789, 23.2790258, 0.0 ], [ 77.4191616, 23.2792064, 0.0 ], [ 77.4197201, 23.279634, 0.0 ], [ 77.4211123, 23.2816699, 0.0 ], [ 77.4247044, 23.2866756, 0.0 ], [ 77.4234426, 23.287336, 0.0 ], [ 77.4230868, 23.2874427, 0.0 ], [ 77.4227852, 23.2874469, 0.0 ], [ 77.4223601, 23.2874228, 0.0 ], [ 77.4219407, 23.2873257, 0.0 ], [ 77.4216073, 23.2871915, 0.0 ], [ 77.4213676, 23.2870436, 0.0 ], [ 77.4210605, 23.2866961, 0.0 ], [ 77.4183359, 23.2882758, 0.0 ] ] ] ] } },
{ "type": "Feature", "properties": { "objectid": 62, "townname": "Bhopal", "towncensuscode2011": 802312, "town_lgd_code": 250946, "ward_lgd_code": 881935, "ward_lgd_name": "Bhopal Memorial Aspataal Ward", "sourcewardcode": 73, "state": "Madhya Pradesh" }, "geometry": { "type": "Polygon", "coordinates": [ [ [ 77.4259373, 23.2979583, 0.0 ], [ 77.4258416, 23.2981949, 0.0 ], [ 77.4251966, 23.2983391, 0.0 ], [ 77.4247769, 23.2985105, 0.0 ], [ 77.4245409, 23.2978107, 0.0 ], [ 77.4235911, 23.29791, 0.0 ], [ 77.4229281, 23.2962755, 0.0 ], [ 77.4229462, 23.2960281, 0.0 ], [ 77.4217203, 23.2957891, 0.0 ], [ 77.4212499, 23.2964109, 0.0 ], [ 77.4195055, 23.2961028, 0.0 ], [ 77.4195458, 23.2956287, 0.0 ], [ 77.4195505, 23.2955434, 0.0 ], [ 77.4195478, 23.2955165, 0.0 ], [ 77.4195375, 23.2954691, 0.0 ], [ 77.4195179, 23.2954159, 0.0 ], [ 77.419482, 23.2953551, 0.0 ], [ 77.4194493, 23.2953186, 0.0 ], [ 77.4194246, 23.2952956, 0.0 ], [ 77.4193906, 23.2952712, 0.0 ], [ 77.4193246, 23.2952323, 0.0 ], [ 77.4192925, 23.2952178, 0.0 ], [ 77.4192281, 23.295198, 0.0 ], [ 77.4190193, 23.2951602, 0.0 ], [ 77.4174699, 23.2949005, 0.0 ], [ 77.4169649, 23.2948039, 0.0 ], [ 77.4168284, 23.2947738, 0.0 ], [ 77.4166662, 23.2947251, 0.0 ], [ 77.4165286, 23.2946683, 0.0 ], [ 77.4163312, 23.2945785, 0.0 ], [ 77.4134891, 23.2933697, 0.0 ], [ 77.4135434, 23.292871, 0.0 ], [ 77.4135724, 23.2926819, 0.0 ], [ 77.4135912, 23.2926248, 0.0 ], [ 77.4136426, 23.2925359, 0.0 ], [ 77.4137037, 23.2924656, 0.0 ], [ 77.414146, 23.292117, 0.0 ], [ 77.414212, 23.2920776, 0.0 ], [ 77.4142432, 23.2920633, 0.0 ], [ 77.4143078, 23.2920509, 0.0 ], [ 77.4150158, 23.291964, 0.0 ], [ 77.4150385, 23.2919542, 0.0 ], [ 77.4150509, 23.2919388, 0.0 ], [ 77.4150489, 23.2919201, 0.0 ], [ 77.4141204, 23.2905746, 0.0 ], [ 77.4127243, 23.2887102, 0.0 ], [ 77.4125402, 23.2884876, 0.0 ], [ 77.4122886, 23.2882128, 0.0 ], [ 77.4112278, 23.2870857, 0.0 ], [ 77.4111299, 23.286967, 0.0 ], [ 77.4110857, 23.2869002, 0.0 ], [ 77.4110677, 23.2868693, 0.0 ], [ 77.4109723, 23.2866656, 0.0 ], [ 77.4121253, 23.286381, 0.0 ], [ 77.4122245, 23.2863494, 0.0 ], [ 77.4123109, 23.2862962, 0.0 ], [ 77.4124709, 23.2861285, 0.0 ], [ 77.412511, 23.2861047, 0.0 ], [ 77.4126053, 23.2860716, 0.0 ], [ 77.4126746, 23.2860633, 0.0 ], [ 77.4137503, 23.2859562, 0.0 ], [ 77.4138082, 23.2859418, 0.0 ], [ 77.4141449, 23.2858119, 0.0 ], [ 77.4142015, 23.2857888, 0.0 ], [ 77.4142417, 23.2857761, 0.0 ], [ 77.4142668, 23.2857668, 0.0 ], [ 77.4143052, 23.2857472, 0.0 ], [ 77.4146344, 23.2855227, 0.0 ], [ 77.4146768, 23.2855075, 0.0 ], [ 77.4147067, 23.2855111, 0.0 ], [ 77.4147283, 23.2855213, 0.0 ], [ 77.4162927, 23.2877168, 0.0 ], [ 77.4163909, 23.2878493, 0.0 ], [ 77.4164691, 23.2879268, 0.0 ], [ 77.4165749, 23.2879845, 0.0 ], [ 77.4178373, 23.2883308, 0.0 ], [ 77.4179955, 23.2883617, 0.0 ], [ 77.4181298, 23.2883572, 0.0 ], [ 77.4182161, 23.2883374, 0.0 ], [ 77.4183359, 23.2882758, 0.0 ], [ 77.4210605, 23.2866961, 0.0 ], [ 77.4213676, 23.2870436, 0.0 ], [ 77.4216073, 23.2871915, 0.0 ], [ 77.4219407, 23.2873257, 0.0 ], [ 77.4223601, 23.2874228, 0.0 ], [ 77.4227852, 23.2874469, 0.0 ], [ 77.4230868, 23.2874427, 0.0 ], [ 77.4234426, 23.287336, 0.0 ], [ 77.4247044, 23.2866756, 0.0 ], [ 77.4279483, 23.2911958, 0.0 ], [ 77.4267606, 23.2918111, 0.0 ], [ 77.4265565, 23.2915228, 0.0 ], [ 77.4260086, 23.2918535, 0.0 ], [ 77.4258751, 23.2919219, 0.0 ], [ 77.4249683, 23.2922526, 0.0 ], [ 77.423623, 23.2927206, 0.0 ], [ 77.4237921, 23.2931543, 0.0 ], [ 77.4207459, 23.2942177, 0.0 ], [ 77.4212628, 23.2954914, 0.0 ], [ 77.4212913, 23.2955238, 0.0 ], [ 77.4217319, 23.2956195, 0.0 ], [ 77.4222471, 23.2956195, 0.0 ], [ 77.4230358, 23.2955958, 0.0 ], [ 77.4246091, 23.2955017, 0.0 ], [ 77.4250435, 23.2954988, 0.0 ], [ 77.4257797, 23.2955703, 0.0 ], [ 77.4258842, 23.296367, 0.0 ], [ 77.4256459, 23.2965786, 0.0 ], [ 77.4256388, 23.2967935, 0.0 ], [ 77.4259373, 23.2979583, 0.0 ] ] ] } },
{ "type": "Feature", "properties": { "objectid": 71, "townname": "Bhopal", "towncensuscode2011": 802312, "town_lgd_code": 250946, "ward_lgd_code": 32949, "ward_lgd_name": "Moti Masjid Ward", "sourcewardcode": 22, "state": "Madhya Pradesh" }, "geometry": { "type": "Polygon", "coordinates": [ [ [ 77.4019408, 23.2549767, 0.0 ], [ 77.4016272, 23.2550915, 0.0 ], [ 77.401877, 23.2554847, 0.0 ], [ 77.4019258, 23.2556202, 0.0 ], [ 77.4011335, 23.2557612, 0.0 ], [ 77.400081, 23.2559163, 0.0 ], [ 77.399766, 23.2559276, 0.0 ], [ 77.3991144, 23.2559274, 0.0 ], [ 77.3987513, 23.2558885, 0.0 ], [ 77.3986288, 23.2558754, 0.0 ], [ 77.3986589, 23.2553333, 0.0 ], [ 77.3986572, 23.2552719, 0.0 ], [ 77.3986554, 23.2539779, 0.0 ], [ 77.3986155, 23.2535847, 0.0 ], [ 77.398393, 23.2524334, 0.0 ], [ 77.3983826, 23.2523667, 0.0 ], [ 77.3982445, 23.2521218, 0.0 ], [ 77.3982214, 23.2519926, 0.0 ], [ 77.3982118, 23.2516466, 0.0 ], [ 77.3982198, 23.2515461, 0.0 ], [ 77.3982422, 23.251458, 0.0 ], [ 77.3983927, 23.2511288, 0.0 ], [ 77.3984018, 23.2511049, 0.0 ], [ 77.3982273, 23.2509778, 0.0 ], [ 77.3985668, 23.250761, 0.0 ], [ 77.3988471, 23.2506336, 0.0 ], [ 77.3992626, 23.2503968, 0.0 ], [ 77.399477, 23.250353, 0.0 ], [ 77.3998308, 23.2502577, 0.0 ], [ 77.3998801, 23.2502342, 0.0 ], [ 77.3999142, 23.2502061, 0.0 ], [ 77.3999686, 23.2501498, 0.0 ], [ 77.3999822, 23.2501327, 0.0 ], [ 77.4000094, 23.2501092, 0.0 ], [ 77.4000486, 23.2500858, 0.0 ], [ 77.4000775, 23.2500764, 0.0 ], [ 77.4001183, 23.2500717, 0.0 ], [ 77.4001779, 23.2500733, 0.0 ], [ 77.4002323, 23.2500764, 0.0 ], [ 77.4003327, 23.2500717, 0.0 ], [ 77.4004024, 23.2500545, 0.0 ], [ 77.4007001, 23.249981, 0.0 ], [ 77.4008873, 23.2499529, 0.0 ], [ 77.4010012, 23.2499529, 0.0 ], [ 77.4011135, 23.2499529, 0.0 ], [ 77.4014265, 23.2499763, 0.0 ], [ 77.4016897, 23.2499754, 0.0 ], [ 77.4018484, 23.2499748, 0.0 ], [ 77.4018569, 23.2499398, 0.0 ], [ 77.4018756, 23.2498622, 0.0 ], [ 77.4022489, 23.2498502, 0.0 ], [ 77.4029933, 23.2498263, 0.0 ], [ 77.4030035, 23.2497685, 0.0 ], [ 77.4038217, 23.2497384, 0.0 ], [ 77.4041877, 23.2498786, 0.0 ], [ 77.4052077, 23.2502169, 0.0 ], [ 77.4056781, 23.2504025, 0.0 ], [ 77.4055816, 23.2509854, 0.0 ], [ 77.4055107, 23.2514136, 0.0 ], [ 77.4049786, 23.2513566, 0.0 ], [ 77.4046128, 23.2526655, 0.0 ], [ 77.4044398, 23.252752, 0.0 ], [ 77.4043367, 23.253322, 0.0 ], [ 77.4043656, 23.2536989, 0.0 ], [ 77.4045917, 23.2542679, 0.0 ], [ 77.4046299, 23.2543639, 0.0 ], [ 77.4048528, 23.2549247, 0.0 ], [ 77.4042629, 23.2550593, 0.0 ], [ 77.4042226, 23.2550506, 0.0 ], [ 77.40348, 23.2549133, 0.0 ], [ 77.4032403, 23.2548936, 0.0 ], [ 77.4030599, 23.2548888, 0.0 ], [ 77.4030493, 23.2548497, 0.0 ], [ 77.4029403, 23.2548693, 0.0 ], [ 77.4029243, 23.2548326, 0.0 ], [ 77.4023183, 23.2549865, 0.0 ], [ 77.4022837, 23.2548961, 0.0 ], [ 77.4019408, 23.2549767, 0.0 ] ] ] } },
{ "type": "Feature", "properties": { "objectid": 72, "townname": "Bhopal", "towncensuscode2011": 802312, "town_lgd_code": 250946, "ward_lgd_code": 32948, "ward_lgd_name": "Jain Mandir Ward", "sourcewardcode": 21, "state": "Madhya Pradesh" }, "geometry": { "type": "Polygon", "coordinates": [ [ [ 77.4015098, 23.262053, 0.0 ], [ 77.399975, 23.2619406, 0.0 ], [ 77.3992808, 23.2616672, 0.0 ], [ 77.3987448, 23.2616494, 0.0 ], [ 77.3981841, 23.261644, 0.0 ], [ 77.3969864, 23.2616326, 0.0 ], [ 77.3957437, 23.2615818, 0.0 ], [ 77.3957128, 23.2613704, 0.0 ], [ 77.3958074, 23.2609626, 0.0 ], [ 77.3956736, 23.2603395, 0.0 ], [ 77.3954627, 23.2596176, 0.0 ], [ 77.3952155, 23.2593838, 0.0 ], [ 77.3949866, 23.2587194, 0.0 ], [ 77.3949724, 23.2586776, 0.0 ], [ 77.39497, 23.2586311, 0.0 ], [ 77.3949828, 23.2585972, 0.0 ], [ 77.3950185, 23.2585544, 0.0 ], [ 77.3960919, 23.2576587, 0.0 ], [ 77.3964299, 23.2573, 0.0 ], [ 77.3964468, 23.2572955, 0.0 ], [ 77.3964659, 23.2572939, 0.0 ], [ 77.3964834, 23.2572999, 0.0 ], [ 77.3964988, 23.2573115, 0.0 ], [ 77.3968301, 23.258041, 0.0 ], [ 77.3968441, 23.2580541, 0.0 ], [ 77.3968592, 23.2580608, 0.0 ], [ 77.3968819, 23.2580607, 0.0 ], [ 77.3969056, 23.2580538, 0.0 ], [ 77.3973047, 23.2579637, 0.0 ], [ 77.3981517, 23.2576252, 0.0 ], [ 77.3988904, 23.2575389, 0.0 ], [ 77.3989193, 23.2572157, 0.0 ], [ 77.3990096, 23.2572183, 0.0 ], [ 77.399083, 23.2572572, 0.0 ], [ 77.3991817, 23.2573583, 0.0 ], [ 77.3992889, 23.2574127, 0.0 ], [ 77.3996614, 23.2572987, 0.0 ], [ 77.3998891, 23.2571391, 0.0 ], [ 77.3999595, 23.2571009, 0.0 ], [ 77.4001185, 23.2570777, 0.0 ], [ 77.400081, 23.2559163, 0.0 ], [ 77.4011335, 23.2557612, 0.0 ], [ 77.4019258, 23.2556202, 0.0 ], [ 77.4019378, 23.2559684, 0.0 ], [ 77.4019511, 23.2563556, 0.0 ], [ 77.4019488, 23.2565409, 0.0 ], [ 77.4019313, 23.2571922, 0.0 ], [ 77.4019703, 23.2578642, 0.0 ], [ 77.4019889, 23.2583642, 0.0 ], [ 77.4019913, 23.258429, 0.0 ], [ 77.4016734, 23.2584285, 0.0 ], [ 77.4016921, 23.2587985, 0.0 ], [ 77.4017021, 23.258862, 0.0 ], [ 77.401954, 23.2590478, 0.0 ], [ 77.4019675, 23.259505, 0.0 ], [ 77.4019599, 23.2614055, 0.0 ], [ 77.4019686, 23.2616073, 0.0 ], [ 77.4016397, 23.2615026, 0.0 ], [ 77.4015098, 23.262053, 0.0 ] ] ] } },
{ "type": "Feature", "properties": { "objectid": 73, "townname": "Bhopal", "towncensuscode2011": 802312, "town_lgd_code": 250946, "ward_lgd_code": 32950, "ward_lgd_name": "Islampura Ward", "sourcewardcode": 23, "state": "Madhya Pradesh" }, "geometry": { "type": "Polygon", "coordinates": [ [ [ 77.4063027, 23.2571459, 0.0 ], [ 77.4062006, 23.2574691, 0.0 ], [ 77.4058616, 23.2578306, 0.0 ], [ 77.4058439, 23.2578494, 0.0 ], [ 77.4058232, 23.2578824, 0.0 ], [ 77.4058167, 23.2579084, 0.0 ], [ 77.4058091, 23.2579374, 0.0 ], [ 77.4058091, 23.2580065, 0.0 ], [ 77.4058356, 23.2582241, 0.0 ], [ 77.4058396, 23.2582565, 0.0 ], [ 77.405833, 23.2582725, 0.0 ], [ 77.4058189, 23.2582975, 0.0 ], [ 77.4056315, 23.2585241, 0.0 ], [ 77.4055783, 23.2585262, 0.0 ], [ 77.4055631, 23.2585268, 0.0 ], [ 77.4052934, 23.2585268, 0.0 ], [ 77.4052647, 23.2585268, 0.0 ], [ 77.4052284, 23.2585268, 0.0 ], [ 77.4051908, 23.2585216, 0.0 ], [ 77.4051692, 23.258514, 0.0 ], [ 77.4051532, 23.258505, 0.0 ], [ 77.4051413, 23.2584922, 0.0 ], [ 77.405133, 23.2584775, 0.0 ], [ 77.4051267, 23.2584506, 0.0 ], [ 77.4051252, 23.2584044, 0.0 ], [ 77.4051212, 23.2582764, 0.0 ], [ 77.4051071, 23.2569689, 0.0 ], [ 77.4050878, 23.2561376, 0.0 ], [ 77.4050524, 23.2559173, 0.0 ], [ 77.4050013, 23.2556629, 0.0 ], [ 77.4048528, 23.2549247, 0.0 ], [ 77.4046299, 23.2543639, 0.0 ], [ 77.4045917, 23.2542679, 0.0 ], [ 77.4043656, 23.2536989, 0.0 ], [ 77.4043367, 23.253322, 0.0 ], [ 77.4044398, 23.252752, 0.0 ], [ 77.4046128, 23.2526655, 0.0 ], [ 77.4049786, 23.2513566, 0.0 ], [ 77.4055107, 23.2514136, 0.0 ], [ 77.4055512, 23.2511686, 0.0 ], [ 77.4062523, 23.251499, 0.0 ], [ 77.4066377, 23.251648, 0.0 ], [ 77.4066989, 23.2517091, 0.0 ], [ 77.4069775, 23.2519176, 0.0 ], [ 77.407049, 23.2519583, 0.0 ], [ 77.4070966, 23.2519864, 0.0 ], [ 77.4071511, 23.2520333, 0.0 ], [ 77.4071987, 23.2520943, 0.0 ], [ 77.4072921, 23.252216, 0.0 ], [ 77.4073008, 23.2522252, 0.0 ], [ 77.4074749, 23.2524097, 0.0 ], [ 77.4076284, 23.2525378, 0.0 ], [ 77.4079039, 23.2527298, 0.0 ], [ 77.4080016, 23.2527119, 0.0 ], [ 77.4080272, 23.2527085, 0.0 ], [ 77.4080279, 23.2527442, 0.0 ], [ 77.4080313, 23.2530159, 0.0 ], [ 77.4082132, 23.2533154, 0.0 ], [ 77.4083207, 23.2533926, 0.0 ], [ 77.4086192, 23.2535119, 0.0 ], [ 77.4086617, 23.2535775, 0.0 ], [ 77.4087366, 23.2536682, 0.0 ], [ 77.4088726, 23.2542941, 0.0 ], [ 77.408752, 23.2544228, 0.0 ], [ 77.4088315, 23.2548602, 0.0 ], [ 77.4090252, 23.2550873, 0.0 ], [ 77.4103352, 23.256779, 0.0 ], [ 77.4103952, 23.2568801, 0.0 ], [ 77.4104242, 23.256952, 0.0 ], [ 77.4104378, 23.2570114, 0.0 ], [ 77.4104395, 23.2570489, 0.0 ], [ 77.4104453, 23.2571318, 0.0 ], [ 77.4104552, 23.2572709, 0.0 ], [ 77.4104601, 23.2574072, 0.0 ], [ 77.4104725, 23.2577554, 0.0 ], [ 77.4101336, 23.2576869, 0.0 ], [ 77.4098346, 23.2576411, 0.0 ], [ 77.4092158, 23.2576068, 0.0 ], [ 77.4085886, 23.2576144, 0.0 ], [ 77.4083934, 23.257725, 0.0 ], [ 77.4083759, 23.2577523, 0.0 ], [ 77.4076733, 23.2577351, 0.0 ], [ 77.4074964, 23.2577241, 0.0 ], [ 77.4075041, 23.2575824, 0.0 ], [ 77.4074287, 23.2574513, 0.0 ], [ 77.407306, 23.2573553, 0.0 ], [ 77.407282, 23.2573365, 0.0 ], [ 77.407083, 23.2573256, 0.0 ], [ 77.407083, 23.2572662, 0.0 ], [ 77.4069775, 23.2572631, 0.0 ], [ 77.4068175, 23.2571306, 0.0 ], [ 77.4063141, 23.2571099, 0.0 ], [ 77.4063027, 23.2571459, 0.0 ] ] ] } },
{ "type": "Feature", "properties": { "objectid": 63, "townname": "Bhopal", "towncensuscode2011": 802312, "town_lgd_code": 250946, "ward_lgd_code": 881932, "ward_lgd_name": "Rajiv Gandhi Ward", "sourcewardcode": 72, "state": "Madhya Pradesh" }, "geometry": { "type": "Polygon", "coordinates": [ [ [ 77.4489296, 23.3235246, 0.0 ], [ 77.4489276, 23.3235848, 0.0 ], [ 77.4489038, 23.3236195, 0.0 ], [ 77.448397, 23.3238158, 0.0 ], [ 77.4483287, 23.3238307, 0.0 ], [ 77.4483035, 23.3238419, 0.0 ], [ 77.4482896, 23.3238576, 0.0 ], [ 77.4482807, 23.3240162, 0.0 ], [ 77.4483261, 23.3245043, 0.0 ], [ 77.4483044, 23.3245841, 0.0 ], [ 77.4482671, 23.3246183, 0.0 ], [ 77.4481678, 23.3246297, 0.0 ], [ 77.4480592, 23.3246012, 0.0 ], [ 77.4479506, 23.3245499, 0.0 ], [ 77.4477551, 23.3244017, 0.0 ], [ 77.4475784, 23.3242309, 0.0 ], [ 77.4475368, 23.3241907, 0.0 ], [ 77.4474697, 23.3240994, 0.0 ], [ 77.4474141, 23.3239877, 0.0 ], [ 77.4473984, 23.3239391, 0.0 ], [ 77.4473896, 23.3238262, 0.0 ], [ 77.4474441, 23.3233167, 0.0 ], [ 77.4474282, 23.3231885, 0.0 ], [ 77.4474084, 23.32313, 0.0 ], [ 77.4473874, 23.3230891, 0.0 ], [ 77.4473683, 23.3230634, 0.0 ], [ 77.4473275, 23.3230299, 0.0 ], [ 77.4472886, 23.3230159, 0.0 ], [ 77.4472269, 23.3230059, 0.0 ], [ 77.447137, 23.3230121, 0.0 ], [ 77.4470773, 23.3230273, 0.0 ], [ 77.4470576, 23.3230448, 0.0 ], [ 77.447034, 23.3230797, 0.0 ], [ 77.4469883, 23.3232851, 0.0 ], [ 77.4469582, 23.3233613, 0.0 ], [ 77.4469333, 23.3233983, 0.0 ], [ 77.4468829, 23.3234359, 0.0 ], [ 77.4468002, 23.3234598, 0.0 ], [ 77.4460022, 23.323521, 0.0 ], [ 77.4459566, 23.3235356, 0.0 ], [ 77.445888, 23.3235675, 0.0 ], [ 77.4458597, 23.323609, 0.0 ], [ 77.4458485, 23.3236577, 0.0 ], [ 77.4458523, 23.3237161, 0.0 ], [ 77.4459155, 23.3237978, 0.0 ], [ 77.4460112, 23.3239213, 0.0 ], [ 77.4460211, 23.3240052, 0.0 ], [ 77.4460201, 23.3240535, 0.0 ], [ 77.4460102, 23.3241301, 0.0 ], [ 77.4459526, 23.324286, 0.0 ], [ 77.4459287, 23.3243257, 0.0 ], [ 77.445864, 23.324389, 0.0 ], [ 77.4457659, 23.3244456, 0.0 ], [ 77.4456495, 23.3244902, 0.0 ], [ 77.445465, 23.3245348, 0.0 ], [ 77.4451809, 23.3245352, 0.0 ], [ 77.4450868, 23.3245166, 0.0 ], [ 77.4449826, 23.324471, 0.0 ], [ 77.4449216, 23.3244115, 0.0 ], [ 77.4446483, 23.3240614, 0.0 ], [ 77.4446369, 23.3240018, 0.0 ], [ 77.4446445, 23.3239563, 0.0 ], [ 77.4446649, 23.3239306, 0.0 ], [ 77.4447716, 23.3238419, 0.0 ], [ 77.4447856, 23.3238011, 0.0 ], [ 77.4447843, 23.3237521, 0.0 ], [ 77.4447767, 23.3237182, 0.0 ], [ 77.4447526, 23.3236925, 0.0 ], [ 77.4446827, 23.3236552, 0.0 ], [ 77.4446356, 23.3236365, 0.0 ], [ 77.4445784, 23.3235992, 0.0 ], [ 77.4444844, 23.3235151, 0.0 ], [ 77.4444374, 23.3234708, 0.0 ], [ 77.4443992, 23.3234451, 0.0 ], [ 77.4443484, 23.3234299, 0.0 ], [ 77.4443102, 23.3234299, 0.0 ], [ 77.4442607, 23.3234369, 0.0 ], [ 77.4440799, 23.3234389, 0.0 ], [ 77.4439451, 23.3234318, 0.0 ], [ 77.4437164, 23.3234426, 0.0 ], [ 77.4436071, 23.3234407, 0.0 ], [ 77.4435336, 23.323428, 0.0 ], [ 77.443451, 23.3233996, 0.0 ], [ 77.4431854, 23.3232572, 0.0 ], [ 77.4431007, 23.3232383, 0.0 ], [ 77.4429895, 23.323231, 0.0 ], [ 77.4427512, 23.3232657, 0.0 ], [ 77.442638, 23.3232584, 0.0 ], [ 77.4425387, 23.3232237, 0.0 ], [ 77.4421713, 23.3229593, 0.0 ], [ 77.4421256, 23.3229064, 0.0 ], [ 77.4421077, 23.3228553, 0.0 ], [ 77.4421236, 23.3227897, 0.0 ], [ 77.442213, 23.3225544, 0.0 ], [ 77.442207, 23.3224614, 0.0 ], [ 77.4421693, 23.322403, 0.0 ], [ 77.4421168, 23.3223814, 0.0 ], [ 77.4418652, 23.3223232, 0.0 ], [ 77.4416141, 23.3222475, 0.0 ], [ 77.4414868, 23.3221848, 0.0 ], [ 77.4413813, 23.322085, 0.0 ], [ 77.4413005, 23.3218834, 0.0 ], [ 77.4412649, 23.3218391, 0.0 ], [ 77.4412077, 23.3218227, 0.0 ], [ 77.4411301, 23.3218344, 0.0 ], [ 77.4407831, 23.3219927, 0.0 ], [ 77.440646, 23.322062, 0.0 ], [ 77.4405706, 23.322073, 0.0 ], [ 77.4404693, 23.3220383, 0.0 ], [ 77.440393, 23.3219992, 0.0 ], [ 77.4399539, 23.321575, 0.0 ], [ 77.4398391, 23.3215351, 0.0 ], [ 77.4397584, 23.3215436, 0.0 ], [ 77.4396436, 23.3215835, 0.0 ], [ 77.4395505, 23.3216633, 0.0 ], [ 77.4393949, 23.3220456, 0.0 ], [ 77.4393631, 23.3221277, 0.0 ], [ 77.4393214, 23.3221714, 0.0 ], [ 77.4392836, 23.3221787, 0.0 ], [ 77.4392061, 23.3221705, 0.0 ], [ 77.4386351, 23.3219483, 0.0 ], [ 77.4385141, 23.3219454, 0.0 ], [ 77.4383682, 23.3219568, 0.0 ], [ 77.438241, 23.3219739, 0.0 ], [ 77.4380548, 23.3219881, 0.0 ], [ 77.4376483, 23.3219369, 0.0 ], [ 77.4374994, 23.3219169, 0.0 ], [ 77.4373566, 23.3219255, 0.0 ], [ 77.4372666, 23.3219454, 0.0 ], [ 77.4369866, 23.3220083, 0.0 ], [ 77.4369014, 23.3220212, 0.0 ], [ 77.4368328, 23.3220375, 0.0 ], [ 77.4367921, 23.3220562, 0.0 ], [ 77.4367476, 23.32209, 0.0 ], [ 77.4367057, 23.3221367, 0.0 ], [ 77.4366332, 23.3222137, 0.0 ], [ 77.4365341, 23.3222534, 0.0 ], [ 77.4363895, 23.3222762, 0.0 ], [ 77.4360683, 23.3222608, 0.0 ], [ 77.435826, 23.3222827, 0.0 ], [ 77.4356818, 23.3223017, 0.0 ], [ 77.4351591, 23.3224375, 0.0 ], [ 77.4350508, 23.322425, 0.0 ], [ 77.4349783, 23.3223841, 0.0 ], [ 77.4349517, 23.3223235, 0.0 ], [ 77.4349529, 23.3222803, 0.0 ], [ 77.4349695, 23.3222383, 0.0 ], [ 77.435277, 23.3221157, 0.0 ], [ 77.4353177, 23.322097, 0.0 ], [ 77.435338, 23.3220748, 0.0 ], [ 77.4353419, 23.322055, 0.0 ], [ 77.4353279, 23.3220282, 0.0 ], [ 77.4349339, 23.3216231, 0.0 ], [ 77.4349059, 23.3216045, 0.0 ], [ 77.4348754, 23.321594, 0.0 ], [ 77.4348385, 23.321594, 0.0 ], [ 77.4348068, 23.3215986, 0.0 ], [ 77.4347775, 23.3216173, 0.0 ], [ 77.4347508, 23.3216465, 0.0 ], [ 77.434733, 23.321678, 0.0 ], [ 77.4347356, 23.3217189, 0.0 ], [ 77.4347763, 23.3217971, 0.0 ], [ 77.434775, 23.3218437, 0.0 ], [ 77.4347686, 23.3219126, 0.0 ], [ 77.4347356, 23.3219803, 0.0 ], [ 77.4346708, 23.3220352, 0.0 ], [ 77.4345192, 23.3221268, 0.0 ], [ 77.4344629, 23.3221439, 0.0 ], [ 77.4343955, 23.3221377, 0.0 ], [ 77.4342297, 23.3220188, 0.0 ], [ 77.4341369, 23.3219861, 0.0 ], [ 77.4340721, 23.3219896, 0.0 ], [ 77.4339145, 23.3220258, 0.0 ], [ 77.4338202, 23.3220128, 0.0 ], [ 77.4337606, 23.3219818, 0.0 ], [ 77.4336951, 23.3219143, 0.0 ], [ 77.4336554, 23.3218195, 0.0 ], [ 77.4336514, 23.321772, 0.0 ], [ 77.4336673, 23.3217046, 0.0 ], [ 77.433703, 23.321648, 0.0 ], [ 77.4337149, 23.3215751, 0.0 ], [ 77.433709, 23.3215185, 0.0 ], [ 77.4336812, 23.3214584, 0.0 ], [ 77.4336506, 23.3214314, 0.0 ], [ 77.4336196, 23.3214237, 0.0 ], [ 77.4335345, 23.3214442, 0.0 ], [ 77.4334035, 23.3215543, 0.0 ], [ 77.4333044, 23.3216021, 0.0 ], [ 77.4332458, 23.3215944, 0.0 ], [ 77.433176, 23.321559, 0.0 ], [ 77.4331404, 23.3215263, 0.0 ], [ 77.4331125, 23.3214913, 0.0 ], [ 77.4330883, 23.3213675, 0.0 ], [ 77.4331176, 23.3212298, 0.0 ], [ 77.4331493, 23.3211679, 0.0 ], [ 77.4331875, 23.3211248, 0.0 ], [ 77.4333396, 23.3210407, 0.0 ], [ 77.4334131, 23.3208839, 0.0 ], [ 77.4334309, 23.3207617, 0.0 ], [ 77.4334131, 23.3207161, 0.0 ], [ 77.4333555, 23.3206814, 0.0 ], [ 77.4325405, 23.3203521, 0.0 ], [ 77.4325189, 23.3203322, 0.0 ], [ 77.43251, 23.3203112, 0.0 ], [ 77.43251, 23.3202844, 0.0 ], [ 77.4325558, 23.3202272, 0.0 ], [ 77.432721, 23.3200323, 0.0 ], [ 77.4327338, 23.3199737, 0.0 ], [ 77.4327121, 23.3199296, 0.0 ], [ 77.432674, 23.3198966, 0.0 ], [ 77.4321698, 23.3197258, 0.0 ], [ 77.4320808, 23.3197037, 0.0 ], [ 77.4320229, 23.319724, 0.0 ], [ 77.4319812, 23.3197842, 0.0 ], [ 77.4317727, 23.3202346, 0.0 ], [ 77.4316717, 23.3203553, 0.0 ], [ 77.4313956, 23.3205178, 0.0 ], [ 77.4311939, 23.3205776, 0.0 ], [ 77.4310821, 23.3205947, 0.0 ], [ 77.4309922, 23.3205748, 0.0 ], [ 77.4309673, 23.3205349, 0.0 ], [ 77.4309797, 23.3204294, 0.0 ], [ 77.4311163, 23.3202015, 0.0 ], [ 77.4312342, 23.319925, 0.0 ], [ 77.4313614, 23.3191671, 0.0 ], [ 77.431408, 23.3190474, 0.0 ], [ 77.4314539, 23.3189507, 0.0 ], [ 77.4319485, 23.3180245, 0.0 ], [ 77.4321037, 23.3178331, 0.0 ], [ 77.432414, 23.317606, 0.0 ], [ 77.4325012, 23.317419, 0.0 ], [ 77.4325303, 23.3170717, 0.0 ], [ 77.4322522, 23.3146619, 0.0 ], [ 77.4321801, 23.3143462, 0.0 ], [ 77.4321208, 23.3141827, 0.0 ], [ 77.4319826, 23.313986, 0.0 ], [ 77.430787, 23.3124644, 0.0 ], [ 77.430967, 23.3121616, 0.0 ], [ 77.4310115, 23.3120729, 0.0 ], [ 77.4311248, 23.3114884, 0.0 ], [ 77.4312183, 23.3111338, 0.0 ], [ 77.4312221, 23.3110988, 0.0 ], [ 77.4312107, 23.3110603, 0.0 ], [ 77.4288513, 23.3071979, 0.0 ], [ 77.4276563, 23.3063773, 0.0 ], [ 77.427769, 23.3050224, 0.0 ], [ 77.4280436, 23.3050294, 0.0 ], [ 77.428012, 23.3039773, 0.0 ], [ 77.4284808, 23.3039438, 0.0 ], [ 77.4285548, 23.3039554, 0.0 ], [ 77.4290703, 23.3042375, 0.0 ], [ 77.4291569, 23.3042978, 0.0 ], [ 77.4292272, 23.3043789, 0.0 ], [ 77.4301, 23.3054616, 0.0 ], [ 77.4304049, 23.3056787, 0.0 ], [ 77.4306478, 23.3057805, 0.0 ], [ 77.4308822, 23.3058079, 0.0 ], [ 77.4311123, 23.3058196, 0.0 ], [ 77.4312956, 23.3058666, 0.0 ], [ 77.4316876, 23.306074, 0.0 ], [ 77.4317942, 23.3061092, 0.0 ], [ 77.4318836, 23.3060857, 0.0 ], [ 77.4319817, 23.3059487, 0.0 ], [ 77.4320435, 23.3058994, 0.0 ], [ 77.4320949, 23.3058788, 0.0 ], [ 77.4321507, 23.305887, 0.0 ], [ 77.4321887, 23.3059158, 0.0 ], [ 77.4321988, 23.3059394, 0.0 ], [ 77.4322682, 23.3060978, 0.0 ], [ 77.4323255, 23.3061178, 0.0 ], [ 77.4323991, 23.3060903, 0.0 ], [ 77.4325355, 23.3060151, 0.0 ], [ 77.4326091, 23.3059851, 0.0 ], [ 77.4326746, 23.3060051, 0.0 ], [ 77.4326937, 23.3060402, 0.0 ], [ 77.4327018, 23.3060853, 0.0 ], [ 77.4326991, 23.3062005, 0.0 ], [ 77.4326282, 23.3063082, 0.0 ], [ 77.4325164, 23.3064109, 0.0 ], [ 77.4324097, 23.3064497, 0.0 ], [ 77.4322317, 23.3064625, 0.0 ], [ 77.4321968, 23.3064842, 0.0 ], [ 77.4321898, 23.3065234, 0.0 ], [ 77.432202, 23.3065555, 0.0 ], [ 77.4322683, 23.3065827, 0.0 ], [ 77.4327646, 23.3065512, 0.0 ], [ 77.4328819, 23.3065587, 0.0 ], [ 77.4329691, 23.3066188, 0.0 ], [ 77.4330209, 23.306734, 0.0 ], [ 77.4330155, 23.3068267, 0.0 ], [ 77.4329691, 23.3069369, 0.0 ], [ 77.4328709, 23.3070997, 0.0 ], [ 77.4328655, 23.3071748, 0.0 ], [ 77.4329064, 23.307275, 0.0 ], [ 77.4330237, 23.3075405, 0.0 ], [ 77.4330755, 23.307786, 0.0 ], [ 77.4331409, 23.3078361, 0.0 ], [ 77.43322, 23.3078687, 0.0 ], [ 77.4336948, 23.3079995, 0.0 ], [ 77.4337885, 23.3080778, 0.0 ], [ 77.4338098, 23.3081678, 0.0 ], [ 77.4336948, 23.3083713, 0.0 ], [ 77.4336905, 23.3084457, 0.0 ], [ 77.4337459, 23.308524, 0.0 ], [ 77.4341081, 23.3086609, 0.0 ], [ 77.4342274, 23.3087275, 0.0 ], [ 77.4342615, 23.308751, 0.0 ], [ 77.4343084, 23.3088136, 0.0 ], [ 77.4343255, 23.3089858, 0.0 ], [ 77.434334, 23.3092206, 0.0 ], [ 77.4343979, 23.3093067, 0.0 ], [ 77.4346408, 23.3095024, 0.0 ], [ 77.4347473, 23.3095102, 0.0 ], [ 77.4348411, 23.3095572, 0.0 ], [ 77.4349093, 23.3096785, 0.0 ], [ 77.4349647, 23.3097842, 0.0 ], [ 77.434905, 23.3099055, 0.0 ], [ 77.434513, 23.3101325, 0.0 ], [ 77.4344746, 23.3102381, 0.0 ], [ 77.43453, 23.3103673, 0.0 ], [ 77.4346877, 23.3104377, 0.0 ], [ 77.4348326, 23.3104534, 0.0 ], [ 77.4349306, 23.3104495, 0.0 ], [ 77.4349689, 23.3105004, 0.0 ], [ 77.434986, 23.3107626, 0.0 ], [ 77.4349485, 23.3113892, 0.0 ], [ 77.4348757, 23.3116567, 0.0 ], [ 77.4348155, 23.3118192, 0.0 ], [ 77.4348155, 23.3119327, 0.0 ], [ 77.4347985, 23.3119797, 0.0 ], [ 77.4347729, 23.3120306, 0.0 ], [ 77.4347303, 23.3120697, 0.0 ], [ 77.4346919, 23.3121362, 0.0 ], [ 77.4346877, 23.3122067, 0.0 ], [ 77.4347047, 23.312285, 0.0 ], [ 77.4347644, 23.3123515, 0.0 ], [ 77.4348752, 23.3123984, 0.0 ], [ 77.4349902, 23.312465, 0.0 ], [ 77.4351096, 23.3125472, 0.0 ], [ 77.4352459, 23.3126483, 0.0 ], [ 77.4354207, 23.3127311, 0.0 ], [ 77.4355954, 23.3127702, 0.0 ], [ 77.4357488, 23.3127898, 0.0 ], [ 77.4358766, 23.3127898, 0.0 ], [ 77.4360769, 23.3127585, 0.0 ], [ 77.4361451, 23.3127272, 0.0 ], [ 77.4362772, 23.3125824, 0.0 ], [ 77.4363283, 23.3125432, 0.0 ], [ 77.4364008, 23.3125432, 0.0 ], [ 77.4364732, 23.3125432, 0.0 ], [ 77.4369548, 23.3127076, 0.0 ], [ 77.4370954, 23.3127311, 0.0 ], [ 77.4372062, 23.3126959, 0.0 ], [ 77.4372659, 23.3126333, 0.0 ], [ 77.4374406, 23.3124454, 0.0 ], [ 77.437513, 23.3123945, 0.0 ], [ 77.4376196, 23.3124024, 0.0 ], [ 77.4378753, 23.3125863, 0.0 ], [ 77.4380074, 23.3126059, 0.0 ], [ 77.4382247, 23.3125589, 0.0 ], [ 77.4383952, 23.3124063, 0.0 ], [ 77.4385273, 23.3123045, 0.0 ], [ 77.4386466, 23.3122576, 0.0 ], [ 77.4387659, 23.312238, 0.0 ], [ 77.4389108, 23.3121871, 0.0 ], [ 77.4390088, 23.3121362, 0.0 ], [ 77.4391026, 23.3120227, 0.0 ], [ 77.4391835, 23.3118036, 0.0 ], [ 77.4393242, 23.311107, 0.0 ], [ 77.4394136, 23.3109113, 0.0 ], [ 77.4395713, 23.3106295, 0.0 ], [ 77.439827, 23.3102851, 0.0 ], [ 77.4398867, 23.3101442, 0.0 ], [ 77.4398952, 23.3100072, 0.0 ], [ 77.4398824, 23.3098859, 0.0 ], [ 77.4398654, 23.3097685, 0.0 ], [ 77.439908, 23.309612, 0.0 ], [ 77.440006, 23.3094946, 0.0 ], [ 77.4402446, 23.309248, 0.0 ], [ 77.4402787, 23.3091149, 0.0 ], [ 77.4402915, 23.308931, 0.0 ], [ 77.4402574, 23.3086805, 0.0 ], [ 77.4401509, 23.3083087, 0.0 ], [ 77.4401359, 23.3082385, 0.0 ], [ 77.4401258, 23.3081606, 0.0 ], [ 77.4401229, 23.307538, 0.0 ], [ 77.4402058, 23.3066198, 0.0 ], [ 77.4384582, 23.3056107, 0.0 ], [ 77.4378376, 23.3051718, 0.0 ], [ 77.4373908, 23.3047529, 0.0 ], [ 77.4368024, 23.304074, 0.0 ], [ 77.4353687, 23.3020777, 0.0 ], [ 77.4305504, 23.3045269, 0.0 ], [ 77.4303102, 23.3040532, 0.0 ], [ 77.4300192, 23.303739, 0.0 ], [ 77.4300005, 23.3037009, 0.0 ], [ 77.4300024, 23.3036737, 0.0 ], [ 77.4300172, 23.3036336, 0.0 ], [ 77.4300932, 23.3035466, 0.0 ], [ 77.4301193, 23.3034916, 0.0 ], [ 77.4301243, 23.3034697, 0.0 ], [ 77.4301243, 23.3034488, 0.0 ], [ 77.4301094, 23.303396, 0.0 ], [ 77.4300806, 23.3033348, 0.0 ], [ 77.430025, 23.3032946, 0.0 ], [ 77.4299833, 23.30328, 0.0 ], [ 77.4299455, 23.3032709, 0.0 ], [ 77.4298741, 23.3032654, 0.0 ], [ 77.4298542, 23.3032636, 0.0 ], [ 77.4297926, 23.3032673, 0.0 ], [ 77.4297271, 23.303291, 0.0 ], [ 77.4296913, 23.3033147, 0.0 ], [ 77.4296615, 23.3033585, 0.0 ], [ 77.4296615, 23.3033904, 0.0 ], [ 77.4296735, 23.3035259, 0.0 ], [ 77.429652, 23.3035902, 0.0 ], [ 77.4296218, 23.3036239, 0.0 ], [ 77.4295834, 23.3036355, 0.0 ], [ 77.4294947, 23.3036248, 0.0 ], [ 77.4293239, 23.3035828, 0.0 ], [ 77.4292644, 23.3035828, 0.0 ], [ 77.4288969, 23.3036722, 0.0 ], [ 77.4288533, 23.303674, 0.0 ], [ 77.4288115, 23.3036649, 0.0 ], [ 77.4287758, 23.3036485, 0.0 ], [ 77.4287262, 23.3035956, 0.0 ], [ 77.4286587, 23.3034902, 0.0 ], [ 77.4286094, 23.3034311, 0.0 ], [ 77.4285732, 23.3034114, 0.0 ], [ 77.4285069, 23.303401, 0.0 ], [ 77.4284502, 23.3034048, 0.0 ], [ 77.4283091, 23.3034843, 0.0 ], [ 77.428268, 23.303487, 0.0 ], [ 77.4282406, 23.3034779, 0.0 ], [ 77.4282277, 23.3034679, 0.0 ], [ 77.4282138, 23.3034333, 0.0 ], [ 77.4282108, 23.3034095, 0.0 ], [ 77.4282182, 23.3033531, 0.0 ], [ 77.4283029, 23.3030847, 0.0 ], [ 77.428308, 23.303052, 0.0 ], [ 77.4282915, 23.3030064, 0.0 ], [ 77.4281361, 23.30273, 0.0 ], [ 77.4281182, 23.3026807, 0.0 ], [ 77.4281184, 23.3026508, 0.0 ], [ 77.4281423, 23.3026033, 0.0 ], [ 77.4281876, 23.3025718, 0.0 ], [ 77.4284494, 23.302456, 0.0 ], [ 77.4284704, 23.3024508, 0.0 ], [ 77.4285191, 23.3024453, 0.0 ], [ 77.4286, 23.3024497, 0.0 ], [ 77.4286425, 23.3024481, 0.0 ], [ 77.4286928, 23.302423, 0.0 ], [ 77.4287207, 23.3023921, 0.0 ], [ 77.4287424, 23.3023504, 0.0 ], [ 77.4287921, 23.3022392, 0.0 ], [ 77.4288014, 23.3021537, 0.0 ], [ 77.4287828, 23.3020682, 0.0 ], [ 77.4287269, 23.3019998, 0.0 ], [ 77.4286835, 23.3019656, 0.0 ], [ 77.4285904, 23.3019485, 0.0 ], [ 77.4284973, 23.3019571, 0.0 ], [ 77.4280101, 23.3022164, 0.0 ], [ 77.4279515, 23.3022202, 0.0 ], [ 77.4279133, 23.302203, 0.0 ], [ 77.4278865, 23.3021649, 0.0 ], [ 77.4278824, 23.3021372, 0.0 ], [ 77.4278905, 23.3021088, 0.0 ], [ 77.4280239, 23.3019534, 0.0 ], [ 77.4280345, 23.3019385, 0.0 ], [ 77.4280361, 23.3019198, 0.0 ], [ 77.4280304, 23.3018944, 0.0 ], [ 77.4279931, 23.3018606, 0.0 ], [ 77.4277921, 23.3017659, 0.0 ], [ 77.4277783, 23.3017525, 0.0 ], [ 77.4277644, 23.301733, 0.0 ], [ 77.4277628, 23.3017159, 0.0 ], [ 77.4277653, 23.301689, 0.0 ], [ 77.4278279, 23.3015567, 0.0 ], [ 77.4278352, 23.3015388, 0.0 ], [ 77.4278368, 23.3015179, 0.0 ], [ 77.4278352, 23.3015022, 0.0 ], [ 77.4278223, 23.3014777, 0.0 ], [ 77.427792, 23.3014406, 0.0 ], [ 77.4274817, 23.3012764, 0.0 ], [ 77.4273903, 23.3012151, 0.0 ], [ 77.4273395, 23.3011493, 0.0 ], [ 77.4273134, 23.3011054, 0.0 ], [ 77.427297, 23.301024, 0.0 ], [ 77.4273088, 23.3006945, 0.0 ], [ 77.4221333, 23.3029735, 0.0 ], [ 77.4218252, 23.3030904, 0.0 ], [ 77.4214178, 23.3032228, 0.0 ], [ 77.4210151, 23.3033078, 0.0 ], [ 77.4207247, 23.3033601, 0.0 ], [ 77.4202925, 23.3034112, 0.0 ], [ 77.4198715, 23.3034454, 0.0 ], [ 77.4190624, 23.3034361, 0.0 ], [ 77.4195055, 23.2961028, 0.0 ], [ 77.4212499, 23.2964109, 0.0 ], [ 77.4217203, 23.2957891, 0.0 ], [ 77.4229462, 23.2960281, 0.0 ], [ 77.4229281, 23.2962755, 0.0 ], [ 77.4235911, 23.29791, 0.0 ], [ 77.4245409, 23.2978107, 0.0 ], [ 77.4247769, 23.2985105, 0.0 ], [ 77.4251966, 23.2983391, 0.0 ], [ 77.4258416, 23.2981949, 0.0 ], [ 77.4259373, 23.2979583, 0.0 ], [ 77.4256388, 23.2967935, 0.0 ], [ 77.4256459, 23.2965786, 0.0 ], [ 77.4258842, 23.296367, 0.0 ], [ 77.4257797, 23.2955703, 0.0 ], [ 77.4250435, 23.2954988, 0.0 ], [ 77.4246091, 23.2955017, 0.0 ], [ 77.4230358, 23.2955958, 0.0 ], [ 77.4222471, 23.2956195, 0.0 ], [ 77.4217319, 23.2956195, 0.0 ], [ 77.4212913, 23.2955238, 0.0 ], [ 77.4212628, 23.2954914, 0.0 ], [ 77.4207459, 23.2942177, 0.0 ], [ 77.4237921, 23.2931543, 0.0 ], [ 77.423623, 23.2927206, 0.0 ], [ 77.4249683, 23.2922526, 0.0 ], [ 77.4258751, 23.2919219, 0.0 ], [ 77.4260086, 23.2918535, 0.0 ], [ 77.4265565, 23.2915228, 0.0 ], [ 77.4267606, 23.2918111, 0.0 ], [ 77.4279483, 23.2911958, 0.0 ], [ 77.4281286, 23.2914471, 0.0 ], [ 77.4298102, 23.2937902, 0.0 ], [ 77.4365564, 23.302837, 0.0 ], [ 77.4373448, 23.3038027, 0.0 ], [ 77.4382245, 23.3046632, 0.0 ], [ 77.4390763, 23.305335, 0.0 ], [ 77.4421401, 23.3071054, 0.0 ], [ 77.4459662, 23.3094243, 0.0 ], [ 77.4468057, 23.3099024, 0.0 ], [ 77.4498037, 23.3115336, 0.0 ], [ 77.4502865, 23.3118126, 0.0 ], [ 77.4518911, 23.3127838, 0.0 ], [ 77.4523211, 23.3130773, 0.0 ], [ 77.453552, 23.3140005, 0.0 ], [ 77.45268, 23.3152036, 0.0 ], [ 77.4524677, 23.3154999, 0.0 ], [ 77.4523601, 23.315719, 0.0 ], [ 77.4516455, 23.3179433, 0.0 ], [ 77.4515331, 23.3181141, 0.0 ], [ 77.4514199, 23.3181925, 0.0 ], [ 77.450942, 23.3185259, 0.0 ], [ 77.450672, 23.3187054, 0.0 ], [ 77.4504641, 23.3189277, 0.0 ], [ 77.4502264, 23.3192279, 0.0 ], [ 77.4501668, 23.3193282, 0.0 ], [ 77.4494658, 23.321121, 0.0 ], [ 77.4494161, 23.3212468, 0.0 ], [ 77.4493128, 23.3213617, 0.0 ], [ 77.4485129, 23.3218273, 0.0 ], [ 77.448488, 23.3218443, 0.0 ], [ 77.4484549, 23.3218669, 0.0 ], [ 77.4484351, 23.3219106, 0.0 ], [ 77.4484351, 23.3219599, 0.0 ], [ 77.448665, 23.3226873, 0.0 ], [ 77.4489296, 23.3235246, 0.0 ] ] ] } },
{ "type": "Feature", "properties": { "objectid": 64, "townname": "Bhopal", "towncensuscode2011": 802312, "town_lgd_code": 250946, "ward_lgd_code": 32939, "ward_lgd_name": "Nariyal Kheda Ward", "sourcewardcode": 12, "state": "Madhya Pradesh" }, "geometry": { "type": "Polygon", "coordinates": [ [ [ 77.4031628, 23.2870782, 0.0 ], [ 77.4032223, 23.2878583, 0.0 ], [ 77.4032981, 23.2885417, 0.0 ], [ 77.400651, 23.2895738, 0.0 ], [ 77.3997829, 23.2898396, 0.0 ], [ 77.3981064, 23.2902291, 0.0 ], [ 77.393986, 23.2908516, 0.0 ], [ 77.3928929, 23.2909294, 0.0 ], [ 77.3914644, 23.2910311, 0.0 ], [ 77.3891408, 23.2909953, 0.0 ], [ 77.3902201, 23.2880693, 0.0 ], [ 77.3902214, 23.288029, 0.0 ], [ 77.3902099, 23.2880131, 0.0 ], [ 77.3901845, 23.2880014, 0.0 ], [ 77.3901532, 23.2879918, 0.0 ], [ 77.3900515, 23.2879748, 0.0 ], [ 77.3900009, 23.2879576, 0.0 ], [ 77.3899844, 23.2879404, 0.0 ], [ 77.389983, 23.2879031, 0.0 ], [ 77.3901341, 23.2873564, 0.0 ], [ 77.3901907, 23.2872069, 0.0 ], [ 77.3902797, 23.2870348, 0.0 ], [ 77.3903636, 23.2869105, 0.0 ], [ 77.3904591, 23.2868161, 0.0 ], [ 77.3905497, 23.286739, 0.0 ], [ 77.3907105, 23.2866405, 0.0 ], [ 77.3909894, 23.2865225, 0.0 ], [ 77.3914224, 23.286407, 0.0 ], [ 77.392252, 23.2861866, 0.0 ], [ 77.3923717, 23.2861236, 0.0 ], [ 77.3924322, 23.2860763, 0.0 ], [ 77.3925171, 23.2859917, 0.0 ], [ 77.3926056, 23.2858723, 0.0 ], [ 77.3932034, 23.2846434, 0.0 ], [ 77.3933541, 23.2844352, 0.0 ], [ 77.3936123, 23.2842499, 0.0 ], [ 77.3939379, 23.2840964, 0.0 ], [ 77.3947916, 23.2837806, 0.0 ], [ 77.3963136, 23.2833078, 0.0 ], [ 77.3963299, 23.2833044, 0.0 ], [ 77.3963417, 23.2833044, 0.0 ], [ 77.3963572, 23.2833044, 0.0 ], [ 77.3963784, 23.2833256, 0.0 ], [ 77.3978251, 23.2854783, 0.0 ], [ 77.3979035, 23.2855797, 0.0 ], [ 77.3979697, 23.2856514, 0.0 ], [ 77.3980273, 23.2856984, 0.0 ], [ 77.3981042, 23.2857304, 0.0 ], [ 77.3982298, 23.2857575, 0.0 ], [ 77.3984635, 23.2857784, 0.0 ], [ 77.3987121, 23.2857796, 0.0 ], [ 77.4016698, 23.2855825, 0.0 ], [ 77.4018821, 23.2855509, 0.0 ], [ 77.402035, 23.2855158, 0.0 ], [ 77.4022383, 23.285443, 0.0 ], [ 77.4023452, 23.2853801, 0.0 ], [ 77.4025192, 23.285264, 0.0 ], [ 77.4025945, 23.2852044, 0.0 ], [ 77.4026134, 23.2851856, 0.0 ], [ 77.4030555, 23.2847312, 0.0 ], [ 77.4030696, 23.2847186, 0.0 ], [ 77.4030963, 23.2847042, 0.0 ], [ 77.4031182, 23.2847022, 0.0 ], [ 77.4032519, 23.2847194, 0.0 ], [ 77.4031742, 23.2850644, 0.0 ], [ 77.4031462, 23.285343, 0.0 ], [ 77.4031304, 23.2856452, 0.0 ], [ 77.4031628, 23.2870782, 0.0 ] ] ] } },
{ "type": "Feature", "properties": { "objectid": 65, "townname": "Bhopal", "towncensuscode2011": 802312, "town_lgd_code": 250946, "ward_lgd_code": 32943, "ward_lgd_name": "Motilal Nehru Ward", "sourcewardcode": 16, "state": "Madhya Pradesh" }, "geometry": { "type": "Polygon", "coordinates": [ [ [ 77.4143337, 23.2781142, 0.0 ], [ 77.4143136, 23.2785475, 0.0 ], [ 77.4137677, 23.2792868, 0.0 ], [ 77.412921, 23.2801806, 0.0 ], [ 77.4125909, 23.2806141, 0.0 ], [ 77.4107998, 23.2823204, 0.0 ], [ 77.4080442, 23.2849021, 0.0 ], [ 77.4066363, 23.2862891, 0.0 ], [ 77.4048033, 23.2876226, 0.0 ], [ 77.4034913, 23.2884237, 0.0 ], [ 77.4032981, 23.2885417, 0.0 ], [ 77.4032223, 23.2878583, 0.0 ], [ 77.4031628, 23.2870782, 0.0 ], [ 77.4031304, 23.2856452, 0.0 ], [ 77.4031462, 23.285343, 0.0 ], [ 77.4031742, 23.2850644, 0.0 ], [ 77.4032519, 23.2847194, 0.0 ], [ 77.403719, 23.281891, 0.0 ], [ 77.4037447, 23.281607, 0.0 ], [ 77.4036848, 23.2806413, 0.0 ], [ 77.4036444, 23.2799894, 0.0 ], [ 77.4035988, 23.2795025, 0.0 ], [ 77.4034551, 23.2787742, 0.0 ], [ 77.4071476, 23.2784219, 0.0 ], [ 77.4078693, 23.2782914, 0.0 ], [ 77.4106867, 23.2772166, 0.0 ], [ 77.4116459, 23.2769023, 0.0 ], [ 77.4116919, 23.2768793, 0.0 ], [ 77.4115715, 23.2765556, 0.0 ], [ 77.4115111, 23.2764831, 0.0 ], [ 77.4113165, 23.2760434, 0.0 ], [ 77.4114124, 23.2759757, 0.0 ], [ 77.4116581, 23.2757015, 0.0 ], [ 77.4115025, 23.275311, 0.0 ], [ 77.4110802, 23.2741576, 0.0 ], [ 77.4105449, 23.2733293, 0.0 ], [ 77.4102743, 23.273572, 0.0 ], [ 77.409234, 23.2738814, 0.0 ], [ 77.4087942, 23.2750198, 0.0 ], [ 77.408493, 23.2753924, 0.0 ], [ 77.4079214, 23.2755002, 0.0 ], [ 77.4075302, 23.2753297, 0.0 ], [ 77.4068079, 23.2756684, 0.0 ], [ 77.4066883, 23.2754134, 0.0 ], [ 77.4064052, 23.2754355, 0.0 ], [ 77.4062539, 23.2755283, 0.0 ], [ 77.4062487, 23.2756137, 0.0 ], [ 77.405945, 23.2757656, 0.0 ], [ 77.4055111, 23.2757537, 0.0 ], [ 77.4053041, 23.2756913, 0.0 ], [ 77.4045597, 23.2761696, 0.0 ], [ 77.4038072, 23.2765396, 0.0 ], [ 77.402973, 23.2761487, 0.0 ], [ 77.4027394, 23.2753579, 0.0 ], [ 77.4043336, 23.27489, 0.0 ], [ 77.4042921, 23.2745017, 0.0 ], [ 77.4049152, 23.2743393, 0.0 ], [ 77.4047239, 23.2732744, 0.0 ], [ 77.4054812, 23.2731447, 0.0 ], [ 77.4056785, 23.2731277, 0.0 ], [ 77.4058144, 23.273129, 0.0 ], [ 77.4067428, 23.2731497, 0.0 ], [ 77.4067518, 23.273309, 0.0 ], [ 77.4100402, 23.273089, 0.0 ], [ 77.4098895, 23.272172, 0.0 ], [ 77.4102243, 23.2721501, 0.0 ], [ 77.410449, 23.27192, 0.0 ], [ 77.4111719, 23.2724847, 0.0 ], [ 77.4118624, 23.27243, 0.0 ], [ 77.4130178, 23.2720344, 0.0 ], [ 77.4142953, 23.2742288, 0.0 ], [ 77.4146596, 23.2748557, 0.0 ], [ 77.4142572, 23.2749306, 0.0 ], [ 77.414383, 23.2752058, 0.0 ], [ 77.4139726, 23.2752913, 0.0 ], [ 77.4138888, 23.2752345, 0.0 ], [ 77.4138618, 23.2749665, 0.0 ], [ 77.4138094, 23.2749581, 0.0 ], [ 77.4133465, 23.275006, 0.0 ], [ 77.4136422, 23.2754974, 0.0 ], [ 77.4139239, 23.2761078, 0.0 ], [ 77.4131395, 23.2763696, 0.0 ], [ 77.4120136, 23.2768186, 0.0 ], [ 77.4124858, 23.2780972, 0.0 ], [ 77.4131491, 23.2779906, 0.0 ], [ 77.4136203, 23.2778543, 0.0 ], [ 77.4143337, 23.2781142, 0.0 ] ] ] } },
{ "type": "Feature", "properties": { "objectid": 66, "townname": "Bhopal", "towncensuscode2011": 802312, "town_lgd_code": 250946, "ward_lgd_code": 32942, "ward_lgd_name": "J.P. Nagar Ward", "sourcewardcode": 15, "state": "Madhya Pradesh" }, "geometry": { "type": "Polygon", "coordinates": [ [ [ 77.4015232, 23.2774097, 0.0 ], [ 77.4014814, 23.2774991, 0.0 ], [ 77.4014544, 23.2775918, 0.0 ], [ 77.4014386, 23.2776779, 0.0 ], [ 77.4014424, 23.2778561, 0.0 ], [ 77.4014765, 23.2779913, 0.0 ], [ 77.4016428, 23.278397, 0.0 ], [ 77.4016485, 23.2784542, 0.0 ], [ 77.4016468, 23.2785061, 0.0 ], [ 77.4016416, 23.2785424, 0.0 ], [ 77.4016348, 23.2785754, 0.0 ], [ 77.4016064, 23.2786143, 0.0 ], [ 77.40088, 23.2791536, 0.0 ], [ 77.4005561, 23.2793183, 0.0 ], [ 77.4004987, 23.2793357, 0.0 ], [ 77.4004722, 23.2793396, 0.0 ], [ 77.4004497, 23.2793313, 0.0 ], [ 77.4004367, 23.2793205, 0.0 ], [ 77.4004165, 23.2792813, 0.0 ], [ 77.4003572, 23.279049, 0.0 ], [ 77.4003049, 23.2787677, 0.0 ], [ 77.400264, 23.2783033, 0.0 ], [ 77.4002725, 23.2782282, 0.0 ], [ 77.4003782, 23.2774324, 0.0 ], [ 77.4003785, 23.2774079, 0.0 ], [ 77.4003727, 23.2773901, 0.0 ], [ 77.4003536, 23.277375, 0.0 ], [ 77.4001004, 23.2773666, 0.0 ], [ 77.3998256, 23.277368, 0.0 ], [ 77.3996917, 23.2773803, 0.0 ], [ 77.3996078, 23.2773951, 0.0 ], [ 77.3995435, 23.2774139, 0.0 ], [ 77.398999, 23.2777031, 0.0 ], [ 77.3989557, 23.277721, 0.0 ], [ 77.3989055, 23.2777121, 0.0 ], [ 77.3988846, 23.2776852, 0.0 ], [ 77.3983439, 23.2767167, 0.0 ], [ 77.39831, 23.2766559, 0.0 ], [ 77.3982526, 23.2766382, 0.0 ], [ 77.3981857, 23.2766517, 0.0 ], [ 77.3967114, 23.2773335, 0.0 ], [ 77.3966636, 23.2773404, 0.0 ], [ 77.3966315, 23.2773225, 0.0 ], [ 77.3966091, 23.2772715, 0.0 ], [ 77.3965941, 23.2768545, 0.0 ], [ 77.3965174, 23.2761885, 0.0 ], [ 77.396844, 23.2761835, 0.0 ], [ 77.3979784, 23.2758832, 0.0 ], [ 77.398289, 23.2757874, 0.0 ], [ 77.3984073, 23.2757256, 0.0 ], [ 77.3989637, 23.2751229, 0.0 ], [ 77.3990031, 23.2750771, 0.0 ], [ 77.3990548, 23.2750045, 0.0 ], [ 77.3991726, 23.2747486, 0.0 ], [ 77.3992146, 23.274674, 0.0 ], [ 77.3992354, 23.2746458, 0.0 ], [ 77.3992453, 23.2746401, 0.0 ], [ 77.3992639, 23.2746332, 0.0 ], [ 77.4011889, 23.274364, 0.0 ], [ 77.4012158, 23.2743629, 0.0 ], [ 77.4012404, 23.2743688, 0.0 ], [ 77.4012586, 23.2743872, 0.0 ], [ 77.4013944, 23.2747301, 0.0 ], [ 77.4013973, 23.2747365, 0.0 ], [ 77.4014256, 23.2747779, 0.0 ], [ 77.4014788, 23.274828, 0.0 ], [ 77.401553, 23.2748583, 0.0 ], [ 77.4016728, 23.2748839, 0.0 ], [ 77.4017808, 23.2748914, 0.0 ], [ 77.4018726, 23.2748787, 0.0 ], [ 77.4019717, 23.2748414, 0.0 ], [ 77.402022, 23.2747996, 0.0 ], [ 77.4020537, 23.2747414, 0.0 ], [ 77.4023105, 23.2739956, 0.0 ], [ 77.4027394, 23.2753579, 0.0 ], [ 77.402973, 23.2761487, 0.0 ], [ 77.4038072, 23.2765396, 0.0 ], [ 77.4045597, 23.2761696, 0.0 ], [ 77.4053041, 23.2756913, 0.0 ], [ 77.4055111, 23.2757537, 0.0 ], [ 77.405945, 23.2757656, 0.0 ], [ 77.4062487, 23.2756137, 0.0 ], [ 77.4062539, 23.2755283, 0.0 ], [ 77.4064052, 23.2754355, 0.0 ], [ 77.4066883, 23.2754134, 0.0 ], [ 77.4068079, 23.2756684, 0.0 ], [ 77.4075302, 23.2753297, 0.0 ], [ 77.4079214, 23.2755002, 0.0 ], [ 77.408493, 23.2753924, 0.0 ], [ 77.4087942, 23.2750198, 0.0 ], [ 77.409234, 23.2738814, 0.0 ], [ 77.4102743, 23.273572, 0.0 ], [ 77.4105449, 23.2733293, 0.0 ], [ 77.4110802, 23.2741576, 0.0 ], [ 77.4115025, 23.275311, 0.0 ], [ 77.4116581, 23.2757015, 0.0 ], [ 77.4114124, 23.2759757, 0.0 ], [ 77.4113165, 23.2760434, 0.0 ], [ 77.4115111, 23.2764831, 0.0 ], [ 77.4115715, 23.2765556, 0.0 ], [ 77.4116919, 23.2768793, 0.0 ], [ 77.4116459, 23.2769023, 0.0 ], [ 77.4106867, 23.2772166, 0.0 ], [ 77.4078693, 23.2782914, 0.0 ], [ 77.4071476, 23.2784219, 0.0 ], [ 77.4034551, 23.2787742, 0.0 ], [ 77.4029534, 23.2762961, 0.0 ], [ 77.4029358, 23.2762451, 0.0 ], [ 77.4024395, 23.2763352, 0.0 ], [ 77.4023465, 23.2763653, 0.0 ], [ 77.402275, 23.2763996, 0.0 ], [ 77.4022098, 23.2764507, 0.0 ], [ 77.402136, 23.2765461, 0.0 ], [ 77.4016429, 23.2772253, 0.0 ], [ 77.4015232, 23.2774097, 0.0 ] ] ] } },
{ "type": "Feature", "properties": { "objectid": 67, "townname": "Bhopal", "towncensuscode2011": 802312, "town_lgd_code": 250946, "ward_lgd_code": 32940, "ward_lgd_name": "Geetanjali Ward", "sourcewardcode": 13, "state": "Madhya Pradesh" }, "geometry": { "type": "Polygon", "coordinates": [ [ [ 77.3963136, 23.2833078, 0.0 ], [ 77.3947916, 23.2837806, 0.0 ], [ 77.3939379, 23.2840964, 0.0 ], [ 77.3936123, 23.2842499, 0.0 ], [ 77.3933541, 23.2844352, 0.0 ], [ 77.3932034, 23.2846434, 0.0 ], [ 77.3926056, 23.2858723, 0.0 ], [ 77.3925171, 23.2859917, 0.0 ], [ 77.3924322, 23.2860763, 0.0 ], [ 77.3923717, 23.2861236, 0.0 ], [ 77.392252, 23.2861866, 0.0 ], [ 77.3914224, 23.286407, 0.0 ], [ 77.3909894, 23.2865225, 0.0 ], [ 77.3907105, 23.2866405, 0.0 ], [ 77.3905497, 23.286739, 0.0 ], [ 77.3904591, 23.2868161, 0.0 ], [ 77.3903636, 23.2869105, 0.0 ], [ 77.3902797, 23.2870348, 0.0 ], [ 77.3901907, 23.2872069, 0.0 ], [ 77.3901341, 23.2873564, 0.0 ], [ 77.389983, 23.2879031, 0.0 ], [ 77.3899844, 23.2879404, 0.0 ], [ 77.3900009, 23.2879576, 0.0 ], [ 77.3900515, 23.2879748, 0.0 ], [ 77.3901532, 23.2879918, 0.0 ], [ 77.3901845, 23.2880014, 0.0 ], [ 77.3902099, 23.2880131, 0.0 ], [ 77.3902214, 23.288029, 0.0 ], [ 77.3902201, 23.2880693, 0.0 ], [ 77.3891408, 23.2909953, 0.0 ], [ 77.3881839, 23.2908327, 0.0 ], [ 77.3861063, 23.2904583, 0.0 ], [ 77.3848973, 23.2901041, 0.0 ], [ 77.3835497, 23.2895567, 0.0 ], [ 77.3823352, 23.2889393, 0.0 ], [ 77.3792918, 23.2871964, 0.0 ], [ 77.3776369, 23.2861507, 0.0 ], [ 77.375976, 23.2849282, 0.0 ], [ 77.3772564, 23.283426, 0.0 ], [ 77.3773841, 23.2832226, 0.0 ], [ 77.3776029, 23.2827886, 0.0 ], [ 77.3776521, 23.2826184, 0.0 ], [ 77.3776538, 23.2825426, 0.0 ], [ 77.377629, 23.2823751, 0.0 ], [ 77.3771324, 23.2812787, 0.0 ], [ 77.3777984, 23.2810909, 0.0 ], [ 77.3767221, 23.2790341, 0.0 ], [ 77.3766316, 23.2788194, 0.0 ], [ 77.3765886, 23.2786748, 0.0 ], [ 77.3765556, 23.2785052, 0.0 ], [ 77.3765213, 23.278125, 0.0 ], [ 77.3823418, 23.2770528, 0.0 ], [ 77.3840282, 23.2764803, 0.0 ], [ 77.3848628, 23.2765781, 0.0 ], [ 77.3894289, 23.2762456, 0.0 ], [ 77.392875, 23.2758732, 0.0 ], [ 77.393194, 23.2747627, 0.0 ], [ 77.3935628, 23.275082, 0.0 ], [ 77.3937791, 23.2753314, 0.0 ], [ 77.3940846, 23.2755294, 0.0 ], [ 77.394211, 23.2754786, 0.0 ], [ 77.3951708, 23.275865, 0.0 ], [ 77.395445, 23.2759502, 0.0 ], [ 77.3960493, 23.2760586, 0.0 ], [ 77.3965174, 23.2761885, 0.0 ], [ 77.3965941, 23.2768545, 0.0 ], [ 77.3966091, 23.2772715, 0.0 ], [ 77.3966315, 23.2773225, 0.0 ], [ 77.3966636, 23.2773404, 0.0 ], [ 77.3967114, 23.2773335, 0.0 ], [ 77.3981857, 23.2766517, 0.0 ], [ 77.3982526, 23.2766382, 0.0 ], [ 77.39831, 23.2766559, 0.0 ], [ 77.3983439, 23.2767167, 0.0 ], [ 77.3988846, 23.2776852, 0.0 ], [ 77.3989055, 23.2777121, 0.0 ], [ 77.3989557, 23.277721, 0.0 ], [ 77.398999, 23.2777031, 0.0 ], [ 77.3995435, 23.2774139, 0.0 ], [ 77.3996078, 23.2773951, 0.0 ], [ 77.3996917, 23.2773803, 0.0 ], [ 77.3998256, 23.277368, 0.0 ], [ 77.4001004, 23.2773666, 0.0 ], [ 77.4003536, 23.277375, 0.0 ], [ 77.4003727, 23.2773901, 0.0 ], [ 77.4003785, 23.2774079, 0.0 ], [ 77.4003782, 23.2774324, 0.0 ], [ 77.4002725, 23.2782282, 0.0 ], [ 77.400264, 23.2783033, 0.0 ], [ 77.4003049, 23.2787677, 0.0 ], [ 77.4003572, 23.279049, 0.0 ], [ 77.4004165, 23.2792813, 0.0 ], [ 77.4004367, 23.2793205, 0.0 ], [ 77.4004497, 23.2793313, 0.0 ], [ 77.4004722, 23.2793396, 0.0 ], [ 77.4004987, 23.2793357, 0.0 ], [ 77.4005561, 23.2793183, 0.0 ], [ 77.40088, 23.2791536, 0.0 ], [ 77.4016064, 23.2786143, 0.0 ], [ 77.4016348, 23.2785754, 0.0 ], [ 77.4016416, 23.2785424, 0.0 ], [ 77.4016468, 23.2785061, 0.0 ], [ 77.4016485, 23.2784542, 0.0 ], [ 77.4016428, 23.278397, 0.0 ], [ 77.4014765, 23.2779913, 0.0 ], [ 77.4014424, 23.2778561, 0.0 ], [ 77.4014386, 23.2776779, 0.0 ], [ 77.4014544, 23.2775918, 0.0 ], [ 77.4014814, 23.2774991, 0.0 ], [ 77.4015232, 23.2774097, 0.0 ], [ 77.4016429, 23.2772253, 0.0 ], [ 77.402136, 23.2765461, 0.0 ], [ 77.4022098, 23.2764507, 0.0 ], [ 77.402275, 23.2763996, 0.0 ], [ 77.4023465, 23.2763653, 0.0 ], [ 77.4024395, 23.2763352, 0.0 ], [ 77.4029358, 23.2762451, 0.0 ], [ 77.4029534, 23.2762961, 0.0 ], [ 77.4034551, 23.2787742, 0.0 ], [ 77.4035988, 23.2795025, 0.0 ], [ 77.4036444, 23.2799894, 0.0 ], [ 77.4036848, 23.2806413, 0.0 ], [ 77.4037447, 23.281607, 0.0 ], [ 77.403719, 23.281891, 0.0 ], [ 77.4032519, 23.2847194, 0.0 ], [ 77.4031182, 23.2847022, 0.0 ], [ 77.4030963, 23.2847042, 0.0 ], [ 77.4030696, 23.2847186, 0.0 ], [ 77.4030555, 23.2847312, 0.0 ], [ 77.4026134, 23.2851856, 0.0 ], [ 77.4025945, 23.2852044, 0.0 ], [ 77.4025192, 23.285264, 0.0 ], [ 77.4023452, 23.2853801, 0.0 ], [ 77.4022383, 23.285443, 0.0 ], [ 77.402035, 23.2855158, 0.0 ], [ 77.4018821, 23.2855509, 0.0 ], [ 77.4016698, 23.2855825, 0.0 ], [ 77.3987121, 23.2857796, 0.0 ], [ 77.3984635, 23.2857784, 0.0 ], [ 77.3982298, 23.2857575, 0.0 ], [ 77.3981042, 23.2857304, 0.0 ], [ 77.3980273, 23.2856984, 0.0 ], [ 77.3979697, 23.2856514, 0.0 ], [ 77.3979035, 23.2855797, 0.0 ], [ 77.3978251, 23.2854783, 0.0 ], [ 77.3963784, 23.2833256, 0.0 ], [ 77.3963572, 23.2833044, 0.0 ], [ 77.3963417, 23.2833044, 0.0 ], [ 77.3963299, 23.2833044, 0.0 ], [ 77.3963136, 23.2833078, 0.0 ] ] ] } },
{ "type": "Feature", "properties": { "objectid": 68, "townname": "Bhopal", "towncensuscode2011": 802312, "town_lgd_code": 250946, "ward_lgd_code": 32938, "ward_lgd_name": "Babu Jagjivan Ram Ward", "sourcewardcode": 11, "state": "Madhya Pradesh" }, "geometry": { "type": "Polygon", "coordinates": [ [ [ 77.3823418, 23.2770528, 0.0 ], [ 77.3765213, 23.278125, 0.0 ], [ 77.376531, 23.2768965, 0.0 ], [ 77.3765224, 23.2761761, 0.0 ], [ 77.3764612, 23.2757499, 0.0 ], [ 77.3764332, 23.2755924, 0.0 ], [ 77.3763299, 23.2752262, 0.0 ], [ 77.37618, 23.2747876, 0.0 ], [ 77.3761293, 23.2745582, 0.0 ], [ 77.3760668, 23.2740477, 0.0 ], [ 77.3772934, 23.2741949, 0.0 ], [ 77.3775714, 23.2742112, 0.0 ], [ 77.377919, 23.2742081, 0.0 ], [ 77.3781947, 23.2741691, 0.0 ], [ 77.378465, 23.2740833, 0.0 ], [ 77.378718, 23.2739563, 0.0 ], [ 77.3789914, 23.2737662, 0.0 ], [ 77.3793115, 23.2735288, 0.0 ], [ 77.3793645, 23.2734896, 0.0 ], [ 77.3794508, 23.2734532, 0.0 ], [ 77.3801058, 23.2733219, 0.0 ], [ 77.3801339, 23.2733219, 0.0 ], [ 77.3801641, 23.2733308, 0.0 ], [ 77.3801857, 23.2733735, 0.0 ], [ 77.3805704, 23.2754842, 0.0 ], [ 77.3806038, 23.2755709, 0.0 ], [ 77.3806514, 23.2756206, 0.0 ], [ 77.3807184, 23.2756394, 0.0 ], [ 77.380834, 23.2756464, 0.0 ], [ 77.3812121, 23.2756106, 0.0 ], [ 77.3812537, 23.2755976, 0.0 ], [ 77.3812834, 23.2755767, 0.0 ], [ 77.3813201, 23.2755185, 0.0 ], [ 77.3816026, 23.2748902, 0.0 ], [ 77.3816168, 23.2748292, 0.0 ], [ 77.3816221, 23.2743579, 0.0 ], [ 77.3816294, 23.2734582, 0.0 ], [ 77.3816446, 23.2730855, 0.0 ], [ 77.3822502, 23.2730743, 0.0 ], [ 77.3822623, 23.2726891, 0.0 ], [ 77.3837522, 23.2727314, 0.0 ], [ 77.3838696, 23.273006, 0.0 ], [ 77.3844236, 23.2730456, 0.0 ], [ 77.3854361, 23.2733062, 0.0 ], [ 77.385893, 23.2733922, 0.0 ], [ 77.3860974, 23.2734494, 0.0 ], [ 77.3861331, 23.2734514, 0.0 ], [ 77.3861596, 23.2734407, 0.0 ], [ 77.38666, 23.2731948, 0.0 ], [ 77.3869971, 23.2731381, 0.0 ], [ 77.3870072, 23.2732068, 0.0 ], [ 77.3873375, 23.2731823, 0.0 ], [ 77.3877434, 23.2733374, 0.0 ], [ 77.3880291, 23.2734283, 0.0 ], [ 77.3883311, 23.2734861, 0.0 ], [ 77.3883299, 23.2735897, 0.0 ], [ 77.3884452, 23.2736733, 0.0 ], [ 77.3889322, 23.2737483, 0.0 ], [ 77.3898557, 23.2737276, 0.0 ], [ 77.3898691, 23.2734101, 0.0 ], [ 77.3900845, 23.2733956, 0.0 ], [ 77.3901136, 23.2733912, 0.0 ], [ 77.3901313, 23.2733774, 0.0 ], [ 77.3901767, 23.2731918, 0.0 ], [ 77.3901901, 23.2731718, 0.0 ], [ 77.3902362, 23.2731521, 0.0 ], [ 77.3905917, 23.2731087, 0.0 ], [ 77.3906217, 23.2734163, 0.0 ], [ 77.3907237, 23.2735069, 0.0 ], [ 77.3910589, 23.2738751, 0.0 ], [ 77.391377, 23.2742254, 0.0 ], [ 77.3928507, 23.2744455, 0.0 ], [ 77.3928922, 23.2738729, 0.0 ], [ 77.3929269, 23.2733369, 0.0 ], [ 77.3932129, 23.2708769, 0.0 ], [ 77.3920634, 23.2708584, 0.0 ], [ 77.3921723, 23.2701252, 0.0 ], [ 77.3923617, 23.2678812, 0.0 ], [ 77.3933723, 23.2678927, 0.0 ], [ 77.3932968, 23.2687854, 0.0 ], [ 77.3942932, 23.2688142, 0.0 ], [ 77.3942312, 23.2700462, 0.0 ], [ 77.3940213, 23.2710664, 0.0 ], [ 77.393801, 23.2721115, 0.0 ], [ 77.3942466, 23.2720186, 0.0 ], [ 77.3945938, 23.2721218, 0.0 ], [ 77.394513, 23.2724262, 0.0 ], [ 77.3944212, 23.2727121, 0.0 ], [ 77.3950887, 23.2728301, 0.0 ], [ 77.394566, 23.273707, 0.0 ], [ 77.3942252, 23.2746121, 0.0 ], [ 77.3944863, 23.274914, 0.0 ], [ 77.3937791, 23.2753314, 0.0 ], [ 77.3935628, 23.275082, 0.0 ], [ 77.393194, 23.2747627, 0.0 ], [ 77.392875, 23.2758732, 0.0 ], [ 77.3894289, 23.2762456, 0.0 ], [ 77.3848628, 23.2765781, 0.0 ], [ 77.3840282, 23.2764803, 0.0 ], [ 77.3823418, 23.2770528, 0.0 ] ] ] } },
{ "type": "Feature", "properties": { "objectid": 74, "townname": "Bhopal", "towncensuscode2011": 802312, "town_lgd_code": 250946, "ward_lgd_code": 32947, "ward_lgd_name": "Mahavir Swami Ward", "sourcewardcode": 20, "state": "Madhya Pradesh" }, "geometry": { "type": "Polygon", "coordinates": [ [ [ 77.4052741, 23.2632749, 0.0 ], [ 77.4046654, 23.263568, 0.0 ], [ 77.4041072, 23.2638146, 0.0 ], [ 77.4038653, 23.264049, 0.0 ], [ 77.403331, 23.2633482, 0.0 ], [ 77.4030785, 23.2632334, 0.0 ], [ 77.4028074, 23.2634215, 0.0 ], [ 77.4025442, 23.2634996, 0.0 ], [ 77.4023289, 23.263524, 0.0 ], [ 77.4020471, 23.2635948, 0.0 ], [ 77.4018903, 23.2635973, 0.0 ], [ 77.4016936, 23.2634239, 0.0 ], [ 77.4017069, 23.2629819, 0.0 ], [ 77.4016052, 23.2624285, 0.0 ], [ 77.4015098, 23.262053, 0.0 ], [ 77.4016397, 23.2615026, 0.0 ], [ 77.4019686, 23.2616073, 0.0 ], [ 77.4019599, 23.2614055, 0.0 ], [ 77.4019675, 23.259505, 0.0 ], [ 77.401954, 23.2590478, 0.0 ], [ 77.4017021, 23.258862, 0.0 ], [ 77.4016921, 23.2587985, 0.0 ], [ 77.4016734, 23.2584285, 0.0 ], [ 77.4019913, 23.258429, 0.0 ], [ 77.4019889, 23.2583642, 0.0 ], [ 77.4019703, 23.2578642, 0.0 ], [ 77.4019313, 23.2571922, 0.0 ], [ 77.4019488, 23.2565409, 0.0 ], [ 77.4019511, 23.2563556, 0.0 ], [ 77.4019378, 23.2559684, 0.0 ], [ 77.4019258, 23.2556202, 0.0 ], [ 77.401877, 23.2554847, 0.0 ], [ 77.4016272, 23.2550915, 0.0 ], [ 77.4019408, 23.2549767, 0.0 ], [ 77.4022837, 23.2548961, 0.0 ], [ 77.4023183, 23.2549865, 0.0 ], [ 77.4029243, 23.2548326, 0.0 ], [ 77.4029403, 23.2548693, 0.0 ], [ 77.4030493, 23.2548497, 0.0 ], [ 77.4030599, 23.2548888, 0.0 ], [ 77.4032403, 23.2548936, 0.0 ], [ 77.40348, 23.2549133, 0.0 ], [ 77.4042226, 23.2550506, 0.0 ], [ 77.4042629, 23.2550593, 0.0 ], [ 77.4048528, 23.2549247, 0.0 ], [ 77.4050013, 23.2556629, 0.0 ], [ 77.4050524, 23.2559173, 0.0 ], [ 77.4050878, 23.2561376, 0.0 ], [ 77.4051071, 23.2569689, 0.0 ], [ 77.4051212, 23.2582764, 0.0 ], [ 77.4051252, 23.2584044, 0.0 ], [ 77.4051267, 23.2584506, 0.0 ], [ 77.405133, 23.2584775, 0.0 ], [ 77.4051413, 23.2584922, 0.0 ], [ 77.4051532, 23.258505, 0.0 ], [ 77.4051692, 23.258514, 0.0 ], [ 77.4051908, 23.2585216, 0.0 ], [ 77.4052284, 23.2585268, 0.0 ], [ 77.4052647, 23.2585268, 0.0 ], [ 77.4052934, 23.2585268, 0.0 ], [ 77.4055631, 23.2585268, 0.0 ], [ 77.4055783, 23.2585262, 0.0 ], [ 77.4055911, 23.2588839, 0.0 ], [ 77.4056467, 23.2590639, 0.0 ], [ 77.4057294, 23.2592983, 0.0 ], [ 77.4059104, 23.2593596, 0.0 ], [ 77.4060682, 23.2593157, 0.0 ], [ 77.4061458, 23.2593361, 0.0 ], [ 77.4062905, 23.2594378, 0.0 ], [ 77.4065607, 23.2596746, 0.0 ], [ 77.4065645, 23.2597765, 0.0 ], [ 77.4066672, 23.2601097, 0.0 ], [ 77.4065331, 23.2602133, 0.0 ], [ 77.406677, 23.2605258, 0.0 ], [ 77.4067381, 23.2607914, 0.0 ], [ 77.4068003, 23.2609273, 0.0 ], [ 77.4068377, 23.2611143, 0.0 ], [ 77.4068896, 23.2612679, 0.0 ], [ 77.4068263, 23.2613723, 0.0 ], [ 77.4067618, 23.261595, 0.0 ], [ 77.4067654, 23.2621455, 0.0 ], [ 77.4068218, 23.2622193, 0.0 ], [ 77.406593, 23.2623688, 0.0 ], [ 77.4061834, 23.2627008, 0.0 ], [ 77.4062257, 23.2628924, 0.0 ], [ 77.4052741, 23.2632749, 0.0 ] ] ] } },
{ "type": "Feature", "properties": { "objectid": 75, "townname": "Bhopal", "towncensuscode2011": 802312, "town_lgd_code": 250946, "ward_lgd_code": 32944, "ward_lgd_name": "Ibrahimganj Ward", "sourcewardcode": 17, "state": "Madhya Pradesh" }, "geometry": { "type": "Polygon", "coordinates": [ [ [ 77.4054812, 23.2731447, 0.0 ], [ 77.4047239, 23.2732744, 0.0 ], [ 77.4049152, 23.2743393, 0.0 ], [ 77.4042921, 23.2745017, 0.0 ], [ 77.4043336, 23.27489, 0.0 ], [ 77.4027394, 23.2753579, 0.0 ], [ 77.4023105, 23.2739956, 0.0 ], [ 77.4018954, 23.2723519, 0.0 ], [ 77.4018761, 23.2722912, 0.0 ], [ 77.4018684, 23.2722762, 0.0 ], [ 77.401858, 23.2722663, 0.0 ], [ 77.4018434, 23.2722626, 0.0 ], [ 77.4014269, 23.2724151, 0.0 ], [ 77.3996671, 23.2726456, 0.0 ], [ 77.3990856, 23.2725969, 0.0 ], [ 77.3991438, 23.2722583, 0.0 ], [ 77.3992135, 23.2716763, 0.0 ], [ 77.3993627, 23.2704699, 0.0 ], [ 77.4008876, 23.2701989, 0.0 ], [ 77.4010184, 23.2701497, 0.0 ], [ 77.401068, 23.270106, 0.0 ], [ 77.4010859, 23.2700382, 0.0 ], [ 77.4010857, 23.2699676, 0.0 ], [ 77.4007738, 23.2683482, 0.0 ], [ 77.4005414, 23.2664583, 0.0 ], [ 77.404344, 23.2650065, 0.0 ], [ 77.4046648, 23.2651183, 0.0 ], [ 77.4070976, 23.2666888, 0.0 ], [ 77.4079189, 23.2672586, 0.0 ], [ 77.408434, 23.2676163, 0.0 ], [ 77.4096992, 23.2684951, 0.0 ], [ 77.4097199, 23.2685281, 0.0 ], [ 77.409733, 23.2685651, 0.0 ], [ 77.4097352, 23.2685811, 0.0 ], [ 77.4097363, 23.2685961, 0.0 ], [ 77.4097373, 23.2686091, 0.0 ], [ 77.4097275, 23.2686351, 0.0 ], [ 77.409721, 23.2686461, 0.0 ], [ 77.4096661, 23.268689, 0.0 ], [ 77.4084964, 23.2692543, 0.0 ], [ 77.4084549, 23.2692924, 0.0 ], [ 77.4084436, 23.2693367, 0.0 ], [ 77.4084475, 23.2693683, 0.0 ], [ 77.4084809, 23.2694477, 0.0 ], [ 77.4091321, 23.2706263, 0.0 ], [ 77.4092351, 23.2708785, 0.0 ], [ 77.4092622, 23.2710344, 0.0 ], [ 77.4092766, 23.2711473, 0.0 ], [ 77.4093474, 23.2721481, 0.0 ], [ 77.4093595, 23.2721895, 0.0 ], [ 77.4093734, 23.2722121, 0.0 ], [ 77.4093972, 23.2722214, 0.0 ], [ 77.4098895, 23.272172, 0.0 ], [ 77.4100402, 23.273089, 0.0 ], [ 77.4067518, 23.273309, 0.0 ], [ 77.4067428, 23.2731497, 0.0 ], [ 77.4058144, 23.273129, 0.0 ], [ 77.4056785, 23.2731277, 0.0 ], [ 77.4054812, 23.2731447, 0.0 ] ] ] } },
{ "type": "Feature", "properties": { "objectid": 76, "townname": "Bhopal", "towncensuscode2011": 802312, "town_lgd_code": 250946, "ward_lgd_code": 32946, "ward_lgd_name": "Lal Bahadur Shastri Ward", "sourcewardcode": 19, "state": "Madhya Pradesh" }, "geometry": { "type": "Polygon", "coordinates": [ [ [ 77.404344, 23.2650065, 0.0 ], [ 77.4005414, 23.2664583, 0.0 ], [ 77.3993864, 23.2640956, 0.0 ], [ 77.399273, 23.2638663, 0.0 ], [ 77.3987448, 23.2616494, 0.0 ], [ 77.3992808, 23.2616672, 0.0 ], [ 77.399975, 23.2619406, 0.0 ], [ 77.4015098, 23.262053, 0.0 ], [ 77.4016052, 23.2624285, 0.0 ], [ 77.4017069, 23.2629819, 0.0 ], [ 77.4016936, 23.2634239, 0.0 ], [ 77.4018903, 23.2635973, 0.0 ], [ 77.4020471, 23.2635948, 0.0 ], [ 77.4023289, 23.263524, 0.0 ], [ 77.4025442, 23.2634996, 0.0 ], [ 77.4028074, 23.2634215, 0.0 ], [ 77.4030785, 23.2632334, 0.0 ], [ 77.403331, 23.2633482, 0.0 ], [ 77.4038653, 23.264049, 0.0 ], [ 77.4041072, 23.2638146, 0.0 ], [ 77.4046654, 23.263568, 0.0 ], [ 77.4052741, 23.2632749, 0.0 ], [ 77.4062257, 23.2628924, 0.0 ], [ 77.4061834, 23.2627008, 0.0 ], [ 77.406593, 23.2623688, 0.0 ], [ 77.4068218, 23.2622193, 0.0 ], [ 77.4067654, 23.2621455, 0.0 ], [ 77.4067618, 23.261595, 0.0 ], [ 77.4068263, 23.2613723, 0.0 ], [ 77.4068896, 23.2612679, 0.0 ], [ 77.4068377, 23.2611143, 0.0 ], [ 77.4068003, 23.2609273, 0.0 ], [ 77.4067381, 23.2607914, 0.0 ], [ 77.406677, 23.2605258, 0.0 ], [ 77.4065331, 23.2602133, 0.0 ], [ 77.4066672, 23.2601097, 0.0 ], [ 77.4065645, 23.2597765, 0.0 ], [ 77.4065607, 23.2596746, 0.0 ], [ 77.4062905, 23.2594378, 0.0 ], [ 77.4061458, 23.2593361, 0.0 ], [ 77.4060682, 23.2593157, 0.0 ], [ 77.4059104, 23.2593596, 0.0 ], [ 77.4057294, 23.2592983, 0.0 ], [ 77.4056467, 23.2590639, 0.0 ], [ 77.4055911, 23.2588839, 0.0 ], [ 77.4055783, 23.2585262, 0.0 ], [ 77.4056315, 23.2585241, 0.0 ], [ 77.4058189, 23.2582975, 0.0 ], [ 77.405833, 23.2582725, 0.0 ], [ 77.4058396, 23.2582565, 0.0 ], [ 77.4058356, 23.2582241, 0.0 ], [ 77.4058091, 23.2580065, 0.0 ], [ 77.4058091, 23.2579374, 0.0 ], [ 77.4058167, 23.2579084, 0.0 ], [ 77.4058232, 23.2578824, 0.0 ], [ 77.4058439, 23.2578494, 0.0 ], [ 77.4058616, 23.2578306, 0.0 ], [ 77.4062006, 23.2574691, 0.0 ], [ 77.4063027, 23.2571459, 0.0 ], [ 77.4063141, 23.2571099, 0.0 ], [ 77.4068175, 23.2571306, 0.0 ], [ 77.4069775, 23.2572631, 0.0 ], [ 77.407083, 23.2572662, 0.0 ], [ 77.407083, 23.2573256, 0.0 ], [ 77.407282, 23.2573365, 0.0 ], [ 77.407306, 23.2573553, 0.0 ], [ 77.4074287, 23.2574513, 0.0 ], [ 77.4075041, 23.2575824, 0.0 ], [ 77.4074964, 23.2577241, 0.0 ], [ 77.4076733, 23.2577351, 0.0 ], [ 77.4083759, 23.2577523, 0.0 ], [ 77.4083934, 23.257725, 0.0 ], [ 77.4085886, 23.2576144, 0.0 ], [ 77.4092158, 23.2576068, 0.0 ], [ 77.4098346, 23.2576411, 0.0 ], [ 77.4101336, 23.2576869, 0.0 ], [ 77.4104725, 23.2577554, 0.0 ], [ 77.4104935, 23.2583395, 0.0 ], [ 77.4105884, 23.2591584, 0.0 ], [ 77.4108748, 23.2605098, 0.0 ], [ 77.4109591, 23.2609921, 0.0 ], [ 77.4110073, 23.2614572, 0.0 ], [ 77.4111214, 23.2629095, 0.0 ], [ 77.409865, 23.2631029, 0.0 ], [ 77.4094664, 23.2628329, 0.0 ], [ 77.4089937, 23.261966, 0.0 ], [ 77.4082962, 23.2620597, 0.0 ], [ 77.4079379, 23.2620325, 0.0 ], [ 77.4073999, 23.2623184, 0.0 ], [ 77.407023, 23.2625304, 0.0 ], [ 77.4065978, 23.2627694, 0.0 ], [ 77.4062231, 23.2629672, 0.0 ], [ 77.4058589, 23.2631284, 0.0 ], [ 77.4045883, 23.2637243, 0.0 ], [ 77.4042295, 23.2639123, 0.0 ], [ 77.4039796, 23.2641614, 0.0 ], [ 77.4040567, 23.264386, 0.0 ], [ 77.404344, 23.2650065, 0.0 ] ] ] } },
{ "type": "Feature", "properties": { "objectid": 77, "townname": "Bhopal", "towncensuscode2011": 802312, "town_lgd_code": 250946, "ward_lgd_code": 32945, "ward_lgd_name": "Ram Mandir Ward", "sourcewardcode": 18, "state": "Madhya Pradesh" }, "geometry": { "type": "Polygon", "coordinates": [ [ [ 77.4171038, 23.2788364, 0.0 ], [ 77.4167059, 23.2788783, 0.0 ], [ 77.4160587, 23.2789664, 0.0 ], [ 77.4156057, 23.2790456, 0.0 ], [ 77.4153084, 23.2791183, 0.0 ], [ 77.4146996, 23.2792988, 0.0 ], [ 77.4142393, 23.2795051, 0.0 ], [ 77.4137595, 23.2797494, 0.0 ], [ 77.4134244, 23.2799537, 0.0 ], [ 77.4125909, 23.2806141, 0.0 ], [ 77.412921, 23.2801806, 0.0 ], [ 77.4137677, 23.2792868, 0.0 ], [ 77.4143136, 23.2785475, 0.0 ], [ 77.4143337, 23.2781142, 0.0 ], [ 77.4136203, 23.2778543, 0.0 ], [ 77.4131491, 23.2779906, 0.0 ], [ 77.4124858, 23.2780972, 0.0 ], [ 77.4120136, 23.2768186, 0.0 ], [ 77.4131395, 23.2763696, 0.0 ], [ 77.4139239, 23.2761078, 0.0 ], [ 77.4136422, 23.2754974, 0.0 ], [ 77.4133465, 23.275006, 0.0 ], [ 77.4138094, 23.2749581, 0.0 ], [ 77.4138618, 23.2749665, 0.0 ], [ 77.4138888, 23.2752345, 0.0 ], [ 77.4139726, 23.2752913, 0.0 ], [ 77.414383, 23.2752058, 0.0 ], [ 77.4142572, 23.2749306, 0.0 ], [ 77.4146596, 23.2748557, 0.0 ], [ 77.4142953, 23.2742288, 0.0 ], [ 77.4130178, 23.2720344, 0.0 ], [ 77.4118624, 23.27243, 0.0 ], [ 77.4111719, 23.2724847, 0.0 ], [ 77.410449, 23.27192, 0.0 ], [ 77.4102243, 23.2721501, 0.0 ], [ 77.4098895, 23.272172, 0.0 ], [ 77.4093972, 23.2722214, 0.0 ], [ 77.4093734, 23.2722121, 0.0 ], [ 77.4093595, 23.2721895, 0.0 ], [ 77.4093474, 23.2721481, 0.0 ], [ 77.4092766, 23.2711473, 0.0 ], [ 77.4092622, 23.2710344, 0.0 ], [ 77.4092351, 23.2708785, 0.0 ], [ 77.4091321, 23.2706263, 0.0 ], [ 77.4084809, 23.2694477, 0.0 ], [ 77.4084475, 23.2693683, 0.0 ], [ 77.4084436, 23.2693367, 0.0 ], [ 77.4084549, 23.2692924, 0.0 ], [ 77.4084964, 23.2692543, 0.0 ], [ 77.4096661, 23.268689, 0.0 ], [ 77.409721, 23.2686461, 0.0 ], [ 77.4097275, 23.2686351, 0.0 ], [ 77.4097373, 23.2686091, 0.0 ], [ 77.4097363, 23.2685961, 0.0 ], [ 77.4097352, 23.2685811, 0.0 ], [ 77.409733, 23.2685651, 0.0 ], [ 77.4097199, 23.2685281, 0.0 ], [ 77.4096992, 23.2684951, 0.0 ], [ 77.408434, 23.2676163, 0.0 ], [ 77.4079189, 23.2672586, 0.0 ], [ 77.4070976, 23.2666888, 0.0 ], [ 77.4046648, 23.2651183, 0.0 ], [ 77.404344, 23.2650065, 0.0 ], [ 77.4040567, 23.264386, 0.0 ], [ 77.4039796, 23.2641614, 0.0 ], [ 77.4042295, 23.2639123, 0.0 ], [ 77.4045883, 23.2637243, 0.0 ], [ 77.4058589, 23.2631284, 0.0 ], [ 77.4062231, 23.2629672, 0.0 ], [ 77.4065978, 23.2627694, 0.0 ], [ 77.407023, 23.2625304, 0.0 ], [ 77.4073999, 23.2623184, 0.0 ], [ 77.4079379, 23.2620325, 0.0 ], [ 77.4082962, 23.2620597, 0.0 ], [ 77.4089937, 23.261966, 0.0 ], [ 77.4094664, 23.2628329, 0.0 ], [ 77.409865, 23.2631029, 0.0 ], [ 77.4111214, 23.2629095, 0.0 ], [ 77.4110073, 23.2614572, 0.0 ], [ 77.4109972, 23.2613596, 0.0 ], [ 77.4121758, 23.2613258, 0.0 ], [ 77.4120924, 23.2617651, 0.0 ], [ 77.4120284, 23.2621585, 0.0 ], [ 77.4120155, 23.26229, 0.0 ], [ 77.4120117, 23.2623247, 0.0 ], [ 77.4120023, 23.2624617, 0.0 ], [ 77.4120021, 23.2625886, 0.0 ], [ 77.412027, 23.262834, 0.0 ], [ 77.4121375, 23.2635342, 0.0 ], [ 77.4122236, 23.2639172, 0.0 ], [ 77.4124017, 23.2647095, 0.0 ], [ 77.4127325, 23.2657861, 0.0 ], [ 77.4130822, 23.2668106, 0.0 ], [ 77.413175, 23.2672078, 0.0 ], [ 77.4141779, 23.2697648, 0.0 ], [ 77.4149691, 23.2719608, 0.0 ], [ 77.4156062, 23.2736165, 0.0 ], [ 77.4157311, 23.2738973, 0.0 ], [ 77.4158375, 23.274078, 0.0 ], [ 77.4159863, 23.274327, 0.0 ], [ 77.4162734, 23.2747812, 0.0 ], [ 77.4179514, 23.2770369, 0.0 ], [ 77.4188146, 23.2781972, 0.0 ], [ 77.4196523, 23.2795343, 0.0 ], [ 77.4197201, 23.279634, 0.0 ], [ 77.4191616, 23.2792064, 0.0 ], [ 77.418789, 23.2790258, 0.0 ], [ 77.418427, 23.2789245, 0.0 ], [ 77.4179182, 23.278834, 0.0 ], [ 77.417549, 23.2788042, 0.0 ], [ 77.4171038, 23.2788364, 0.0 ] ] ] } },
{ "type": "Feature", "properties": { "objectid": 78, "townname": "Bhopal", "towncensuscode2011": 802312, "town_lgd_code": 250946, "ward_lgd_code": 881942, "ward_lgd_name": "Rusalli Ward", "sourcewardcode": 77, "state": "Madhya Pradesh" }, "geometry": { "type": "Polygon", "coordinates": [ [ [ 77.3940295, 23.2972291, 0.0 ], [ 77.3940465, 23.2976701, 0.0 ], [ 77.3929156, 23.2977675, 0.0 ], [ 77.3929391, 23.2956108, 0.0 ], [ 77.3929405, 23.2955848, 0.0 ], [ 77.3929423, 23.2955788, 0.0 ], [ 77.3929491, 23.2955737, 0.0 ], [ 77.3929595, 23.2955715, 0.0 ], [ 77.3929746, 23.295571, 0.0 ], [ 77.3932623, 23.2955572, 0.0 ], [ 77.3932825, 23.2955557, 0.0 ], [ 77.3932905, 23.2955522, 0.0 ], [ 77.3932973, 23.2955484, 0.0 ], [ 77.3933005, 23.2955424, 0.0 ], [ 77.3933026, 23.2955351, 0.0 ], [ 77.3933029, 23.2955267, 0.0 ], [ 77.3931963, 23.2937754, 0.0 ], [ 77.3931911, 23.2937398, 0.0 ], [ 77.3931874, 23.2937153, 0.0 ], [ 77.3931726, 23.293673, 0.0 ], [ 77.3928128, 23.2928572, 0.0 ], [ 77.3928015, 23.2928106, 0.0 ], [ 77.3927947, 23.2927484, 0.0 ], [ 77.3928929, 23.2909294, 0.0 ], [ 77.393986, 23.2908516, 0.0 ], [ 77.3981064, 23.2902291, 0.0 ], [ 77.3997829, 23.2898396, 0.0 ], [ 77.400651, 23.2895738, 0.0 ], [ 77.4032981, 23.2885417, 0.0 ], [ 77.4034913, 23.2884237, 0.0 ], [ 77.4048033, 23.2876226, 0.0 ], [ 77.4066363, 23.2862891, 0.0 ], [ 77.4080442, 23.2849021, 0.0 ], [ 77.4084801, 23.2853913, 0.0 ], [ 77.408998, 23.2852464, 0.0 ], [ 77.4094014, 23.2849955, 0.0 ], [ 77.4105918, 23.2859575, 0.0 ], [ 77.4106245, 23.2859899, 0.0 ], [ 77.4106547, 23.2860265, 0.0 ], [ 77.4106826, 23.2860663, 0.0 ], [ 77.4109723, 23.2866656, 0.0 ], [ 77.4110677, 23.2868693, 0.0 ], [ 77.4110857, 23.2869002, 0.0 ], [ 77.4111299, 23.286967, 0.0 ], [ 77.4112278, 23.2870857, 0.0 ], [ 77.4122886, 23.2882128, 0.0 ], [ 77.4125402, 23.2884876, 0.0 ], [ 77.4127243, 23.2887102, 0.0 ], [ 77.4141204, 23.2905746, 0.0 ], [ 77.4150489, 23.2919201, 0.0 ], [ 77.4150509, 23.2919388, 0.0 ], [ 77.4150385, 23.2919542, 0.0 ], [ 77.4150158, 23.291964, 0.0 ], [ 77.4143078, 23.2920509, 0.0 ], [ 77.4142432, 23.2920633, 0.0 ], [ 77.414212, 23.2920776, 0.0 ], [ 77.414146, 23.292117, 0.0 ], [ 77.4137037, 23.2924656, 0.0 ], [ 77.4136426, 23.2925359, 0.0 ], [ 77.4135912, 23.2926248, 0.0 ], [ 77.4135724, 23.2926819, 0.0 ], [ 77.4135434, 23.292871, 0.0 ], [ 77.4134891, 23.2933697, 0.0 ], [ 77.4118393, 23.2928376, 0.0 ], [ 77.4118181, 23.2928215, 0.0 ], [ 77.4117962, 23.2927693, 0.0 ], [ 77.4117124, 23.2925098, 0.0 ], [ 77.4116648, 23.2924698, 0.0 ], [ 77.4100184, 23.2920379, 0.0 ], [ 77.4098367, 23.2920054, 0.0 ], [ 77.4095036, 23.2919762, 0.0 ], [ 77.4093864, 23.2919802, 0.0 ], [ 77.4066666, 23.292086, 0.0 ], [ 77.4066474, 23.2920783, 0.0 ], [ 77.406637, 23.2920654, 0.0 ], [ 77.4066307, 23.2920373, 0.0 ], [ 77.4064935, 23.2907255, 0.0 ], [ 77.4064884, 23.2907019, 0.0 ], [ 77.4064834, 23.29069, 0.0 ], [ 77.4064755, 23.2906837, 0.0 ], [ 77.4064535, 23.2906816, 0.0 ], [ 77.4034664, 23.2908933, 0.0 ], [ 77.4036673, 23.2950353, 0.0 ], [ 77.4007594, 23.2955328, 0.0 ], [ 77.400877, 23.2972152, 0.0 ], [ 77.3959003, 23.2975336, 0.0 ], [ 77.3958418, 23.2971437, 0.0 ], [ 77.3940295, 23.2972291, 0.0 ] ] ] } },
{ "type": "Feature", "properties": { "objectid": 79, "townname": "Bhopal", "towncensuscode2011": 802312, "town_lgd_code": 250946, "ward_lgd_code": 32937, "ward_lgd_name": "Eidgaah Hills Ward", "sourcewardcode": 10, "state": "Madhya Pradesh" }, "geometry": { "type": "Polygon", "coordinates": [ [ [ 77.3816294, 23.2734582, 0.0 ], [ 77.3816221, 23.2743579, 0.0 ], [ 77.3816168, 23.2748292, 0.0 ], [ 77.3816026, 23.2748902, 0.0 ], [ 77.3813201, 23.2755185, 0.0 ], [ 77.3812834, 23.2755767, 0.0 ], [ 77.3812537, 23.2755976, 0.0 ], [ 77.3812121, 23.2756106, 0.0 ], [ 77.380834, 23.2756464, 0.0 ], [ 77.3807184, 23.2756394, 0.0 ], [ 77.3806514, 23.2756206, 0.0 ], [ 77.3806038, 23.2755709, 0.0 ], [ 77.3805704, 23.2754842, 0.0 ], [ 77.3801857, 23.2733735, 0.0 ], [ 77.3801641, 23.2733308, 0.0 ], [ 77.3801339, 23.2733219, 0.0 ], [ 77.3801058, 23.2733219, 0.0 ], [ 77.3794508, 23.2734532, 0.0 ], [ 77.3793645, 23.2734896, 0.0 ], [ 77.3793115, 23.2735288, 0.0 ], [ 77.3789914, 23.2737662, 0.0 ], [ 77.378718, 23.2739563, 0.0 ], [ 77.378465, 23.2740833, 0.0 ], [ 77.3781947, 23.2741691, 0.0 ], [ 77.377919, 23.2742081, 0.0 ], [ 77.3775714, 23.2742112, 0.0 ], [ 77.3772934, 23.2741949, 0.0 ], [ 77.3760668, 23.2740477, 0.0 ], [ 77.3759702, 23.2740259, 0.0 ], [ 77.3759422, 23.2740079, 0.0 ], [ 77.3759175, 23.2739787, 0.0 ], [ 77.3759062, 23.2739469, 0.0 ], [ 77.3759019, 23.2739113, 0.0 ], [ 77.3758983, 23.2738562, 0.0 ], [ 77.3759028, 23.2738262, 0.0 ], [ 77.3759264, 23.273765, 0.0 ], [ 77.3761718, 23.2733659, 0.0 ], [ 77.3762152, 23.2732631, 0.0 ], [ 77.3762451, 23.2731455, 0.0 ], [ 77.376288, 23.2728951, 0.0 ], [ 77.3763001, 23.2727514, 0.0 ], [ 77.3762991, 23.2725731, 0.0 ], [ 77.3762897, 23.2724297, 0.0 ], [ 77.3762683, 23.2723211, 0.0 ], [ 77.3762502, 23.2722745, 0.0 ], [ 77.3762095, 23.2722143, 0.0 ], [ 77.3761326, 23.2721453, 0.0 ], [ 77.3758919, 23.2719812, 0.0 ], [ 77.3755693, 23.2717839, 0.0 ], [ 77.3754742, 23.2717172, 0.0 ], [ 77.3754578, 23.2716944, 0.0 ], [ 77.3754534, 23.2716684, 0.0 ], [ 77.3754716, 23.2716206, 0.0 ], [ 77.3772513, 23.2691245, 0.0 ], [ 77.3778803, 23.2683179, 0.0 ], [ 77.3806924, 23.2651823, 0.0 ], [ 77.3808476, 23.2650255, 0.0 ], [ 77.3812407, 23.2646977, 0.0 ], [ 77.381412, 23.2645735, 0.0 ], [ 77.3816502, 23.2644269, 0.0 ], [ 77.3819802, 23.2642482, 0.0 ], [ 77.3820848, 23.2641991, 0.0 ], [ 77.382885, 23.2636885, 0.0 ], [ 77.3831506, 23.2635182, 0.0 ], [ 77.3837617, 23.2631836, 0.0 ], [ 77.3841241, 23.26299, 0.0 ], [ 77.3847501, 23.2626975, 0.0 ], [ 77.3854638, 23.2624279, 0.0 ], [ 77.3866211, 23.2621196, 0.0 ], [ 77.3880545, 23.261865, 0.0 ], [ 77.388178, 23.2618568, 0.0 ], [ 77.3882507, 23.2618717, 0.0 ], [ 77.3882958, 23.2618884, 0.0 ], [ 77.388321, 23.261916, 0.0 ], [ 77.388772, 23.2628275, 0.0 ], [ 77.388932, 23.2631278, 0.0 ], [ 77.3891878, 23.2639173, 0.0 ], [ 77.3893483, 23.2648657, 0.0 ], [ 77.3893428, 23.2648904, 0.0 ], [ 77.3893354, 23.2649004, 0.0 ], [ 77.3893113, 23.2649138, 0.0 ], [ 77.3892575, 23.2649284, 0.0 ], [ 77.3887671, 23.2650368, 0.0 ], [ 77.3887044, 23.2650612, 0.0 ], [ 77.388656, 23.2650952, 0.0 ], [ 77.3883512, 23.2654084, 0.0 ], [ 77.3883037, 23.2654582, 0.0 ], [ 77.3882648, 23.2654904, 0.0 ], [ 77.3877398, 23.2657683, 0.0 ], [ 77.3877148, 23.2657861, 0.0 ], [ 77.3877027, 23.2658154, 0.0 ], [ 77.3877088, 23.265856, 0.0 ], [ 77.3878215, 23.2662864, 0.0 ], [ 77.3878424, 23.2665015, 0.0 ], [ 77.3878395, 23.2667301, 0.0 ], [ 77.3878354, 23.2669807, 0.0 ], [ 77.3877871, 23.2683187, 0.0 ], [ 77.3877881, 23.2683623, 0.0 ], [ 77.3878052, 23.2683868, 0.0 ], [ 77.3878254, 23.2683906, 0.0 ], [ 77.3888811, 23.268404, 0.0 ], [ 77.3889077, 23.2684173, 0.0 ], [ 77.38892, 23.2684321, 0.0 ], [ 77.3889599, 23.2702692, 0.0 ], [ 77.3889969, 23.2703112, 0.0 ], [ 77.3890387, 23.2703217, 0.0 ], [ 77.3905575, 23.2701343, 0.0 ], [ 77.3921723, 23.2701252, 0.0 ], [ 77.3920634, 23.2708584, 0.0 ], [ 77.3932129, 23.2708769, 0.0 ], [ 77.3929269, 23.2733369, 0.0 ], [ 77.3928922, 23.2738729, 0.0 ], [ 77.3928507, 23.2744455, 0.0 ], [ 77.391377, 23.2742254, 0.0 ], [ 77.3910589, 23.2738751, 0.0 ], [ 77.3907237, 23.2735069, 0.0 ], [ 77.3906217, 23.2734163, 0.0 ], [ 77.3905917, 23.2731087, 0.0 ], [ 77.3902362, 23.2731521, 0.0 ], [ 77.3901901, 23.2731718, 0.0 ], [ 77.3901767, 23.2731918, 0.0 ], [ 77.3901313, 23.2733774, 0.0 ], [ 77.3901136, 23.2733912, 0.0 ], [ 77.3900845, 23.2733956, 0.0 ], [ 77.3898691, 23.2734101, 0.0 ], [ 77.3898557, 23.2737276, 0.0 ], [ 77.3889322, 23.2737483, 0.0 ], [ 77.3884452, 23.2736733, 0.0 ], [ 77.3883299, 23.2735897, 0.0 ], [ 77.3883311, 23.2734861, 0.0 ], [ 77.3880291, 23.2734283, 0.0 ], [ 77.3877434, 23.2733374, 0.0 ], [ 77.3873375, 23.2731823, 0.0 ], [ 77.3870072, 23.2732068, 0.0 ], [ 77.3869971, 23.2731381, 0.0 ], [ 77.38666, 23.2731948, 0.0 ], [ 77.3861596, 23.2734407, 0.0 ], [ 77.3861331, 23.2734514, 0.0 ], [ 77.3860974, 23.2734494, 0.0 ], [ 77.385893, 23.2733922, 0.0 ], [ 77.3854361, 23.2733062, 0.0 ], [ 77.3844236, 23.2730456, 0.0 ], [ 77.3838696, 23.273006, 0.0 ], [ 77.3837522, 23.2727314, 0.0 ], [ 77.3822623, 23.2726891, 0.0 ], [ 77.3822502, 23.2730743, 0.0 ], [ 77.3816446, 23.2730855, 0.0 ], [ 77.3816294, 23.2734582, 0.0 ] ] ] } },
{ "type": "Feature", "properties": { "objectid": 80, "townname": "Bhopal", "towncensuscode2011": 802312, "town_lgd_code": 250946, "ward_lgd_code": 32954, "ward_lgd_name": "Goswami Tulsidas Ward", "sourcewardcode": 27, "state": "Madhya Pradesh" }, "geometry": { "type": "Polygon", "coordinates": [ [ [ 77.3963896, 23.2203018, 0.0 ], [ 77.3942606, 23.2193226, 0.0 ], [ 77.3931367, 23.2191216, 0.0 ], [ 77.3927411, 23.2192032, 0.0 ], [ 77.3905355, 23.2198716, 0.0 ], [ 77.3904651, 23.2196233, 0.0 ], [ 77.3904222, 23.2193902, 0.0 ], [ 77.3903649, 23.2189356, 0.0 ], [ 77.3903251, 23.2186477, 0.0 ], [ 77.3903141, 23.2185118, 0.0 ], [ 77.3903082, 23.2183991, 0.0 ], [ 77.3903022, 23.2182858, 0.0 ], [ 77.389847, 23.2182883, 0.0 ], [ 77.3896019, 23.218172, 0.0 ], [ 77.3890564, 23.218183, 0.0 ], [ 77.389047, 23.217469, 0.0 ], [ 77.3889769, 23.2174801, 0.0 ], [ 77.3888281, 23.2175037, 0.0 ], [ 77.3873379, 23.217749, 0.0 ], [ 77.3860363, 23.2180264, 0.0 ], [ 77.385953, 23.2180531, 0.0 ], [ 77.3850468, 23.2196772, 0.0 ], [ 77.3849637, 23.2197766, 0.0 ], [ 77.3848177, 23.2199514, 0.0 ], [ 77.3845182, 23.2197071, 0.0 ], [ 77.384277, 23.2195104, 0.0 ], [ 77.3839455, 23.2192401, 0.0 ], [ 77.3840411, 23.2191854, 0.0 ], [ 77.3841006, 23.2191514, 0.0 ], [ 77.3841454, 23.2190975, 0.0 ], [ 77.3841954, 23.2190231, 0.0 ], [ 77.3842575, 23.2189058, 0.0 ], [ 77.384323, 23.2185858, 0.0 ], [ 77.3843366, 23.2183594, 0.0 ], [ 77.384354, 23.2180694, 0.0 ], [ 77.385044, 23.2166434, 0.0 ], [ 77.3851497, 23.2164244, 0.0 ], [ 77.3853573, 23.2162713, 0.0 ], [ 77.3854521, 23.2162127, 0.0 ], [ 77.3855292, 23.2161908, 0.0 ], [ 77.385647, 23.2161573, 0.0 ], [ 77.3859589, 23.2160686, 0.0 ], [ 77.3860761, 23.2160511, 0.0 ], [ 77.3861967, 23.2160432, 0.0 ], [ 77.3862657, 23.216048, 0.0 ], [ 77.3863415, 23.2160923, 0.0 ], [ 77.3863915, 23.2161288, 0.0 ], [ 77.386557, 23.2162191, 0.0 ], [ 77.3866001, 23.216227, 0.0 ], [ 77.3866945, 23.2162303, 0.0 ], [ 77.3867828, 23.2162333, 0.0 ], [ 77.3870776, 23.2162032, 0.0 ], [ 77.387765, 23.2159965, 0.0 ], [ 77.3881998, 23.2158658, 0.0 ], [ 77.3887031, 23.2157755, 0.0 ], [ 77.3888203, 23.2157612, 0.0 ], [ 77.3889481, 23.2157625, 0.0 ], [ 77.3891001, 23.2157641, 0.0 ], [ 77.3892255, 23.2157427, 0.0 ], [ 77.3892673, 23.2157246, 0.0 ], [ 77.389294, 23.2156937, 0.0 ], [ 77.3892948, 23.2156114, 0.0 ], [ 77.3892698, 23.2155487, 0.0 ], [ 77.3889603, 23.2151843, 0.0 ], [ 77.3888848, 23.2151197, 0.0 ], [ 77.388842, 23.2151122, 0.0 ], [ 77.3887992, 23.2151206, 0.0 ], [ 77.3887645, 23.2151431, 0.0 ], [ 77.3886816, 23.2152443, 0.0 ], [ 77.3886227, 23.2152856, 0.0 ], [ 77.3885249, 23.2153281, 0.0 ], [ 77.3883235, 23.2153463, 0.0 ], [ 77.3875524, 23.2154507, 0.0 ], [ 77.3863529, 23.2151694, 0.0 ], [ 77.3855914, 23.214657, 0.0 ], [ 77.3854675, 23.2147511, 0.0 ], [ 77.3851119, 23.2147882, 0.0 ], [ 77.384775, 23.2145026, 0.0 ], [ 77.3842088, 23.2140226, 0.0 ], [ 77.3842639, 23.2139712, 0.0 ], [ 77.3847628, 23.2135063, 0.0 ], [ 77.3849802, 23.2133102, 0.0 ], [ 77.3851202, 23.2131987, 0.0 ], [ 77.3853856, 23.2130368, 0.0 ], [ 77.3862246, 23.212587, 0.0 ], [ 77.3866928, 23.2123455, 0.0 ], [ 77.3869223, 23.2122128, 0.0 ], [ 77.3870415, 23.2121583, 0.0 ], [ 77.3870485, 23.212155, 0.0 ], [ 77.3871497, 23.2121178, 0.0 ], [ 77.3872987, 23.2120827, 0.0 ], [ 77.3876827, 23.2120238, 0.0 ], [ 77.388742, 23.2118929, 0.0 ], [ 77.3888006, 23.2118854, 0.0 ], [ 77.3891668, 23.2118635, 0.0 ], [ 77.3898588, 23.2118655, 0.0 ], [ 77.3900045, 23.211866, 0.0 ], [ 77.3907542, 23.2118748, 0.0 ], [ 77.3913291, 23.2118846, 0.0 ], [ 77.3915332, 23.2118895, 0.0 ], [ 77.3916092, 23.2118956, 0.0 ], [ 77.3916759, 23.2119103, 0.0 ], [ 77.3917359, 23.2119287, 0.0 ], [ 77.3918119, 23.2119606, 0.0 ], [ 77.3918746, 23.2119973, 0.0 ], [ 77.3919293, 23.2120304, 0.0 ], [ 77.3923855, 23.212381, 0.0 ], [ 77.3926509, 23.2125894, 0.0 ], [ 77.3928528, 23.212779, 0.0 ], [ 77.3929868, 23.2128975, 0.0 ], [ 77.3930386, 23.2129509, 0.0 ], [ 77.3932538, 23.2131729, 0.0 ], [ 77.3935268, 23.2134403, 0.0 ], [ 77.3935921, 23.2135122, 0.0 ], [ 77.3939593, 23.21389, 0.0 ], [ 77.3941634, 23.2140935, 0.0 ], [ 77.3943502, 23.214286, 0.0 ], [ 77.3945969, 23.2145287, 0.0 ], [ 77.3946929, 23.2146255, 0.0 ], [ 77.394885, 23.2148339, 0.0 ], [ 77.3950317, 23.2150092, 0.0 ], [ 77.3951985, 23.2152188, 0.0 ], [ 77.3954564, 23.2155665, 0.0 ], [ 77.3954775, 23.2155898, 0.0 ], [ 77.3955879, 23.215741, 0.0 ], [ 77.3969223, 23.2174158, 0.0 ], [ 77.3977166, 23.2179847, 0.0 ], [ 77.3963896, 23.2203018, 0.0 ] ] ] } },
{ "type": "Feature", "properties": { "objectid": 81, "townname": "Bhopal", "towncensuscode2011": 802312, "town_lgd_code": 250946, "ward_lgd_code": 32955, "ward_lgd_name": "Rani Awantibai Ward", "sourcewardcode": 28, "state": "Madhya Pradesh" }, "geometry": { "type": "Polygon", "coordinates": [ [ [ 77.3987098, 23.2244226, 0.0 ], [ 77.3984896, 23.2244594, 0.0 ], [ 77.3982349, 23.2245085, 0.0 ], [ 77.3925003, 23.2261497, 0.0 ], [ 77.3918439, 23.2239497, 0.0 ], [ 77.3914045, 23.2225833, 0.0 ], [ 77.3908977, 23.2210075, 0.0 ], [ 77.3905355, 23.2198716, 0.0 ], [ 77.3927411, 23.2192032, 0.0 ], [ 77.3931367, 23.2191216, 0.0 ], [ 77.3942606, 23.2193226, 0.0 ], [ 77.3963896, 23.2203018, 0.0 ], [ 77.3977166, 23.2179847, 0.0 ], [ 77.3969223, 23.2174158, 0.0 ], [ 77.3955879, 23.215741, 0.0 ], [ 77.3954775, 23.2155898, 0.0 ], [ 77.3970138, 23.2145507, 0.0 ], [ 77.3966917, 23.2140814, 0.0 ], [ 77.397106, 23.2137532, 0.0 ], [ 77.397101, 23.2135771, 0.0 ], [ 77.3983312, 23.213531, 0.0 ], [ 77.3986563, 23.2139409, 0.0 ], [ 77.398152, 23.2142895, 0.0 ], [ 77.3979603, 23.2146266, 0.0 ], [ 77.3975744, 23.2151844, 0.0 ], [ 77.3978415, 23.2155495, 0.0 ], [ 77.3976038, 23.2161361, 0.0 ], [ 77.398483, 23.2171566, 0.0 ], [ 77.3987144, 23.2174342, 0.0 ], [ 77.401201, 23.2186066, 0.0 ], [ 77.4012927, 23.218643, 0.0 ], [ 77.4013469, 23.2186794, 0.0 ], [ 77.4013823, 23.2187119, 0.0 ], [ 77.4014282, 23.2187617, 0.0 ], [ 77.4021657, 23.2195461, 0.0 ], [ 77.4029995, 23.2199511, 0.0 ], [ 77.4028187, 23.2203401, 0.0 ], [ 77.4039825, 23.220882, 0.0 ], [ 77.4046798, 23.2202407, 0.0 ], [ 77.4047495, 23.2201665, 0.0 ], [ 77.4049627, 23.2199396, 0.0 ], [ 77.4051107, 23.2197423, 0.0 ], [ 77.4051837, 23.2196523, 0.0 ], [ 77.4052774, 23.2195297, 0.0 ], [ 77.4053254, 23.2194537, 0.0 ], [ 77.4057995, 23.2196954, 0.0 ], [ 77.4056862, 23.2199773, 0.0 ], [ 77.4058797, 23.2200813, 0.0 ], [ 77.405738, 23.2203954, 0.0 ], [ 77.4057213, 23.2204721, 0.0 ], [ 77.4057255, 23.2205602, 0.0 ], [ 77.4061071, 23.2205032, 0.0 ], [ 77.4061415, 23.2207221, 0.0 ], [ 77.4060884, 23.2207306, 0.0 ], [ 77.4062433, 23.2213657, 0.0 ], [ 77.4054827, 23.2215111, 0.0 ], [ 77.4054034, 23.2215229, 0.0 ], [ 77.4052457, 23.2215378, 0.0 ], [ 77.4051699, 23.2215401, 0.0 ], [ 77.405152, 23.2215387, 0.0 ], [ 77.4051084, 23.221534, 0.0 ], [ 77.4049834, 23.22151, 0.0 ], [ 77.4049351, 23.221495, 0.0 ], [ 77.4048736, 23.2214724, 0.0 ], [ 77.4044724, 23.2213079, 0.0 ], [ 77.4040056, 23.2210794, 0.0 ], [ 77.4039781, 23.2210742, 0.0 ], [ 77.4039336, 23.2210794, 0.0 ], [ 77.4039128, 23.2210916, 0.0 ], [ 77.4038929, 23.2211064, 0.0 ], [ 77.4038739, 23.2211255, 0.0 ], [ 77.4038484, 23.2211577, 0.0 ], [ 77.4029732, 23.2230606, 0.0 ], [ 77.4023165, 23.2246048, 0.0 ], [ 77.3992609, 23.2244165, 0.0 ], [ 77.3988285, 23.2244143, 0.0 ], [ 77.3987098, 23.2244226, 0.0 ] ] ] } },
{ "type": "Feature", "properties": { "objectid": 82, "townname": "Bhopal", "towncensuscode2011": 802312, "town_lgd_code": 250946, "ward_lgd_code": 32959, "ward_lgd_name": "Jawahar Lal Nehru Ward", "sourcewardcode": 32, "state": "Madhya Pradesh" }, "geometry": { "type": "Polygon", "coordinates": [ [ [ 77.4011466, 23.2375388, 0.0 ], [ 77.4009417, 23.2380715, 0.0 ], [ 77.4008542, 23.2382402, 0.0 ], [ 77.400484, 23.2386801, 0.0 ], [ 77.3988804, 23.2402293, 0.0 ], [ 77.3987447, 23.2403604, 0.0 ], [ 77.3963409, 23.2381991, 0.0 ], [ 77.3958857, 23.2378445, 0.0 ], [ 77.3957535, 23.2377756, 0.0 ], [ 77.3952985, 23.2376659, 0.0 ], [ 77.3951902, 23.2376332, 0.0 ], [ 77.3950693, 23.2375757, 0.0 ], [ 77.3949108, 23.2374768, 0.0 ], [ 77.3947937, 23.2373614, 0.0 ], [ 77.3944929, 23.2370317, 0.0 ], [ 77.3944404, 23.2369613, 0.0 ], [ 77.3943408, 23.2367929, 0.0 ], [ 77.3941067, 23.2363297, 0.0 ], [ 77.3938575, 23.235789, 0.0 ], [ 77.3934472, 23.2348753, 0.0 ], [ 77.3932733, 23.2345343, 0.0 ], [ 77.393246, 23.234495, 0.0 ], [ 77.3931581, 23.2343641, 0.0 ], [ 77.3923333, 23.2336589, 0.0 ], [ 77.3941522, 23.2317648, 0.0 ], [ 77.3887915, 23.2274872, 0.0 ], [ 77.3880932, 23.2269965, 0.0 ], [ 77.3889575, 23.2260978, 0.0 ], [ 77.3893793, 23.2246442, 0.0 ], [ 77.3918439, 23.2239497, 0.0 ], [ 77.3925003, 23.2261497, 0.0 ], [ 77.3982349, 23.2245085, 0.0 ], [ 77.3984896, 23.2244594, 0.0 ], [ 77.3987098, 23.2244226, 0.0 ], [ 77.3988285, 23.2244143, 0.0 ], [ 77.3992609, 23.2244165, 0.0 ], [ 77.4023165, 23.2246048, 0.0 ], [ 77.4011466, 23.2375388, 0.0 ] ] ] } },
{ "type": "Feature", "properties": { "objectid": 83, "townname": "Bhopal", "towncensuscode2011": 802312, "town_lgd_code": 250946, "ward_lgd_code": 32956, "ward_lgd_name": "Maulana Abdul Kalam Azad Ward", "sourcewardcode": 29, "state": "Madhya Pradesh" }, "geometry": { "type": "Polygon", "coordinates": [ [ [ 77.4084679, 23.2209791, 0.0 ], [ 77.4080202, 23.2210532, 0.0 ], [ 77.4062608, 23.2213631, 0.0 ], [ 77.4062433, 23.2213657, 0.0 ], [ 77.4060884, 23.2207306, 0.0 ], [ 77.4061415, 23.2207221, 0.0 ], [ 77.4061071, 23.2205032, 0.0 ], [ 77.4057255, 23.2205602, 0.0 ], [ 77.4057213, 23.2204721, 0.0 ], [ 77.405738, 23.2203954, 0.0 ], [ 77.4058797, 23.2200813, 0.0 ], [ 77.4056862, 23.2199773, 0.0 ], [ 77.4057995, 23.2196954, 0.0 ], [ 77.4053254, 23.2194537, 0.0 ], [ 77.4052774, 23.2195297, 0.0 ], [ 77.4051837, 23.2196523, 0.0 ], [ 77.4051107, 23.2197423, 0.0 ], [ 77.4049627, 23.2199396, 0.0 ], [ 77.4047495, 23.2201665, 0.0 ], [ 77.4046798, 23.2202407, 0.0 ], [ 77.4039825, 23.220882, 0.0 ], [ 77.4028187, 23.2203401, 0.0 ], [ 77.4029995, 23.2199511, 0.0 ], [ 77.4021657, 23.2195461, 0.0 ], [ 77.4014282, 23.2187617, 0.0 ], [ 77.4013823, 23.2187119, 0.0 ], [ 77.4013469, 23.2186794, 0.0 ], [ 77.4012927, 23.218643, 0.0 ], [ 77.401201, 23.2186066, 0.0 ], [ 77.3987144, 23.2174342, 0.0 ], [ 77.398483, 23.2171566, 0.0 ], [ 77.3976038, 23.2161361, 0.0 ], [ 77.3978415, 23.2155495, 0.0 ], [ 77.3975744, 23.2151844, 0.0 ], [ 77.3979603, 23.2146266, 0.0 ], [ 77.398152, 23.2142895, 0.0 ], [ 77.3986563, 23.2139409, 0.0 ], [ 77.3983312, 23.213531, 0.0 ], [ 77.397101, 23.2135771, 0.0 ], [ 77.397106, 23.2137532, 0.0 ], [ 77.3966917, 23.2140814, 0.0 ], [ 77.3970138, 23.2145507, 0.0 ], [ 77.3954775, 23.2155898, 0.0 ], [ 77.3954564, 23.2155665, 0.0 ], [ 77.3951985, 23.2152188, 0.0 ], [ 77.3950317, 23.2150092, 0.0 ], [ 77.394885, 23.2148339, 0.0 ], [ 77.3946929, 23.2146255, 0.0 ], [ 77.3945969, 23.2145287, 0.0 ], [ 77.3943502, 23.214286, 0.0 ], [ 77.3941634, 23.2140935, 0.0 ], [ 77.3939593, 23.21389, 0.0 ], [ 77.3935921, 23.2135122, 0.0 ], [ 77.3935268, 23.2134403, 0.0 ], [ 77.3932538, 23.2131729, 0.0 ], [ 77.3930386, 23.2129509, 0.0 ], [ 77.3929868, 23.2128975, 0.0 ], [ 77.3928528, 23.212779, 0.0 ], [ 77.3926509, 23.2125894, 0.0 ], [ 77.3923855, 23.212381, 0.0 ], [ 77.3919293, 23.2120304, 0.0 ], [ 77.3918746, 23.2119973, 0.0 ], [ 77.3918119, 23.2119606, 0.0 ], [ 77.3917359, 23.2119287, 0.0 ], [ 77.3916759, 23.2119103, 0.0 ], [ 77.3916092, 23.2118956, 0.0 ], [ 77.3915332, 23.2118895, 0.0 ], [ 77.3913291, 23.2118846, 0.0 ], [ 77.3907542, 23.2118748, 0.0 ], [ 77.3900045, 23.211866, 0.0 ], [ 77.3898588, 23.2118655, 0.0 ], [ 77.3891668, 23.2118635, 0.0 ], [ 77.3888006, 23.2118854, 0.0 ], [ 77.388742, 23.2118929, 0.0 ], [ 77.3876827, 23.2120238, 0.0 ], [ 77.3872987, 23.2120827, 0.0 ], [ 77.3871497, 23.2121178, 0.0 ], [ 77.3870485, 23.212155, 0.0 ], [ 77.3870415, 23.2121583, 0.0 ], [ 77.3869223, 23.2122128, 0.0 ], [ 77.3864377, 23.2121173, 0.0 ], [ 77.382926, 23.2114258, 0.0 ], [ 77.3822442, 23.2112609, 0.0 ], [ 77.3818973, 23.2110795, 0.0 ], [ 77.3815983, 23.2106783, 0.0 ], [ 77.3812873, 23.2101396, 0.0 ], [ 77.3807521, 23.2088283, 0.0 ], [ 77.3805071, 23.2081281, 0.0 ], [ 77.3795528, 23.2083355, 0.0 ], [ 77.3792402, 23.2084216, 0.0 ], [ 77.3791342, 23.2084508, 0.0 ], [ 77.3786654, 23.2085646, 0.0 ], [ 77.3779881, 23.2087116, 0.0 ], [ 77.377941, 23.2086542, 0.0 ], [ 77.377924, 23.2086394, 0.0 ], [ 77.3778738, 23.2085951, 0.0 ], [ 77.3778537, 23.2085813, 0.0 ], [ 77.3778006, 23.208561, 0.0 ], [ 77.3777363, 23.2085463, 0.0 ], [ 77.3776781, 23.2085416, 0.0 ], [ 77.3776179, 23.2085315, 0.0 ], [ 77.3775697, 23.2085204, 0.0 ], [ 77.3775405, 23.208507, 0.0 ], [ 77.3774843, 23.2084667, 0.0 ], [ 77.376705, 23.207434, 0.0 ], [ 77.3765815, 23.2073362, 0.0 ], [ 77.3764556, 23.2072617, 0.0 ], [ 77.3762229, 23.2071841, 0.0 ], [ 77.3759368, 23.2071048, 0.0 ], [ 77.3735733, 23.2066268, 0.0 ], [ 77.3726549, 23.2064213, 0.0 ], [ 77.3719977, 23.2062728, 0.0 ], [ 77.3717068, 23.2061837, 0.0 ], [ 77.3708961, 23.2059262, 0.0 ], [ 77.3699722, 23.2056465, 0.0 ], [ 77.3693582, 23.2054598, 0.0 ], [ 77.3696726, 23.2046943, 0.0 ], [ 77.3701928, 23.2034279, 0.0 ], [ 77.3702196, 23.2033626, 0.0 ], [ 77.3715785, 23.2037865, 0.0 ], [ 77.3731967, 23.2030469, 0.0 ], [ 77.3772234, 23.2005874, 0.0 ], [ 77.3796702, 23.1982514, 0.0 ], [ 77.379301, 23.1974709, 0.0 ], [ 77.3785504, 23.195884, 0.0 ], [ 77.3775158, 23.1913308, 0.0 ], [ 77.3725631, 23.1888863, 0.0 ], [ 77.3723989, 23.1853263, 0.0 ], [ 77.3717594, 23.1834078, 0.0 ], [ 77.3714602, 23.1823269, 0.0 ], [ 77.3712266, 23.1777806, 0.0 ], [ 77.371433, 23.1764208, 0.0 ], [ 77.3720006, 23.1753457, 0.0 ], [ 77.3725854, 23.1746974, 0.0 ], [ 77.3734626, 23.1740649, 0.0 ], [ 77.3751997, 23.1731636, 0.0 ], [ 77.3760425, 23.1724995, 0.0 ], [ 77.3765467, 23.1719273, 0.0 ], [ 77.38043, 23.1686289, 0.0 ], [ 77.3811422, 23.1684436, 0.0 ], [ 77.3888035, 23.1688728, 0.0 ], [ 77.3913202, 23.1718177, 0.0 ], [ 77.3917655, 23.1741718, 0.0 ], [ 77.3938093, 23.1740014, 0.0 ], [ 77.3962588, 23.1733808, 0.0 ], [ 77.3966454, 23.1734719, 0.0 ], [ 77.3972494, 23.1737221, 0.0 ], [ 77.397902, 23.1740738, 0.0 ], [ 77.3981905, 23.1743176, 0.0 ], [ 77.3983416, 23.1745535, 0.0 ], [ 77.3985771, 23.1748626, 0.0 ], [ 77.398837, 23.1749233, 0.0 ], [ 77.399711, 23.1749969, 0.0 ], [ 77.40079, 23.1749426, 0.0 ], [ 77.4009198, 23.1751051, 0.0 ], [ 77.400171, 23.1771299, 0.0 ], [ 77.3995689, 23.1787105, 0.0 ], [ 77.3997989, 23.1797703, 0.0 ], [ 77.3993352, 23.1803434, 0.0 ], [ 77.3991936, 23.1806859, 0.0 ], [ 77.3991655, 23.1811691, 0.0 ], [ 77.3992431, 23.1815951, 0.0 ], [ 77.3992948, 23.1818399, 0.0 ], [ 77.4001187, 23.1835941, 0.0 ], [ 77.4002081, 23.184303, 0.0 ], [ 77.4001104, 23.1847793, 0.0 ], [ 77.3995044, 23.1853002, 0.0 ], [ 77.4031157, 23.1862839, 0.0 ], [ 77.4030019, 23.1876434, 0.0 ], [ 77.4030633, 23.1889027, 0.0 ], [ 77.4025127, 23.1892723, 0.0 ], [ 77.4021564, 23.191529, 0.0 ], [ 77.4020784, 23.1921611, 0.0 ], [ 77.4014109, 23.1927928, 0.0 ], [ 77.4012784, 23.193912, 0.0 ], [ 77.3995593, 23.196079, 0.0 ], [ 77.4006564, 23.1968418, 0.0 ], [ 77.4009621, 23.197147, 0.0 ], [ 77.4010182, 23.1974612, 0.0 ], [ 77.400696, 23.1980141, 0.0 ], [ 77.3994652, 23.1992436, 0.0 ], [ 77.3994035, 23.1993669, 0.0 ], [ 77.399391, 23.1995217, 0.0 ], [ 77.3994179, 23.1997159, 0.0 ], [ 77.3994896, 23.1999108, 0.0 ], [ 77.39999, 23.2004875, 0.0 ], [ 77.4002434, 23.2006631, 0.0 ], [ 77.4005268, 23.2007922, 0.0 ], [ 77.4009373, 23.2008233, 0.0 ], [ 77.4013862, 23.2007141, 0.0 ], [ 77.4018846, 23.2004413, 0.0 ], [ 77.4049275, 23.1973772, 0.0 ], [ 77.4059467, 23.1984796, 0.0 ], [ 77.4098867, 23.196346, 0.0 ], [ 77.4103443, 23.1970578, 0.0 ], [ 77.4109663, 23.1964494, 0.0 ], [ 77.4112467, 23.1963591, 0.0 ], [ 77.4114789, 23.1989371, 0.0 ], [ 77.4115943, 23.2001746, 0.0 ], [ 77.4108166, 23.2003764, 0.0 ], [ 77.4107085, 23.2004045, 0.0 ], [ 77.4108711, 23.2012684, 0.0 ], [ 77.4110274, 23.201822, 0.0 ], [ 77.4111128, 23.2020384, 0.0 ], [ 77.4114171, 23.2024981, 0.0 ], [ 77.4119063, 23.20313, 0.0 ], [ 77.411919, 23.2031465, 0.0 ], [ 77.412215, 23.2034944, 0.0 ], [ 77.4124267, 23.2038386, 0.0 ], [ 77.412723, 23.2043145, 0.0 ], [ 77.4128826, 23.2044851, 0.0 ], [ 77.4131406, 23.2048638, 0.0 ], [ 77.413349, 23.2050285, 0.0 ], [ 77.4132623, 23.2052272, 0.0 ], [ 77.4131661, 23.2054475, 0.0 ], [ 77.4131498, 23.205493, 0.0 ], [ 77.4131471, 23.2055035, 0.0 ], [ 77.413146, 23.2055126, 0.0 ], [ 77.413146, 23.2055251, 0.0 ], [ 77.4131487, 23.2055347, 0.0 ], [ 77.4131558, 23.2055432, 0.0 ], [ 77.41317, 23.2055507, 0.0 ], [ 77.4137067, 23.2057575, 0.0 ], [ 77.4138061, 23.2057957, 0.0 ], [ 77.4136755, 23.2059966, 0.0 ], [ 77.4135747, 23.206177, 0.0 ], [ 77.4135705, 23.2061867, 0.0 ], [ 77.4135702, 23.2061976, 0.0 ], [ 77.4135709, 23.2062031, 0.0 ], [ 77.413579, 23.2062221, 0.0 ], [ 77.4136004, 23.2062728, 0.0 ], [ 77.4136055, 23.2062892, 0.0 ], [ 77.413614, 23.2063034, 0.0 ], [ 77.413741, 23.206568, 0.0 ], [ 77.4138237, 23.2068512, 0.0 ], [ 77.4139838, 23.2069456, 0.0 ], [ 77.413829, 23.2071576, 0.0 ], [ 77.4135089, 23.2071307, 0.0 ], [ 77.4134196, 23.2074065, 0.0 ], [ 77.4134052, 23.2075078, 0.0 ], [ 77.4133529, 23.2078785, 0.0 ], [ 77.4133622, 23.2080525, 0.0 ], [ 77.4136381, 23.208756, 0.0 ], [ 77.4137781, 23.2089625, 0.0 ], [ 77.4139409, 23.209148, 0.0 ], [ 77.4140158, 23.2093007, 0.0 ], [ 77.4141265, 23.2096106, 0.0 ], [ 77.4142425, 23.2097516, 0.0 ], [ 77.4143421, 23.2098667, 0.0 ], [ 77.4143612, 23.2098889, 0.0 ], [ 77.4144186, 23.2100384, 0.0 ], [ 77.4144493, 23.210161, 0.0 ], [ 77.4144253, 23.2103375, 0.0 ], [ 77.4143512, 23.2105008, 0.0 ], [ 77.4141869, 23.210786, 0.0 ], [ 77.4139678, 23.2111662, 0.0 ], [ 77.4139464, 23.2112594, 0.0 ], [ 77.4139531, 23.2113427, 0.0 ], [ 77.4139971, 23.2114506, 0.0 ], [ 77.4140505, 23.2115193, 0.0 ], [ 77.4143239, 23.2118135, 0.0 ], [ 77.4144266, 23.2119238, 0.0 ], [ 77.414564, 23.2121261, 0.0 ], [ 77.4149494, 23.2122633, 0.0 ], [ 77.415535, 23.2124399, 0.0 ], [ 77.4160125, 23.2123761, 0.0 ], [ 77.4163002, 23.2123338, 0.0 ], [ 77.4164206, 23.2123161, 0.0 ], [ 77.4168888, 23.2122364, 0.0 ], [ 77.4170582, 23.212169, 0.0 ], [ 77.4171876, 23.2121285, 0.0 ], [ 77.4172916, 23.2121211, 0.0 ], [ 77.4176261, 23.2121396, 0.0 ], [ 77.4178056, 23.2122042, 0.0 ], [ 77.4178655, 23.2122385, 0.0 ], [ 77.4178837, 23.2122489, 0.0 ], [ 77.4181144, 23.2125021, 0.0 ], [ 77.4182202, 23.2126817, 0.0 ], [ 77.418373, 23.2130112, 0.0 ], [ 77.4183819, 23.2130433, 0.0 ], [ 77.4184055, 23.2131289, 0.0 ], [ 77.4182707, 23.2134779, 0.0 ], [ 77.4181938, 23.2136336, 0.0 ], [ 77.418149, 23.2137326, 0.0 ], [ 77.4180181, 23.213896, 0.0 ], [ 77.4178626, 23.2140955, 0.0 ], [ 77.4177753, 23.2141927, 0.0 ], [ 77.4176611, 23.2143457, 0.0 ], [ 77.4177157, 23.2145725, 0.0 ], [ 77.417726, 23.2146227, 0.0 ], [ 77.4177277, 23.2147113, 0.0 ], [ 77.4176842, 23.2147552, 0.0 ], [ 77.4174537, 23.2149263, 0.0 ], [ 77.4172241, 23.2150902, 0.0 ], [ 77.4170209, 23.2151318, 0.0 ], [ 77.4166991, 23.2151475, 0.0 ], [ 77.4166103, 23.2151132, 0.0 ], [ 77.416565, 23.2150957, 0.0 ], [ 77.4164971, 23.2151762, 0.0 ], [ 77.4162563, 23.2154617, 0.0 ], [ 77.4155873, 23.2157164, 0.0 ], [ 77.4152436, 23.2159069, 0.0 ], [ 77.4151906, 23.2158861, 0.0 ], [ 77.4148936, 23.2157696, 0.0 ], [ 77.414798, 23.2160845, 0.0 ], [ 77.4147854, 23.2161259, 0.0 ], [ 77.4147627, 23.21617, 0.0 ], [ 77.4147374, 23.2161958, 0.0 ], [ 77.4147094, 23.2162105, 0.0 ], [ 77.4146707, 23.2162301, 0.0 ], [ 77.414632, 23.2162472, 0.0 ], [ 77.4146187, 23.2162632, 0.0 ], [ 77.4146093, 23.2162938, 0.0 ], [ 77.4145933, 23.2164385, 0.0 ], [ 77.4133042, 23.216839, 0.0 ], [ 77.413091, 23.2169052, 0.0 ], [ 77.4128197, 23.2170054, 0.0 ], [ 77.412805, 23.2170912, 0.0 ], [ 77.4127155, 23.2176126, 0.0 ], [ 77.4118178, 23.2177282, 0.0 ], [ 77.4115182, 23.217809, 0.0 ], [ 77.4108018, 23.2182728, 0.0 ], [ 77.4105301, 23.2184541, 0.0 ], [ 77.4103959, 23.2189532, 0.0 ], [ 77.4100786, 23.2189271, 0.0 ], [ 77.4097686, 23.2189015, 0.0 ], [ 77.4096779, 23.2192701, 0.0 ], [ 77.40966, 23.2193179, 0.0 ], [ 77.4096463, 23.2193407, 0.0 ], [ 77.4096276, 23.2193556, 0.0 ], [ 77.4095439, 23.219394, 0.0 ], [ 77.4092127, 23.2195188, 0.0 ], [ 77.4091879, 23.2195196, 0.0 ], [ 77.4091709, 23.2195196, 0.0 ], [ 77.4091555, 23.2195164, 0.0 ], [ 77.4090983, 23.2194968, 0.0 ], [ 77.4090465, 23.2196328, 0.0 ], [ 77.4090359, 23.2196573, 0.0 ], [ 77.4089713, 23.2198535, 0.0 ], [ 77.4089413, 23.2198772, 0.0 ], [ 77.4088873, 23.2199197, 0.0 ], [ 77.4088834, 23.2200116, 0.0 ], [ 77.408878, 23.2201416, 0.0 ], [ 77.4084679, 23.2209791, 0.0 ] ] ] } },
{ "type": "Feature", "properties": { "objectid": 84, "townname": "Bhopal", "towncensuscode2011": 802312, "town_lgd_code": 250946, "ward_lgd_code": 881947, "ward_lgd_name": "Kanhakunj Ward", "sourcewardcode": 81, "state": "Madhya Pradesh" }, "geometry": { "type": "Polygon", "coordinates": [ [ [ 77.4108746, 23.1787242, 0.0 ], [ 77.4103157, 23.1789671, 0.0 ], [ 77.4102164, 23.1790289, 0.0 ], [ 77.4101411, 23.1791055, 0.0 ], [ 77.4101235, 23.1791364, 0.0 ], [ 77.4101123, 23.1791585, 0.0 ], [ 77.4100707, 23.1792468, 0.0 ], [ 77.4100547, 23.179319, 0.0 ], [ 77.4100531, 23.1794191, 0.0 ], [ 77.4100643, 23.1794544, 0.0 ], [ 77.4100787, 23.1794882, 0.0 ], [ 77.4100915, 23.1795192, 0.0 ], [ 77.4101139, 23.1795795, 0.0 ], [ 77.4101363, 23.1796193, 0.0 ], [ 77.4101988, 23.1796575, 0.0 ], [ 77.4102324, 23.1796752, 0.0 ], [ 77.410258, 23.179684, 0.0 ], [ 77.4103189, 23.1796973, 0.0 ], [ 77.4103974, 23.1797061, 0.0 ], [ 77.4104502, 23.1797091, 0.0 ], [ 77.4104967, 23.1797238, 0.0 ], [ 77.4105271, 23.17974, 0.0 ], [ 77.4105399, 23.1797518, 0.0 ], [ 77.4105527, 23.1797768, 0.0 ], [ 77.4105543, 23.1797959, 0.0 ], [ 77.4105543, 23.1798136, 0.0 ], [ 77.4105495, 23.1798327, 0.0 ], [ 77.4105431, 23.1798475, 0.0 ], [ 77.4105287, 23.1798681, 0.0 ], [ 77.4104918, 23.179896, 0.0 ], [ 77.4104182, 23.1799196, 0.0 ], [ 77.4103077, 23.1799314, 0.0 ], [ 77.4101588, 23.1799269, 0.0 ], [ 77.4100851, 23.1799181, 0.0 ], [ 77.4099995, 23.1798948, 0.0 ], [ 77.4099528, 23.1798739, 0.0 ], [ 77.4098203, 23.1798199, 0.0 ], [ 77.4094448, 23.179658, 0.0 ], [ 77.4091223, 23.1794784, 0.0 ], [ 77.409007, 23.1794157, 0.0 ], [ 77.4088728, 23.1793443, 0.0 ], [ 77.4078794, 23.1791603, 0.0 ], [ 77.4077687, 23.1791235, 0.0 ], [ 77.4076392, 23.1790629, 0.0 ], [ 77.4074533, 23.1789482, 0.0 ], [ 77.4072367, 23.1788422, 0.0 ], [ 77.4071284, 23.1788097, 0.0 ], [ 77.4069801, 23.1787968, 0.0 ], [ 77.4065776, 23.1787946, 0.0 ], [ 77.4063327, 23.1787816, 0.0 ], [ 77.4061091, 23.17876, 0.0 ], [ 77.405949, 23.178708, 0.0 ], [ 77.4058677, 23.1786888, 0.0 ], [ 77.4056612, 23.1787053, 0.0 ], [ 77.4047003, 23.1788952, 0.0 ], [ 77.4036137, 23.1790438, 0.0 ], [ 77.4020063, 23.1793575, 0.0 ], [ 77.4003988, 23.1795391, 0.0 ], [ 77.3997989, 23.1797703, 0.0 ], [ 77.3995689, 23.1787105, 0.0 ], [ 77.400171, 23.1771299, 0.0 ], [ 77.4009198, 23.1751051, 0.0 ], [ 77.40079, 23.1749426, 0.0 ], [ 77.399711, 23.1749969, 0.0 ], [ 77.398837, 23.1749233, 0.0 ], [ 77.3985771, 23.1748626, 0.0 ], [ 77.3983416, 23.1745535, 0.0 ], [ 77.3981905, 23.1743176, 0.0 ], [ 77.397902, 23.1740738, 0.0 ], [ 77.3972494, 23.1737221, 0.0 ], [ 77.3966454, 23.1734719, 0.0 ], [ 77.3962588, 23.1733808, 0.0 ], [ 77.3938093, 23.1740014, 0.0 ], [ 77.3917655, 23.1741718, 0.0 ], [ 77.3913202, 23.1718177, 0.0 ], [ 77.3888035, 23.1688728, 0.0 ], [ 77.3811422, 23.1684436, 0.0 ], [ 77.38043, 23.1686289, 0.0 ], [ 77.3785709, 23.1644825, 0.0 ], [ 77.374725, 23.1644686, 0.0 ], [ 77.3734261, 23.1642561, 0.0 ], [ 77.372574, 23.1638446, 0.0 ], [ 77.3714502, 23.1631226, 0.0 ], [ 77.3704999, 23.1621432, 0.0 ], [ 77.3687193, 23.1580523, 0.0 ], [ 77.3662183, 23.1405913, 0.0 ], [ 77.3663098, 23.1382352, 0.0 ], [ 77.3671271, 23.1356063, 0.0 ], [ 77.3687756, 23.1341639, 0.0 ], [ 77.3711746, 23.1329598, 0.0 ], [ 77.3787528, 23.1306923, 0.0 ], [ 77.3848633, 23.1305732, 0.0 ], [ 77.3859742, 23.1305515, 0.0 ], [ 77.38759, 23.13052, 0.0 ], [ 77.3945379, 23.1313396, 0.0 ], [ 77.39861, 23.13182, 0.0 ], [ 77.4016645, 23.1293406, 0.0 ], [ 77.40254, 23.12863, 0.0 ], [ 77.4045601, 23.126665, 0.0 ], [ 77.4056849, 23.1255707, 0.0 ], [ 77.4056574, 23.1273786, 0.0 ], [ 77.4056628, 23.1276067, 0.0 ], [ 77.4056811, 23.1278238, 0.0 ], [ 77.4057116, 23.1279743, 0.0 ], [ 77.4057469, 23.1281253, 0.0 ], [ 77.4090175, 23.1411856, 0.0 ], [ 77.4113303, 23.150335, 0.0 ], [ 77.4141697, 23.1611343, 0.0 ], [ 77.4141798, 23.1611737, 0.0 ], [ 77.4151608, 23.1650385, 0.0 ], [ 77.4157644, 23.1673864, 0.0 ], [ 77.4159484, 23.1681329, 0.0 ], [ 77.4159905, 23.1683094, 0.0 ], [ 77.4160958, 23.1689399, 0.0 ], [ 77.416156, 23.1691771, 0.0 ], [ 77.4167972, 23.1716399, 0.0 ], [ 77.4165644, 23.1719028, 0.0 ], [ 77.4165484, 23.1719232, 0.0 ], [ 77.4165297, 23.1719363, 0.0 ], [ 77.4165084, 23.1719478, 0.0 ], [ 77.4164577, 23.1719617, 0.0 ], [ 77.4164319, 23.1719649, 0.0 ], [ 77.4164132, 23.1719649, 0.0 ], [ 77.4163243, 23.1719551, 0.0 ], [ 77.4162492, 23.1719521, 0.0 ], [ 77.4161864, 23.1719621, 0.0 ], [ 77.4161119, 23.1719806, 0.0 ], [ 77.416076, 23.1719936, 0.0 ], [ 77.416004, 23.1720344, 0.0 ], [ 77.4159722, 23.1720582, 0.0 ], [ 77.4159086, 23.1721021, 0.0 ], [ 77.4158827, 23.172131, 0.0 ], [ 77.4158644, 23.1721815, 0.0 ], [ 77.4158552, 23.1722128, 0.0 ], [ 77.4158434, 23.1722368, 0.0 ], [ 77.4158081, 23.1722717, 0.0 ], [ 77.4157833, 23.1722873, 0.0 ], [ 77.4157049, 23.1722993, 0.0 ], [ 77.415663, 23.1723017, 0.0 ], [ 77.4156147, 23.1723125, 0.0 ], [ 77.4155937, 23.1723221, 0.0 ], [ 77.4155728, 23.1723378, 0.0 ], [ 77.4155663, 23.1723498, 0.0 ], [ 77.4155584, 23.172369, 0.0 ], [ 77.4155584, 23.1723931, 0.0 ], [ 77.4155597, 23.1724255, 0.0 ], [ 77.4155648, 23.1724737, 0.0 ], [ 77.415568, 23.1725059, 0.0 ], [ 77.4155744, 23.1725412, 0.0 ], [ 77.4155872, 23.1725822, 0.0 ], [ 77.4156063, 23.1726497, 0.0 ], [ 77.4156063, 23.1727172, 0.0 ], [ 77.4156063, 23.1727583, 0.0 ], [ 77.4155778, 23.1728743, 0.0 ], [ 77.4155168, 23.1730469, 0.0 ], [ 77.4153984, 23.1736036, 0.0 ], [ 77.4153465, 23.1737711, 0.0 ], [ 77.4153205, 23.1738175, 0.0 ], [ 77.4150762, 23.1742756, 0.0 ], [ 77.4149362, 23.1744552, 0.0 ], [ 77.4146912, 23.1747204, 0.0 ], [ 77.4142056, 23.1750864, 0.0 ], [ 77.4141514, 23.1751152, 0.0 ], [ 77.4141097, 23.1751401, 0.0 ], [ 77.4140638, 23.1751592, 0.0 ], [ 77.4139221, 23.1751631, 0.0 ], [ 77.4137362, 23.1751324, 0.0 ], [ 77.4136522, 23.1751042, 0.0 ], [ 77.4135935, 23.1750784, 0.0 ], [ 77.4135695, 23.1750637, 0.0 ], [ 77.4135454, 23.1750416, 0.0 ], [ 77.4135281, 23.175022, 0.0 ], [ 77.4134747, 23.1749533, 0.0 ], [ 77.4134481, 23.1749043, 0.0 ], [ 77.4134187, 23.174865, 0.0 ], [ 77.413384, 23.1748417, 0.0 ], [ 77.4133613, 23.1748295, 0.0 ], [ 77.4133347, 23.1748233, 0.0 ], [ 77.4133053, 23.1748258, 0.0 ], [ 77.4132786, 23.1748344, 0.0 ], [ 77.4132613, 23.174843, 0.0 ], [ 77.4132226, 23.1748798, 0.0 ], [ 77.4132106, 23.1748969, 0.0 ], [ 77.4132053, 23.174919, 0.0 ], [ 77.4132053, 23.1749386, 0.0 ], [ 77.4132093, 23.1749632, 0.0 ], [ 77.4132253, 23.1750036, 0.0 ], [ 77.4132346, 23.1750294, 0.0 ], [ 77.4132519, 23.1750662, 0.0 ], [ 77.4132653, 23.1750993, 0.0 ], [ 77.4132733, 23.1751336, 0.0 ], [ 77.413268, 23.1751827, 0.0 ], [ 77.4132439, 23.1752195, 0.0 ], [ 77.4131994, 23.175274, 0.0 ], [ 77.4131278, 23.1753426, 0.0 ], [ 77.4129692, 23.1754148, 0.0 ], [ 77.4128732, 23.1754368, 0.0 ], [ 77.4128267, 23.1754457, 0.0 ], [ 77.4127498, 23.1754633, 0.0 ], [ 77.4126137, 23.1754928, 0.0 ], [ 77.4124936, 23.1755252, 0.0 ], [ 77.4123847, 23.1755782, 0.0 ], [ 77.4121776, 23.1757084, 0.0 ], [ 77.4121451, 23.1757521, 0.0 ], [ 77.4121276, 23.175782, 0.0 ], [ 77.4121126, 23.1758326, 0.0 ], [ 77.4121026, 23.1758648, 0.0 ], [ 77.4120951, 23.1759108, 0.0 ], [ 77.4120851, 23.1759522, 0.0 ], [ 77.4120725, 23.1759982, 0.0 ], [ 77.4120625, 23.1760327, 0.0 ], [ 77.4120475, 23.1760534, 0.0 ], [ 77.4120025, 23.1760879, 0.0 ], [ 77.4119499, 23.176104, 0.0 ], [ 77.4118899, 23.1761247, 0.0 ], [ 77.4118323, 23.17615, 0.0 ], [ 77.4118048, 23.1761707, 0.0 ], [ 77.4116606, 23.1763412, 0.0 ], [ 77.4115551, 23.1764239, 0.0 ], [ 77.411473, 23.176467, 0.0 ], [ 77.4112775, 23.1765281, 0.0 ], [ 77.4110624, 23.1765713, 0.0 ], [ 77.4106558, 23.1766288, 0.0 ], [ 77.4101283, 23.1767182, 0.0 ], [ 77.409813, 23.176801, 0.0 ], [ 77.4099807, 23.1771437, 0.0 ], [ 77.4101634, 23.1774221, 0.0 ], [ 77.4103669, 23.1778012, 0.0 ], [ 77.4108746, 23.1787242, 0.0 ] ] ] } },
{ "type": "Feature", "properties": { "objectid": 85, "townname": "Bhopal", "towncensuscode2011": 802312, "town_lgd_code": 250946, "ward_lgd_code": 881946, "ward_lgd_name": "Sarvadharm Kolar Ward", "sourcewardcode": 80, "state": "Madhya Pradesh" }, "geometry": { "type": "Polygon", "coordinates": [ [ [ 77.4018846, 23.2004413, 0.0 ], [ 77.4013862, 23.2007141, 0.0 ], [ 77.4009373, 23.2008233, 0.0 ], [ 77.4005268, 23.2007922, 0.0 ], [ 77.4002434, 23.2006631, 0.0 ], [ 77.39999, 23.2004875, 0.0 ], [ 77.3994896, 23.1999108, 0.0 ], [ 77.3994179, 23.1997159, 0.0 ], [ 77.399391, 23.1995217, 0.0 ], [ 77.3994035, 23.1993669, 0.0 ], [ 77.3994652, 23.1992436, 0.0 ], [ 77.400696, 23.1980141, 0.0 ], [ 77.4010182, 23.1974612, 0.0 ], [ 77.4009621, 23.197147, 0.0 ], [ 77.4006564, 23.1968418, 0.0 ], [ 77.3995593, 23.196079, 0.0 ], [ 77.4012784, 23.193912, 0.0 ], [ 77.4014109, 23.1927928, 0.0 ], [ 77.4020784, 23.1921611, 0.0 ], [ 77.4021564, 23.191529, 0.0 ], [ 77.4025127, 23.1892723, 0.0 ], [ 77.4030633, 23.1889027, 0.0 ], [ 77.4030019, 23.1876434, 0.0 ], [ 77.4031157, 23.1862839, 0.0 ], [ 77.3995044, 23.1853002, 0.0 ], [ 77.4001104, 23.1847793, 0.0 ], [ 77.4002081, 23.184303, 0.0 ], [ 77.4001187, 23.1835941, 0.0 ], [ 77.3992948, 23.1818399, 0.0 ], [ 77.3992431, 23.1815951, 0.0 ], [ 77.3991655, 23.1811691, 0.0 ], [ 77.3991936, 23.1806859, 0.0 ], [ 77.3993352, 23.1803434, 0.0 ], [ 77.3997989, 23.1797703, 0.0 ], [ 77.4003988, 23.1795391, 0.0 ], [ 77.4020063, 23.1793575, 0.0 ], [ 77.4036137, 23.1790438, 0.0 ], [ 77.4047003, 23.1788952, 0.0 ], [ 77.4056612, 23.1787053, 0.0 ], [ 77.4058677, 23.1786888, 0.0 ], [ 77.405949, 23.178708, 0.0 ], [ 77.4061091, 23.17876, 0.0 ], [ 77.4063327, 23.1787816, 0.0 ], [ 77.4065776, 23.1787946, 0.0 ], [ 77.4069801, 23.1787968, 0.0 ], [ 77.4071284, 23.1788097, 0.0 ], [ 77.4072367, 23.1788422, 0.0 ], [ 77.4074533, 23.1789482, 0.0 ], [ 77.4076392, 23.1790629, 0.0 ], [ 77.4077687, 23.1791235, 0.0 ], [ 77.4078794, 23.1791603, 0.0 ], [ 77.4088728, 23.1793443, 0.0 ], [ 77.409007, 23.1794157, 0.0 ], [ 77.4091223, 23.1794784, 0.0 ], [ 77.4094448, 23.179658, 0.0 ], [ 77.4098203, 23.1798199, 0.0 ], [ 77.4099528, 23.1798739, 0.0 ], [ 77.4099995, 23.1798948, 0.0 ], [ 77.4100851, 23.1799181, 0.0 ], [ 77.4101588, 23.1799269, 0.0 ], [ 77.4103077, 23.1799314, 0.0 ], [ 77.4104182, 23.1799196, 0.0 ], [ 77.4104918, 23.179896, 0.0 ], [ 77.4105287, 23.1798681, 0.0 ], [ 77.4105431, 23.1798475, 0.0 ], [ 77.4105495, 23.1798327, 0.0 ], [ 77.4105543, 23.1798136, 0.0 ], [ 77.4105543, 23.1797959, 0.0 ], [ 77.4105527, 23.1797768, 0.0 ], [ 77.4105399, 23.1797518, 0.0 ], [ 77.4105271, 23.17974, 0.0 ], [ 77.4104967, 23.1797238, 0.0 ], [ 77.4104502, 23.1797091, 0.0 ], [ 77.4103974, 23.1797061, 0.0 ], [ 77.4103189, 23.1796973, 0.0 ], [ 77.410258, 23.179684, 0.0 ], [ 77.4102324, 23.1796752, 0.0 ], [ 77.4101988, 23.1796575, 0.0 ], [ 77.4101363, 23.1796193, 0.0 ], [ 77.4101139, 23.1795795, 0.0 ], [ 77.4100915, 23.1795192, 0.0 ], [ 77.4100787, 23.1794882, 0.0 ], [ 77.4100643, 23.1794544, 0.0 ], [ 77.4100531, 23.1794191, 0.0 ], [ 77.4100547, 23.179319, 0.0 ], [ 77.4100707, 23.1792468, 0.0 ], [ 77.4101123, 23.1791585, 0.0 ], [ 77.4101235, 23.1791364, 0.0 ], [ 77.4101411, 23.1791055, 0.0 ], [ 77.4102164, 23.1790289, 0.0 ], [ 77.4103157, 23.1789671, 0.0 ], [ 77.4108746, 23.1787242, 0.0 ], [ 77.4103669, 23.1778012, 0.0 ], [ 77.4101634, 23.1774221, 0.0 ], [ 77.4099807, 23.1771437, 0.0 ], [ 77.409813, 23.176801, 0.0 ], [ 77.4101283, 23.1767182, 0.0 ], [ 77.4106558, 23.1766288, 0.0 ], [ 77.4110624, 23.1765713, 0.0 ], [ 77.4112775, 23.1765281, 0.0 ], [ 77.411473, 23.176467, 0.0 ], [ 77.4115551, 23.1764239, 0.0 ], [ 77.4116606, 23.1763412, 0.0 ], [ 77.4118048, 23.1761707, 0.0 ], [ 77.4118323, 23.17615, 0.0 ], [ 77.4118899, 23.1761247, 0.0 ], [ 77.4119499, 23.176104, 0.0 ], [ 77.4120025, 23.1760879, 0.0 ], [ 77.4120475, 23.1760534, 0.0 ], [ 77.4120625, 23.1760327, 0.0 ], [ 77.4120725, 23.1759982, 0.0 ], [ 77.4120851, 23.1759522, 0.0 ], [ 77.4120951, 23.1759108, 0.0 ], [ 77.4121026, 23.1758648, 0.0 ], [ 77.4121126, 23.1758326, 0.0 ], [ 77.4121276, 23.175782, 0.0 ], [ 77.4121451, 23.1757521, 0.0 ], [ 77.4121776, 23.1757084, 0.0 ], [ 77.4123847, 23.1755782, 0.0 ], [ 77.4124936, 23.1755252, 0.0 ], [ 77.4126137, 23.1754928, 0.0 ], [ 77.4127498, 23.1754633, 0.0 ], [ 77.4128267, 23.1754457, 0.0 ], [ 77.4128732, 23.1754368, 0.0 ], [ 77.4129692, 23.1754148, 0.0 ], [ 77.4131278, 23.1753426, 0.0 ], [ 77.4131994, 23.175274, 0.0 ], [ 77.4132439, 23.1752195, 0.0 ], [ 77.413268, 23.1751827, 0.0 ], [ 77.4132733, 23.1751336, 0.0 ], [ 77.4132653, 23.1750993, 0.0 ], [ 77.4132519, 23.1750662, 0.0 ], [ 77.4132346, 23.1750294, 0.0 ], [ 77.4132253, 23.1750036, 0.0 ], [ 77.4132093, 23.1749632, 0.0 ], [ 77.4132053, 23.1749386, 0.0 ], [ 77.4132053, 23.174919, 0.0 ], [ 77.4132106, 23.1748969, 0.0 ], [ 77.4132226, 23.1748798, 0.0 ], [ 77.4132613, 23.174843, 0.0 ], [ 77.4132786, 23.1748344, 0.0 ], [ 77.4133053, 23.1748258, 0.0 ], [ 77.4133347, 23.1748233, 0.0 ], [ 77.4133613, 23.1748295, 0.0 ], [ 77.413384, 23.1748417, 0.0 ], [ 77.4134187, 23.174865, 0.0 ], [ 77.4134481, 23.1749043, 0.0 ], [ 77.4134747, 23.1749533, 0.0 ], [ 77.4135281, 23.175022, 0.0 ], [ 77.4135454, 23.1750416, 0.0 ], [ 77.4135695, 23.1750637, 0.0 ], [ 77.4135935, 23.1750784, 0.0 ], [ 77.4136522, 23.1751042, 0.0 ], [ 77.4137362, 23.1751324, 0.0 ], [ 77.4139221, 23.1751631, 0.0 ], [ 77.4140638, 23.1751592, 0.0 ], [ 77.4141097, 23.1751401, 0.0 ], [ 77.4141514, 23.1751152, 0.0 ], [ 77.4142056, 23.1750864, 0.0 ], [ 77.4146912, 23.1747204, 0.0 ], [ 77.4149362, 23.1744552, 0.0 ], [ 77.4150762, 23.1742756, 0.0 ], [ 77.4153205, 23.1738175, 0.0 ], [ 77.4153465, 23.1737711, 0.0 ], [ 77.4153984, 23.1736036, 0.0 ], [ 77.4155168, 23.1730469, 0.0 ], [ 77.4155778, 23.1728743, 0.0 ], [ 77.4156063, 23.1727583, 0.0 ], [ 77.4156063, 23.1727172, 0.0 ], [ 77.4156063, 23.1726497, 0.0 ], [ 77.4155872, 23.1725822, 0.0 ], [ 77.4155744, 23.1725412, 0.0 ], [ 77.415568, 23.1725059, 0.0 ], [ 77.4155648, 23.1724737, 0.0 ], [ 77.4155597, 23.1724255, 0.0 ], [ 77.4155584, 23.1723931, 0.0 ], [ 77.4155584, 23.172369, 0.0 ], [ 77.4155663, 23.1723498, 0.0 ], [ 77.4155728, 23.1723378, 0.0 ], [ 77.4155937, 23.1723221, 0.0 ], [ 77.4156147, 23.1723125, 0.0 ], [ 77.415663, 23.1723017, 0.0 ], [ 77.4157049, 23.1722993, 0.0 ], [ 77.4157833, 23.1722873, 0.0 ], [ 77.4158081, 23.1722717, 0.0 ], [ 77.4158434, 23.1722368, 0.0 ], [ 77.4158552, 23.1722128, 0.0 ], [ 77.4158644, 23.1721815, 0.0 ], [ 77.4158827, 23.172131, 0.0 ], [ 77.4159086, 23.1721021, 0.0 ], [ 77.4159722, 23.1720582, 0.0 ], [ 77.416004, 23.1720344, 0.0 ], [ 77.416076, 23.1719936, 0.0 ], [ 77.4161119, 23.1719806, 0.0 ], [ 77.4161864, 23.1719621, 0.0 ], [ 77.4162492, 23.1719521, 0.0 ], [ 77.4163243, 23.1719551, 0.0 ], [ 77.4164132, 23.1719649, 0.0 ], [ 77.4164319, 23.1719649, 0.0 ], [ 77.4164577, 23.1719617, 0.0 ], [ 77.4165084, 23.1719478, 0.0 ], [ 77.4165297, 23.1719363, 0.0 ], [ 77.4165484, 23.1719232, 0.0 ], [ 77.4165644, 23.1719028, 0.0 ], [ 77.4167972, 23.1716399, 0.0 ], [ 77.4168589, 23.1719012, 0.0 ], [ 77.4169079, 23.1721091, 0.0 ], [ 77.4170439, 23.1727573, 0.0 ], [ 77.4171496, 23.1731958, 0.0 ], [ 77.4172609, 23.1736574, 0.0 ], [ 77.4174045, 23.1743409, 0.0 ], [ 77.4175008, 23.1748458, 0.0 ], [ 77.4175238, 23.1749965, 0.0 ], [ 77.4175357, 23.1751325, 0.0 ], [ 77.4175393, 23.1752682, 0.0 ], [ 77.4175483, 23.1756073, 0.0 ], [ 77.4175664, 23.1760922, 0.0 ], [ 77.4175759, 23.1763889, 0.0 ], [ 77.4175989, 23.176914, 0.0 ], [ 77.4175924, 23.1775865, 0.0 ], [ 77.4175847, 23.1780977, 0.0 ], [ 77.4175673, 23.1786811, 0.0 ], [ 77.4175485, 23.1791418, 0.0 ], [ 77.4175084, 23.1804607, 0.0 ], [ 77.417447, 23.1827411, 0.0 ], [ 77.4173765, 23.1842949, 0.0 ], [ 77.4173394, 23.1857703, 0.0 ], [ 77.4172513, 23.1877074, 0.0 ], [ 77.4172443, 23.1879051, 0.0 ], [ 77.4172319, 23.1881443, 0.0 ], [ 77.4172161, 23.1886271, 0.0 ], [ 77.4172105, 23.1887066, 0.0 ], [ 77.4172002, 23.1887586, 0.0 ], [ 77.4171463, 23.1890312, 0.0 ], [ 77.4171213, 23.1891408, 0.0 ], [ 77.4171093, 23.18921, 0.0 ], [ 77.4171017, 23.1893082, 0.0 ], [ 77.4171039, 23.1893453, 0.0 ], [ 77.4171096, 23.1893914, 0.0 ], [ 77.4171193, 23.1894699, 0.0 ], [ 77.4171433, 23.1896106, 0.0 ], [ 77.4171478, 23.1896295, 0.0 ], [ 77.4169523, 23.1897133, 0.0 ], [ 77.4167422, 23.1897908, 0.0 ], [ 77.415511, 23.1903203, 0.0 ], [ 77.4154096, 23.190351, 0.0 ], [ 77.4153803, 23.1903583, 0.0 ], [ 77.4152802, 23.1903718, 0.0 ], [ 77.4151855, 23.1903706, 0.0 ], [ 77.4150493, 23.1903612, 0.0 ], [ 77.414652, 23.1903338, 0.0 ], [ 77.414608, 23.1903363, 0.0 ], [ 77.4145573, 23.1903473, 0.0 ], [ 77.4145266, 23.1903657, 0.0 ], [ 77.4145039, 23.1903865, 0.0 ], [ 77.4144879, 23.1904061, 0.0 ], [ 77.4144733, 23.1904307, 0.0 ], [ 77.4144576, 23.1904598, 0.0 ], [ 77.4143266, 23.1907034, 0.0 ], [ 77.4141274, 23.1911246, 0.0 ], [ 77.4140799, 23.1912508, 0.0 ], [ 77.4140584, 23.1913495, 0.0 ], [ 77.4140532, 23.1913829, 0.0 ], [ 77.4140454, 23.1914819, 0.0 ], [ 77.4140475, 23.1915118, 0.0 ], [ 77.4140696, 23.1915896, 0.0 ], [ 77.4140827, 23.1916195, 0.0 ], [ 77.4141501, 23.1917576, 0.0 ], [ 77.4141808, 23.1918081, 0.0 ], [ 77.4142718, 23.1919129, 0.0 ], [ 77.4143001, 23.1919414, 0.0 ], [ 77.4143248, 23.1919751, 0.0 ], [ 77.4143342, 23.1919879, 0.0 ], [ 77.4143394, 23.1919972, 0.0 ], [ 77.4143422, 23.1920056, 0.0 ], [ 77.414344, 23.1920172, 0.0 ], [ 77.4143457, 23.1920275, 0.0 ], [ 77.4143225, 23.1926485, 0.0 ], [ 77.4143212, 23.1926927, 0.0 ], [ 77.4143359, 23.1927368, 0.0 ], [ 77.4143506, 23.1927589, 0.0 ], [ 77.4143746, 23.1927834, 0.0 ], [ 77.4144132, 23.1928104, 0.0 ], [ 77.414516, 23.192868, 0.0 ], [ 77.4145533, 23.1928827, 0.0 ], [ 77.4145933, 23.192895, 0.0 ], [ 77.4146253, 23.192906, 0.0 ], [ 77.4147214, 23.1929428, 0.0 ], [ 77.4147574, 23.1929685, 0.0 ], [ 77.414788, 23.1929918, 0.0 ], [ 77.4150362, 23.1932208, 0.0 ], [ 77.4150516, 23.1932412, 0.0 ], [ 77.4150644, 23.1932624, 0.0 ], [ 77.4150729, 23.1932797, 0.0 ], [ 77.4150739, 23.1933013, 0.0 ], [ 77.415078, 23.1933956, 0.0 ], [ 77.4150724, 23.1935301, 0.0 ], [ 77.4150575, 23.1936249, 0.0 ], [ 77.4150541, 23.1936367, 0.0 ], [ 77.4150473, 23.1936539, 0.0 ], [ 77.4150405, 23.1936649, 0.0 ], [ 77.4150285, 23.193679, 0.0 ], [ 77.4150089, 23.1936994, 0.0 ], [ 77.4149004, 23.1937953, 0.0 ], [ 77.4141389, 23.1943102, 0.0 ], [ 77.4120385, 23.1955089, 0.0 ], [ 77.4115417, 23.1956712, 0.0 ], [ 77.4111531, 23.1955451, 0.0 ], [ 77.4109318, 23.1954347, 0.0 ], [ 77.4107868, 23.1952456, 0.0 ], [ 77.4105838, 23.1951411, 0.0 ], [ 77.4104272, 23.195116, 0.0 ], [ 77.4102082, 23.1952551, 0.0 ], [ 77.4100432, 23.1952414, 0.0 ], [ 77.409733, 23.1956756, 0.0 ], [ 77.4097115, 23.1956803, 0.0 ], [ 77.4095379, 23.1957439, 0.0 ], [ 77.4098867, 23.196346, 0.0 ], [ 77.4059467, 23.1984796, 0.0 ], [ 77.4049275, 23.1973772, 0.0 ], [ 77.4018846, 23.2004413, 0.0 ] ] ] } }
]
}
